start,end,today,sectionA/source_type,sectionA/inspection_date,sectionA/inspecting_agency,sectionA/new_inspectig_agency,sectionA/inspected_by,sectionA/district_regions,sectionA/district,sectionA/settlement_name,sectionA/settlement_distance,sectionA/establishing_agency,sectionA/new_establishing_agency,sectionA/establishing_date,sectionA/source_name,sectionA/source_gpspoint,sectionA/_source_gpspoint_latitude,sectionA/_source_gpspoint_longitude,sectionA/_source_gpspoint_altitude,sectionA/_source_gpspoint_precision,sectionA/gps_unit,sectionA/source_north,sectionA/source_east,sectionA/sources_cluster,sectionA/water_use_type,sectionA/water_use_type/rural,sectionA/water_use_type/urban,sectionA/water_source_photo,sectionB/permanent,sectionB/months_used,sectionB/functioning,sectionB/reason_for_non_functioning,sectionB/use_human,sectionB/use_camel,sectionB/use_cattle,sectionB/use_shoats,sectionB/use_agricultural,sectionC/bh_depth,sectionC/casing_type,sectionC/casing_size,sectionC/bh_static_level,sectionC/bh_yield,sectionC/bh_operating_hours,sectionC/bh_draw_down,sectionC/bh_recovery_time,sectionC/dw_depth,sectionC/dw_static_level,sectionC/dw_well_protection,sectionC/dw_yield,sectionC/dw_operating_hours,sectionC/dw_draw_down,sectionC/recovery_time,sectionC/dam_depth,sectionC/dam_length,sectionC/dam_width,sectionC/berkad_depth,sectionC/berkad_length,sectionC/berkad_width,sectionC/spring_protected,sectionC/cumulative_discharge_rate,sectionC/other_depth,sectionC/other_length,sectionC/other_width,sectionC/other_source_yield,sectionC/source_protected,sectionD/reservoir_type,sectionD/reservoir_capacity,sectionD/pipeline_type,sectionD/pipeline_length,sectionD/household_connections,sectionD/water_points_kiosks,sectionD/animal_troughs,sectionD/water_trucking,sectionD/number_of_trucks,sectionD/capacity_of_trucks,sectionD/pump_type,sectionD/pump_model,sectionD/pump_capacity,sectionD/pump_level,sectionD/source_of_power,sectionD/generator_type,sectionD/generator_capacity,sectionD/solar_type,sectionD/solar_capacity,sectionD/supply_system_condition,sectionD/supply_condition_description,sectionE/physical_wq_issues,sectionE/color_odor_smell_description,sectionE/temperature,sectionE/pH,sectionE/ec25,sectionE/tds,sectionE/water_sample_for_additional_analysis,sectionF/management_type,sectionF/WSC,sectionF/WSC_establishment_date,sectionF/WSC_male_members,sectionF/WSC_female_members,sectionF/users_charged_for_water,sectionF/water_cost_human,sectionF/animals_charged_for_water,sectionF/water_cost_camel,sectionF/water_cost_cattle,sectionF/water_cost_sheep_goats,sectionF/operator_name,sectionF/operator_contact,sectionG/intervention_agency,sectionG/new_intervening_agency,sectionG/intervention_description,sectionG/intervention_date,sectionG/currently_required_intervention,Currently Intervention_description Comments,Distance to the Settlement,GPS Coordinates,Water Usage Type,BH Depth,Casing Size,BH depth/SWL,Permanent/moths used,Kiosks,"BH yield, Operating Hrs, and number of water trucks filled",BH dept vs Pump Level,Reservoir capacity,User/Human,User/Agricultural,EC,Water_cost_camel,Water_cost_sheep_goats
2022-02-19T12:23:18.265+03:00,2022-02-20T20:06:41.201+03:00,2022-02-19,borehole,2022-02-19,"Puntland Ministry of Energy, Minerals and Water",,Eng Yusuf Salad,bari,Qardho,Dangorayo,1,Tadamun Social Society,,2007-01-18,Dangorayo borehole,8.7252347 49.3311253 584.6999999999999 4.48,8.7252347,49.3311253,584.7,4.48,no,,,1,rural urban,TRUE,TRUE,http://classic.ona.io/api/v1/files/24845431?filename=faoso/attachments/553460_Water_Sources_Data_Form_Oct_2020/1645263992077.jpg,yes,,no,"12/2/2022 the day stopped functioning.
Main raising pipes requires changing.",9600,2000,0,5000,1,412,pvc,8,210,12,9,,,,,,,,,,,,,,,,,,,,,,,Concrete/Masonry tank,100,Galvanised Steel,1000,1600,0,2,yes,5,9,Submersible Pump,Lawara,,250,Hybrid - Solar/Generator,Perkins,60,300-72M,27,good,"Pump conditionis is good, 
Condition of the pipelines are good. elevated water tank is intact.",no,,,,,,,Communal,yes,2022-01-01,10,0,yes,0,yes,0.2,,0.25,Siciid Mire Geele,906791747,Norwegian Refugee Council,,Replacement of main raising pipe.,2021-05-28,Replacement of the main raising pipes.,,,,,,,,,,,,,,,Why was water quality not checked?,,
2022-02-19T11:39:01.342+03:00,2022-02-20T08:21:48.397+03:00,2022-02-19,borehole,2022-02-19,"Puntland Ministry of Energy, Minerals and Water",,"Khadra
",nugaal,Garowe,Awr-culus,0.8,CARE Somalia,,2016-02-19,Awr-culus BH,8.0534817 48.6095122 675.606689453125 4.744,8.0534817,48.6095122,675.6066895,4.744,no,,,0,urban rural,TRUE,TRUE,http://classic.ona.io/api/v1/files/24836623?filename=faoso/attachments/553460_Water_Sources_Data_Form_Oct_2020/1645260275862.jpg,yes,,yes,,10000,15000,1500,8000,0,260,pvc,8,150,8,15,,2,,,,,,,,,,,,,,,,,,,,,Concrete/Masonry tank,25,Galvanised Steel,160,500,5,3,yes,6,36,Submersible Pump,Lowara,5.5,180,Hybrid - Solar/Generator,CEOlMO,30,,14.4,fair,Needs rehabilitation supplies ,no,,30.3,7.15,4720,2350,No,Communal,no,,,,yes,0.3,yes,10,0.2,0.2,Faizal Yusuf Cilmi,907740075,"Puntland Ministry of Energy, Minerals and Water",,"Pump repaired.
Generator repaired provide by PWDA",2017-02-19,"Rehabilitation kiosks. 
Rehabilitation for animal thoughts.",,,,,,,,,,,,,,,,"Check cost, seems too high",
2022-02-19T14:02:06.511+03:00,2022-02-20T08:32:26.522+03:00,2022-02-19,borehole,2022-02-19,"Puntland Ministry of Energy, Minerals and Water",,Khadra,nugaal,Garowe,Yoombays,1.3,ISRC - Islamic Relief Committee,,2019-08-19,Yoombays BH,8.0214834 49.0024209 511.4766845703125 4.288,8.0214834,49.0024209,511.4766846,4.288,no,,,0,rural urban,TRUE,TRUE,http://classic.ona.io/api/v1/files/24836641?filename=faoso/attachments/553460_Water_Sources_Data_Form_Oct_2020/1645268630020.jpg,yes,,yes,,15000,50000,5000,35000,0,320,pvc,8,,12,20,,2,,,,,,,,,,,,,,,,,,,,,Concrete/Masonry tank,50,Galvanised Steel,250,1500,3,2,yes,15,90,Submersible Pump,"Lowara
",16,290,Hybrid - Solar/Generator,Parkins,50,,12,good,It is very good,yes,"Colorless, odorless",34.8,6.77,3950,1936,Yes,Communal,yes,2020-08-15,3,2,yes,0.3,yes,0.1,0.15,0.2,Abshir Ali salaad,907672426,not_specified,,This is new borehole with good water supply ,,"Fuel
Construction of new elevated tank
Training for water committees. ",,,,,,,,,,,,,,,,,
2022-02-19T16:28:19.027+03:00,2022-02-21T06:29:57.006+03:00,2022-02-19,borehole,2022-02-19,"Puntland Ministry of Energy, Minerals and Water",,Khadra,nugaal,Eyl,Xasbahalle,0.3,International Committee of The Red Cross,,2007-02-19,Xasbahalle BH 2,7.9616741 49.1638283 512.0905151367188 4.288,7.9616741,49.1638283,512.0905151,4.288,no,,,1,rural urban,TRUE,TRUE,http://classic.ona.io/api/v1/files/24846796?filename=faoso/attachments/553460_Water_Sources_Data_Form_Oct_2020/1645277580954.jpg,yes,,yes,,1500,10000,,15000,0,300,pvc,8,,5,15,,4,,,,,,,,,,,,,,,,,,,,,Concrete/Masonry tank,20,Galvanised Steel,300,150,1,2,yes,3,24,Submersible Pump,Lowara,7.5,285,Hybrid - Solar/Generator,Parkins,45,,11,fair,Supply is not good,yes,Colorless and odorless,32.2,7.1,3570,1764,No sampled,Communal,yes,2007-02-19,5,2,yes,0.1,yes,0.02,0.02,0.2,Abdullaahi Ali Guureeye,907621722,KAALO Relief and Development,,Rehabilitation and extension of solar power,2020-12-19,"1. Construction of new kiosks.
2. New generator.
3. Extension solar power.
4. Rehabilitation of kiosks.
6. New  one latrine. 
7. Reconstruction of generator room.
8.  Rehabilitation and Installation of new pump and pipes.",,,,,,,,,,,,,,,,,
2022-02-19T15:47:11.033+03:00,2022-02-20T19:39:31.012+03:00,2022-02-19,borehole,2022-02-19,"Puntland Ministry of Energy, Minerals and Water",,Khadra,nugaal,Eyl,Xasbahalle ,,Chinese Government,,1986-02-19,Xasbahalle BH,7.9635816 49.1609604 512.0905151367188 4.288,7.9635816,49.1609604,512.0905151,4.288,no,,,1,rural urban,TRUE,TRUE,http://classic.ona.io/api/v1/files/24846795?filename=faoso/attachments/553460_Water_Sources_Data_Form_Oct_2020/1645275273126.jpg,yes,,yes,,2500,500,,1500,0,230,pvc,8,,6,15,,2,,,,,,,,,,,,,,,,,,,,,Concrete/Masonry tank,60,Galvanised Steel,200,500,1,2,no,,,Submersible Pump,Lowara,7.5,220,Hybrid - Solar/Generator,Parkins,30,,5.5,fair,The consition of this supply system is very poor,yes,Colorless and odorless,30.3,6.85,3880,1929,No sample,Communal,no,,,,yes,0.1,yes,0.2,0.02,0.02,Ahmed Cawel Cise,907787122,"Puntland Ministry of Energy, Minerals and Water",,Pipeline repaired,2021-01-20,"1. Needs rehabilitation of koiks.
2. Construction of new new kiosks.
3. Construction of animal thoughts.
4. Fuel.",,,,,,,,,,,,,,,,,
2022-02-19T16:02:23.417+03:00,2022-02-20T20:33:09.370+03:00,2022-02-19,dugwell,2022-02-19,"Puntland Ministry of Energy, Minerals and Water",,Eng Yusuf Salad,bari,Qardho,Dangorayo,25,Community,,1900-01-10,Kalyaxeed,8.77649 49.2087583 595.3 4.7,8.77649,49.2087583,595.3,4.7,no,,,2,rural urban,TRUE,TRUE,http://classic.ona.io/api/v1/files/24845428?filename=faoso/attachments/553460_Water_Sources_Data_Form_Oct_2020/1645297941326.jpg,yes,,yes,,42000,5000,0,20000,0,,,,,,,,,3,2,no,2.25,24,,,,,,,,,,,,,,,,Other,,Other,,7000,0,0,yes,10,9,No Pump,,,,,,,,,poor,"No pipe line
No elevated water tank
No pump
No casing 
No kiosks
No water troughs
No reservoir.",no,,30,6.6,1060,525,,Other,,,,,no,,no,,,,No one,,Community,,The community has digged 1meter deep,2022-02-08,"Water kiosks.
Pump,Generator/solar.
Digging extra meters deep inside the well.
Pipelines and Elevated water tank.
Well Casing .
Animal troughs.
Subsurface dam.",,"the source is 25 Km away, how is this possible?",,,,,,,,,,,,,,,
2022-02-20T09:15:36.285+03:00,2022-02-20T19:27:09.038+03:00,2022-02-20,borehole,2022-02-20,"Puntland Ministry of Energy, Minerals and Water",,Khadra,nugaal,Eyl,Dhiganle,1.5,"Puntland Ministry of Energy, Minerals and Water",,2020-11-20,Dhiganle BH,7.8186471 49.4982254 224.89166259765625 4.931,7.8186471,49.4982254,224.8916626,4.931,no,,,1,rural urban,TRUE,TRUE,http://classic.ona.io/api/v1/files/24846805?filename=faoso/attachments/553460_Water_Sources_Data_Form_Oct_2020/1645338528711.jpg,yes,,yes,,18000,70000,,25000,0,180,pvc,8,110,129,15,18,0.45,,,,,,,,,,,,,,,,,,,,,Concrete/Masonry tank,40,PVC,150,700,1,2,yes,12,72,Submersible Pump,Lowara,7.5,160,Generator,Parkins,30,,,good,Some of systems are under construction.,yes,Colorless and odorless,30.5,6.45,4560,2240,Dhiganle BH Sampled,Communal,no,,,,yes,0.1,yes,0.2,0.2,0.5,Mohamed abdulqaadir,907656156,,,No previous interventions,,"1. Needs  Installation of solar.
2. Water supply extensions. 
3. Training of Water committees
4. Fancing of borehole areas.
5. Installation of enough capacity pump.",,,,,,,,,,"Confirm yield, seems too high",,,,,,,
2022-02-20T16:03:52.761+03:00,2022-02-21T23:11:27.805+03:00,2022-02-20,borehole,2022-02-20,"Puntland Ministry of Energy, Minerals and Water",,Yusuf Salad,bari,Qardho,Ceelbuh,1,,,2015-10-20,Ceelbuh borehole,9.0910365 49.593264 465.5 4.066,9.0910365,49.593264,465.5,4.066,no,,,1,rural urban,TRUE,TRUE,http://classic.ona.io/api/v1/files/24859068?filename=faoso/attachments/553460_Water_Sources_Data_Form_Oct_2020/1645422602767.jpg,yes,,yes,,24000,7000,,70000,,225,pvc,8,60,12,9,,,,,,,,,,,,,,,,,,,,,,,Concrete/Masonry tank,36,Galvanised Steel,600,6000,10,2,yes,6,45,Submersible Pump,Lawara,,162,Hybrid - Solar/Generator,Coelmo,33,300-72M,22.5,good,"The borehole is Good supply system 
Elevated water tank is good
Water kiosks are good.",no,,33,6,4200,2280,,Communal,no,,,,yes,0.1,yes,0.15,,0.1,Maxamed adan Huruuse,907680749,Community,,"Replacement of generator 
Replacement of electric cable which acess to the generator.",2022-02-17,"Rehabilitation of solar panels and solar accessories equipment
Rehabilitation of elevated water tank
Construction of extra water trough 
Needs of fuel which acess to the generator.",,,,,,,,,,,,,,,,,
2022-02-20T09:13:04.853+03:00,2022-02-21T22:58:47.178+03:00,2022-02-20,borehole,2022-02-20,"Puntland Ministry of Energy, Minerals and Water",,Yusuf Salad,bari,Qardho,Uuskure,3,Save the Children UK,,2019-01-15,Uuskure borehole,8.8064715 49.7419923 400.1 4.2,8.8064715,49.7419923,400.1,4.2,no,,,1,rural urban,TRUE,TRUE,http://classic.ona.io/api/v1/files/24858978?filename=faoso/attachments/553460_Water_Sources_Data_Form_Oct_2020/1645389378211.jpg,yes,,yes,,20000,5000,,24000,,330,pvc,8,240,12,,,,,,,,,,,,,,,,,,,,,,,,Concrete/Masonry tank,40,Galvanised Steel,430,4000,1,2,yes,7,9,Submersible Pump,Lawara,,330,Hybrid - Solar/Generator,Perkins,65,300-72M,25.5,good,"Main raising pipes are good
Elevated water tank is good
Pump is good
Well casing is good.",no,,23,6.7,4100,2000,,Communal,yes,2019-01-24,3,2,yes,0.025,yes,0.15,,0.08,Cabdirisaq cabdulahi cisman,907651784,"Puntland Ministry of Energy, Minerals and Water",,Replacement of main raising pipes,2021-07-20,"Construction of new elevated water tank
Construction of another animal water troughs
 Increasing of solar panels
Incentives of caretakers.",,,,,,,,,,,"BH depth 330m is equal to the pump level 330m, please clarify?",,,,,,
2022-02-20T11:56:45.305+03:00,2022-02-20T19:26:53.977+03:00,2022-02-20,borehole,2022-02-20,"Puntland Ministry of Energy, Minerals and Water",,Khadra,nugaal,Eyl,Dhanaane,6.5,CARE Somalia,,2007-01-07,Dhnaane BH,7.7738103 49.7791205 224.442626953125 4.288,7.7738103,49.7791205,224.442627,4.288,no,,,0,rural urban,TRUE,TRUE,http://classic.ona.io/api/v1/files/24846819?filename=faoso/attachments/553460_Water_Sources_Data_Form_Oct_2020/1645347578601.jpg,yes,,yes,,2000,500,,10000,0.018,180,pvc,8,,8,12,,0.4,,,,,,,,,,,,,,,,,,,,,Concrete/Masonry tank,8,Galvanised Steel,7000,270,3,2,yes,15,90,Submersible Pump,Lowara,15,140,Hybrid - Solar/Generator,Parkins,30,SZYL-M330-36,22.1,fair,The condition of this supply is needs rehabilitation ,yes,Colorless and odorless,35.2,6.97,1801,894,Dhanaane BH sampled,Communal,yes,2007-01-20,5,2,yes,0.1,yes,0.15,,0.02,Mohamud abdulle faarax,907741508,"Puntland Ministry of Energy, Minerals and Water",,"Extension of pipelines.
Repaired of pump.
",2013-01-15,"Rehabilitation of tanks.
Rehabilitation of generator
Water supply Rehabilitation.",,,,,,,,,,,,,,,,,
2022-02-20T12:43:51.081+03:00,2022-02-21T23:03:53.874+03:00,2022-02-20,borehole,2022-02-20,"Puntland Ministry of Energy, Minerals and Water",,Yusuf salad,bari,Qardho,Baqbaq,1.5,United Nations Children's Fund,,2017-01-17,Baqbaq borehole,8.6930135 50.0613239 334.4 3.98,8.6930135,50.0613239,334.4,3.98,no,,,2,rural urban,TRUE,TRUE,http://classic.ona.io/api/v1/files/24859021?filename=faoso/attachments/553460_Water_Sources_Data_Form_Oct_2020/1645421368583.jpg,yes,,yes,,1620,1000,,15000,,412,pvc,8,,9,12,,,,,,,,,,,,,,,,,,,,,,,Concrete/Masonry tank,20,Galvanised Steel,1500,270,4,2,yes,12,10,Submersible Pump,Lawara,,400,Hybrid - Solar/Generator,Perkins,60,,,good,"The water supply system is good
But water have high salt.",no,,28.5,7.6,7300,3600,,Communal,yes,2018-02-25,6,2,no,,no,,,,Dahir siciid,906281280,"Puntland Ministry of Energy, Minerals and Water",,Replacement of main raising pipes,2019-01-20,"Extra solar panels 
Construction of another elevated water tank.",,,,,,,,,,,,,,,,,
2022-02-20T11:48:45.578+03:00,2022-02-21T22:52:29.997+03:00,2022-02-20,dugwell,2022-02-20,"Puntland Ministry of Energy, Minerals and Water",,Yusuf Salad,bari,Qardho,Baqbaq,0.2,Community,,1900-02-20,Ceeldoog dug well,8.7006557 50.0704293 295.7 4.68,8.7006557,50.0704293,295.7,4.68,no,,,2,rural urban,TRUE,TRUE,http://classic.ona.io/api/v1/files/24858952?filename=faoso/attachments/553460_Water_Sources_Data_Form_Oct_2020/1645420551592.jpg,yes,,yes,,60000,3000,,12000,,,,,,,,,,18,17.5,no,2.25,24,,,,,,,,,,,,,,,,Other,,Galvanised Steel,,10000,,2,yes,5,9,No Pump,,,,,,,,,poor,"No main raising pipe lines
No pipe line distribution 
No pump
No casing
No elevated water tank.",no,,29,6.5,2000,1000,,Communal,yes,2018-03-21,6,2,no,,no,,,,,,Community_e,,"Construction of animal water troughs
Construction of protection reinfoced concrete cover which protect the well for the sediments soil.",2019-01-14,"Digging the deep of the well intro extra meters
Main raising pipes
Main distribution pipe lines
Construction of elevated water tank.
Construction of water kiosks and animal water troughs.
Pupm, casing, 
Generator,  and solar power system.",,,,,,,,,,,,,,,,,
2022-02-21T10:45:54.588+03:00,2022-02-22T06:45:04.861+03:00,2022-02-21,borehole,2022-02-21,"Puntland Ministry of Energy, Minerals and Water",,Khadra,nugaal,Eyl,Aftogweyne,1.5,not_specified,HARO organisation,2018-10-21,Aftogweyne BH,8.188677 49.4674281 169.85498046875 4.402,8.188677,49.4674281,169.8549805,4.402,no,,,0,rural urban,TRUE,TRUE,http://classic.ona.io/api/v1/files/24860215?filename=faoso/attachments/553460_Water_Sources_Data_Form_Oct_2020/1645429809745.jpg,yes,,yes,,12000,2000,,20000,0,160,pvc,8,,12,12,,1.3,,,,,,,,,,,,,,,,,,,,,Concrete/Masonry tank,90,Galvanised Steel,1500,1500,5,2,yes,15,90,Submersible Pump,Lowara,11,130,Hybrid - Solar/Generator,Parkins,45,SZYL-P320-36,11,good,Good condition,yes,Colorless and odorless,32.8,7.03,2450,1220,No sampled,Communal,yes,2018-11-15,3,2,yes,0.05,yes,0.05,,0.2,Cali Muse Mohamed,907744347,KAALO Relief and Development,,Construction of new elevated tank,2020-02-21,"1. Rehabilitation Fancing borehole areas.
2. Water committees training.",,,,,,,,,,,,,,,,,
2022-02-21T16:01:37.978+03:00,2022-02-22T06:51:13.326+03:00,2022-02-21,borehole,2022-02-21,"Puntland Ministry of Energy, Minerals and Water",,Khadra,nugaal,Eyl,Diillin,1.5,Action Internationale Centre La Fairm,,2021-07-21,Diilin BH,7.9761522 49.3870967 303.463623046875 3.866,7.9761522,49.3870967,303.463623,3.866,no,,,0,rural urban,TRUE,TRUE,http://classic.ona.io/api/v1/files/24860222?filename=faoso/attachments/553460_Water_Sources_Data_Form_Oct_2020/1645448663573.jpg,yes,,yes,,14000,,,,50,318,pvc,8,,12,10,,3.5,,,,,,,,,,,,,,,,,,,,,Concrete/Masonry tank,60,Galvanised Steel,200,750,2,3,yes,30,180,Submersible Pump,Lowara,15,270,Generator,Parkins,45,,,good,"Water supply of this borehole is under construction, ",yes,Colorless and odorless,37,6.61,4210,2100,Sampled,Communal,no,,,,yes,0.1,yes,0.1,,0.1,Mohamed abdinur muse,906793042,Action Internationale Centre La Fairm,,Under construction,2022-02-21,"1. Water committees training 
2. Needs helping with fuel.",,,,,,,,,,,,,,"Please confirm the acreage, in Ha",,,
2022-02-21T10:34:35.972+03:00,2022-02-21T23:35:57.002+03:00,2022-02-21,borehole,2022-02-21,"Puntland Ministry of Energy, Minerals and Water",,Enng Mohamed Muse Abdi,bari,Qardho,Shaxda,0.5,Community,,2013-02-01,Shaxda borehole,9.1736052 48.9089705 820.4000000000001 4.866,9.1736052,48.9089705,820.4,4.866,no,,,1,rural urban,TRUE,TRUE,http://classic.ona.io/api/v1/files/24859308?filename=faoso/attachments/553460_Water_Sources_Data_Form_Oct_2020/1645475647226.jpg,yes,,yes,,60000,20000,300,45000,1.5,284,pvc,8,80,9,13,,,,,,,,,,,,,,,,,,,,,,,Concrete/Masonry tank,16,Galvanised Steel,2500,10000,3,2,yes,15,9,Submersible Pump,G-force,,204,Hybrid - Solar/Generator,Perkins,65,RP300-M72,22.8,good,,no,,28,6.65,4100,2030,,Communal,yes,2013-02-21,3,4,no,,no,,,,Cabdiladiif Cabdulahi Farax,907251150,Community,,Submersible pump replacement.,2021-10-21,"Replacement of main raising pipes.
Provision of animal troughs into different pipes, now access pipes of animal troughs are one pipe line.
Replacement of pump
Construction of extra elevated water tank.
Rehabilitation of solar panels. 
Fuel of generator
Construction of 3 extra water kiosks.
Extension of pipe inside the town ( 1000 meter).",,,,,,,,,,,,,,,,,
2022-02-21T15:33:50.067+03:00,2022-02-21T23:39:17.695+03:00,2022-02-21,dugwell,2022-02-21,"Puntland Ministry of Energy, Minerals and Water",,Eng Mohamed Muse Abdi,bari,Qardho,Yibaayil,0.5,Community,,1900-02-21,Yibaayil dug well,8.9940942 48.8926948 632.1 4.58,8.9940942,48.8926948,632.1,4.58,no,,,3,rural urban,TRUE,TRUE,http://classic.ona.io/api/v1/files/24859310?filename=faoso/attachments/553460_Water_Sources_Data_Form_Oct_2020/1645475836963.jpg,yes,,yes,,30000,27000,,150000,,,,,,,,,,3,2,yes,2.5,12,1,,,,,,,,,,,,,,,Concrete/Masonry tank,20,Galvanised Steel,600,5000,3,,yes,17,10,Submersible Pump,,,3,Solar,,,Dusol-160W,1.6,poor,"There is no generator.
There is a problem of solar power system.
There is no good main raising pipes
There is no main distribution pipe lines.",no,,31,6.8,2000,1000,,Communal,yes,2008-02-14,5,2,no,,no,,,,"Maxamed Cabdikarim Muse
Gaani Cabdule Yusuf (phone number: 0906024511)",907310013,Community,,"Digged new well
New pipelines 
Concrete top Cover of the well
Pump,  solar.",2021-09-01,"New well to be digged
Powerful solar system 
Bigger capacity water tank
Extended pipeline and to be renewed
Rehabilitation of the solar system 
Kiosks to be rehabilitated and New kiosks. 
Curent water tank needs immediately Rehabilitation.",,,,,,,,,,,,,,,,,
2022-02-22T15:22:30.651+03:00,2022-02-25T07:34:21.090+03:00,2022-02-22,spring,2022-02-22,"Puntland Ministry of Energy, Minerals and Water",,Khadra,nugaal,Eyl,Mareye,3,CARE Somalia,,2011-02-24,Mereye spring,8.3303933 50.1705172 -46.109100341796875 4.466,8.3303933,50.1705172,-46.10910034,4.466,no,,,1,urban rural,TRUE,TRUE,http://classic.ona.io/api/v1/files/24949920?filename=faoso/attachments/553460_Water_Sources_Data_Form_Oct_2020/1645534567386.jpg,yes,,yes,,5250,1000,50,10000,0,,,,,,,,,,,,,,,,,,,,,,no,16,,,,,,Concrete/Masonry tank,54,Galvanised Steel,5000,750,6,4,yes,5,30,Submersible Pump,Lowara,7.5,3,Hybrid - Solar/Generator,COELMO,30,HSPH11KH,11,fair,Pipelines needs rehabilitation,yes,Colorless and odorless,29.5,7.73,1875,943,No,Communal,yes,2011-01-22,2,3,yes,0.1,yes,0.1,0.1,0.2,Ahmed faarax,907722103,Action Afrika Hilfe e.V,,Construction of elevated water tank,2021-12-25,"1.Pipelines rehabilitation water supply.
2. Rehabilitation of pump and installation new pump.
3. Reconstruction/ rehabilitation of spring well.
4. Construction of new kiosks.
6. Extension of pipelines water supply in village.",,,,,,,,,,,,,,,,,
2022-02-22T13:38:47.718+03:00,2022-02-23T18:39:54.993+03:00,2022-02-22,spring,2022-02-22,"Puntland Ministry of Energy, Minerals and Water",,Khadra,nugaal,Eyl,Ceelmadoobe,0.8,not_specified,Community,2011-02-22,Ceelmadoobe Spring,8.3965987 50.0466206 239.93548583984375 4.556,8.3965987,50.0466206,239.9354858,4.556,no,,,0,rural urban,TRUE,TRUE,http://classic.ona.io/api/v1/files/24896553?filename=faoso/attachments/553460_Water_Sources_Data_Form_Oct_2020/1645526548007.jpg,yes,,yes,,650,300,,10000,0,,,,,,,,,,,,,,,,,,,,,,no,20,,,,,,Concrete/Masonry tank,16,Galvanised Steel,522,130,2,2,yes,2,5,Submersible Pump,Lowara,5,3,Hybrid - Solar/Generator,Lister petter,25,,7.5,fair,Supply Needs rehabilitation ,yes,Colorless and odorless,29,7.1,3200,1650,No sampled,Communal,yes,2015-01-22,3,2,yes,0.05,yes,0.1,,0.1,Cilmi yusuf ismaaciil,907142136,Muslim Aid,,"1.Construction of caretaker room.
2.Construction of elevated tank, kiosks,  and animal thoughts.",2013-01-22,"1. Fancing of borehole 
2. Week capacity of pump.
4. Construction of new kiosks
5.Rehiniltatation and  Water supply extensions.
6. Rehabilitation of animal thoughts.
7. Rehabilitation of solar power system.",,,,,,,,,,,,,,,,,
2022-02-22T10:10:20.670+03:00,2022-02-23T08:14:18.097+03:00,2022-02-22,borehole,2022-02-22,"Puntland Ministry of Energy, Minerals and Water",,Eng Mohamed Muse Abdi,bari,Qardho,Xaajikhayr,1,United Nations Children's Fund,,2021-12-22,Xaajikhayr borehole,8.989235 49.2686459 620.1 4.7,8.989235,49.2686459,620.1,4.7,no,,,1,rural urban,TRUE,TRUE,http://classic.ona.io/api/v1/files/24875730?filename=faoso/attachments/553460_Water_Sources_Data_Form_Oct_2020/1645515855383.jpg,yes,,yes,,18000,7000,,45000,0.25,312,pvc,8,102,16,15,,,,,,,,,,,,,,,,,,,,,,,Concrete/Masonry tank,50,Galvanised Steel,1200,3000,1,2,yes,10,45,Submersible Pump,Lawara,,294,Hybrid - Solar/Generator,Coelmo,50,Dusol,26.5,good,,no,,26,7,4050,1950,,Communal,no,,,,yes,,yes,0.1,,,Mahad cali jamac,907723250,KAALO Relief and Development,,Solar power installation,2021-12-22,"Water supply system of the whole village
Construction of extra water kiosks 
1000 meter of pipe line of the whole the village.
Water purification.",,,,,,,,,,,,,,,,,
2022-02-22T10:09:31.096+03:00,2022-02-23T18:33:33.339+03:00,2022-02-22,dugwell,2022-02-22,"Puntland Ministry of Energy, Minerals and Water",,Khadra,nugaal,Eyl,Ciyocaddo,0.3,KAALO Relief and Development,,2017-01-22,Ciyocado DW,8.2704521 49.8270006 61.3590087890625 3.216,8.2704521,49.8270006,61.35900879,3.216,no,,,0,rural urban,TRUE,TRUE,http://classic.ona.io/api/v1/files/24896545?filename=faoso/attachments/553460_Water_Sources_Data_Form_Oct_2020/1645513975605.jpg,yes,,yes,,7000,2000,,5000,0,,,,,,,,,6,,no,2.5,12,,2,,,,,,,,,,,,,,Concrete/Masonry tank,45,Galvanised Steel,500,500,4,3,yes,12,72,Submersible Pump,Lowara,1.4,4,Hybrid - Solar/Generator,Kama,0.22,300-72M,5,poor,Destroyed dug well,no,,30.1,7.1,1000,495,No sampled,Communal,yes,2017-01-22,3,2,yes,0.1,,,,,Naciima cilmi Mohamud,907713662,KAALO Relief and Development,,Construction of ground tank,2018-01-22,"1. Drilling new dug well.
2. Rehabilitation of water supply extension.
3. Construction of new kiosks.
4. Construction of new elevated tank
",,,,,,,,,,,,,,,,,
2022-02-22T11:52:52.810+03:00,2022-03-27T10:45:25.802+03:00,2022-02-22,borehole,2022-02-22,"Puntland Ministry of Energy, Minerals and Water",,Eng Mohamed Muse Abdi,bari,Qardho,Yakayaka,3,United Nations Children's Fund,,2021-12-28,Yakayaka borehole,9.2174467 49.1000864 720.1999999999999 4.4,9.2174467,49.1000864,720.2,4.4,no,,,1,,,,http://classic.ona.io/api/v1/files/25759496?filename=faoso/attachments/553460_Water_Sources_Data_Form_Oct_2020/1648366968745.jpg,yes,,no,"29/Dec/2021
New borehole
No accessories such as storage tank, pipe lines, animal troughs.",,,,,,400,pvc,8,168,10,,,,,,,,,,,,,,,,,,,,,,,,,,,,,,,,,,,,,,,,,,,,"The piplines are Not yet installed  
Water tank is still under construction",yes,Yellowish color and there is odor that smells like rotten egg.,,,,,,Communal,no,,,,,,,,,,Maxamed siciid maxamuud,907627320,,,,,1. The to be investigated and determined if its suitable for human consumption.,,,,Water Usage type (urban/rural) is not indicated,,,,,,,,,,,Why was water quality not checked?,,
2022-02-23T09:40:46.915+03:00,2022-03-03T10:14:38.857+03:00,2022-02-23,borehole,2022-02-23,"Puntland Ministry of Energy, Minerals and Water",,Eng Mohamed Muse Abdi,bari,Qardho,Xingood,0.5,Kuwait Government,,2014-01-22,Warshada borehole,9.4960275 49.0788282 719.5 5.0,9.4960275,49.0788282,719.5,5,no,,,9,rural urban,TRUE,TRUE,http://classic.ona.io/api/v1/files/25088932?filename=faoso/attachments/553460_Water_Sources_Data_Form_Oct_2020/1646290955555.jpg,yes,,yes,,6000,700,,3500,,281,pvc,8,170,16,20,,,,,,,,,,,,,,,,,,,,,,,Concrete/Masonry tank,,Galvanised Steel,,1000,1,,yes,8,9,Submersible Pump,Lawara,,241,Hybrid - Solar/Generator,Perkins,55,SZYL-M330-36,27.7,good,"This borehole suppy water to Qardho city, so we can not able to determine the pipe line length.",no,,30,6.5,2240,1120,,Private-Public-Partnership,,,,,yes,0.026,yes,0.15,,0.5,Hodman Water company,907738466,Norwegian Refugee Council,,Replacement of main raising pipes and submersible pump.,2020-08-03,"Replacement of main raising pipe and submersible pump.
Construction of wall fencing.
Construction of animal troughs.",,,,,,,,,,,,,,,,,
2022-02-23T10:14:49.133+03:00,2022-03-03T10:52:14.468+03:00,2022-02-23,borehole,2022-02-23,"Puntland Ministry of Energy, Minerals and Water",,Eng Mohamed Muse Abdi,bari,Qardho,Kubo,1,Islamic Development Bank,,2004-05-23,Kubo borehole,9.4938824 49.0646935 727.6 4.84,9.4938824,49.0646935,727.6,4.84,no,,,9,rural urban,TRUE,TRUE,http://classic.ona.io/api/v1/files/25089145?filename=faoso/attachments/553460_Water_Sources_Data_Form_Oct_2020/1646292492888.jpg,yes,,yes,,6000,1000,,4500,,350,pvc,8,160,15,20,,,,,,,,,,,,,,,,,,,,,,,Concrete/Masonry tank,8,Galvanised Steel,,1000,1,2,yes,9,10,Submersible Pump,Lawara,,196,Hybrid - Solar/Generator,Perkins ,65,SZYL-M330-36,25.7,good,"This borehole gives water to the Qardho District, so we can't determine number of pipe lines.
This borehole and  four otherboreholes share 150 meter cubic elevated water tank.",no,,34,6.35,2900,1390,,Private-Public-Partnership,,,,,yes,0.026,yes,0.15,,0.5,Hodman water company ,907738466,Danish Refugee Council (Puntland),,Replacement of main raising pipes and submersible pump.,2020-05-24,"Replacement of main raising pipes and other submersible pump.
Construction of wall fencing.
",,,,,,,,,,,,,,,,,
2022-02-23T11:00:54.152+03:00,2022-03-03T11:17:51.192+03:00,2022-02-23,borehole,2022-02-23,"Puntland Ministry of Energy, Minerals and Water",,Eng Mohamed Muse Abdi,bari,Qardho,Aada,2,Norwegian Refugee Council,,2020-03-23,Aada 1,9.4871156 49.0677047 699.7 4.34,9.4871156,49.0677047,699.7,4.34,no,,,9,rural urban,TRUE,TRUE,http://classic.ona.io/api/v1/files/25089441?filename=faoso/attachments/553460_Water_Sources_Data_Form_Oct_2020/1646294460809.jpg,yes,,yes,,3000,500,,4000,,230,pvc,8,120,11,20,,,,,,,,,,,,,,,,,,,,,,,Concrete/Masonry tank,,Galvanised Steel,,500,1,2,yes,10,9,Submersible Pump,Lawara,,180,Hybrid - Solar/Generator,Perkin,45,SZYL-M330-36,25.7,good,"This borehole gives water to the Qardho city, so we can not determine exactly  number of pipe lines
This borehole and four other boreholes distribute water to the one elevated water tank which has a volume of 150 meter cubic",no,,28,6.7,1250,630,,Private-Public-Partnership,,,,,yes,0.026,yes,0.15,,0.5,Hodman water company.,907738466,Danish Refugee Council (Puntland),,"Replacement of main raising pipes and submersible pump 
Supplied if generator.",2020-08-03,"Replacement of main raising pipes and submersible pump
Replacement of electric cable which connect generator and pump.",,,,,,,,,,,,,,,,,
2022-02-23T09:24:18.774+03:00,2022-03-03T09:53:36.586+03:00,2022-02-23,borehole,2022-02-23,"Puntland Ministry of Energy, Minerals and Water",,Yusuf Salad,bari,Qardho,Xingood,0.3,United Nations Children's Fund,,2006-11-23,Xingood borehole,9.4977672 49.0827074 702.3000000000001 4.82,9.4977672,49.0827074,702.3,4.82,no,,,9,rural urban,TRUE,TRUE,http://classic.ona.io/api/v1/files/25088705?filename=faoso/attachments/553460_Water_Sources_Data_Form_Oct_2020/1646288522842.jpg,yes,,yes,,6000,800,,2000,,286,pvc,8,180,8,20,,,,,,,,,,,,,,,,,,,,,,,Concrete/Masonry tank,16,Galvanised Steel,,1000,1,2,yes,10,10,Submersible Pump,Lawara,,220,Hybrid - Solar/Generator,Perkins,65,DS572340M,27.8,good,"This borehole supply water to Qardho city, we are not able to determine exact pipe line length.",no,,25,7.5,1400,700,,Private-Public-Partnership,,,,,yes,0.026,yes,0.15,,0.5,Hodman water company,907738466,International Organisation of Migration,,"Replacement of main raising pipes.
Supplied of generator and submersible pump.",2020-06-03,"Replecement of main raising pipes and submersible pump.
Construction of wall fencing.",,,,,,,,,,,,,,,,,
2022-02-23T09:53:04.600+03:00,2022-03-27T10:00:24.263+03:00,2022-02-23,borehole,2022-02-23,"Puntland Ministry of Energy, Minerals and Water",,Yusuf salad,bari,Qardho,Xingood sare; Qardho,0.4,Former Somali Government,,1980-03-01,Biyacade borehole,9.4964048 49.0751164 709.7 2.78,9.4964048,49.0751164,709.7,2.78,no,,,9,urban rural,TRUE,TRUE,http://classic.ona.io/api/v1/files/25758794?filename=faoso/attachments/553460_Water_Sources_Data_Form_Oct_2020/1645823565231.jpg,yes,,yes,,18000,700,,10000,,286,gi,8,130,8,20,,,,,,,,,,,,,,,,,,,,,,,Concrete/Masonry tank,,Galvanised Steel,,,,3,yes,5,8,Submersible Pump,Lowara,,196,Hybrid - Solar/Generator,Perkins,45,SZYL-m330-36,17.16,fair,"1: The borehole distributes water to the Qardho town.
2: Four boreholes including this one, share on storage water tank.
3: The length of pipes is difficult to determine because this borehole distribute water to the Qardho city.
4.The yield is low
5.the solar power don't provide enough power .",no,,30.5,6.55,1800,885,,Private-Public-Partnership,,,,,yes,0.013,yes,0.15,,0.1,Hodman water company,907738466,Danish Refugee Council (Puntland),,Replacement of main raising pipes and submersible pump.,2020-06-27,"1: Installation of extra solar panels.
2: this borehole is collapsing due to that it's yield is decreasing and they asked for another borehole same location as this one.",,,,,,,,,,,,,,,,,
2022-02-23T10:44:52.131+03:00,2022-03-27T11:43:33.184+03:00,2022-02-23,borehole,2022-02-23,"Puntland Ministry of Energy, Minerals and Water",,Yusuf salad,bari,Qardho,Aada,2.5,Norwegian Refugee Council,,2018-06-23,Aada 2,9.489328 49.063492 724.5 4.46,9.489328,49.063492,724.5,4.46,no,,,9,rural urban,TRUE,TRUE,http://classic.ona.io/api/v1/files/25760116?filename=faoso/attachments/553460_Water_Sources_Data_Form_Oct_2020/1648369700752.jpg,yes,,yes,,1200,400,,3500,0.25,26,pvc,8,,6,18,,,,,,,,,,,,,,,,,,,,,,,,,,,150,1,2,yes,4,6,Submersible Pump,Lowara,,235,Hybrid - Solar/Generator,,,,,fair,"The yield is low.
This borehole and another two boreholes shares one storage tank.",no,,30.5,6.8,1830,920,,Private-Public-Partnership,,,,,yes,0.013,yes,0.15,,0.1,Hodman water company ,907738466,Danish Refugee Council (Puntland),,Replacement of main raising pipes and submersible pump.,2020-03-27,"1: Replacement of rusted iron distribution pipes.
2: Replacement of main raising pipes.",,,,,,,,,,,"BH depth is 26m, and pump level is 235m, please clarify?",,,,,,
2022-02-23T12:45:44.804+03:00,2022-03-27T12:15:56.048+03:00,2022-02-23,borehole,2022-02-23,"Puntland Ministry of Energy, Minerals and Water",,Eng Mohamed Muse Abdi,bari,Qardho,Harwayn,3,not_specified,Private,2016-01-23,Harwayn borehole,9.5297019 49.1097173 701.7000122070312 4.066,9.5297019,49.1097173,701.7000122,4.066,no,,,9,rural urban,TRUE,TRUE,http://classic.ona.io/api/v1/files/25760687?filename=faoso/attachments/553460_Water_Sources_Data_Form_Oct_2020/1645634914152.jpg,yes,,yes,,6000,2500,,10000,8,315,pvc,8,218,12,18,,,,,,,,,,,,,,,,,,,,,,,Concrete/Masonry tank,56,Galvanised Steel,300,,2,2,yes,12,50,Submersible Pump,Lawara,,264,Hybrid - Solar/Generator,Perkins,50,,,good,,no,,33,6.6,3000,1500,,Private/Individual,,,,,yes,0.04,yes,0.1,,0.1,Cabdirisaq ismacil maxamud,905010588,Community,,Replacement of main raising pipe lines,2018-12-23,"1: Fencing.
2: Construction of extra elevated water tank
3: Electric cable which acess generator.
4: Replacement of main raising pipes and submersible pump.",,,,,,,,,,,,,,,,,
2022-02-23T07:16:05.932+03:00,2022-02-23T20:04:27.452+03:00,2022-02-23,spring,2022-02-23,"Puntland Ministry of Energy, Minerals and Water",,Khadra,nugaal,Eyl,Kabaal,2.1,Adventist Development Relief Agency,,2003-01-23,Kabaal spring,8.4398286 50.2424141 -38.248138427734375 4.21,8.4398286,50.2424141,-38.24813843,4.21,no,,,0,rural urban,TRUE,TRUE,http://classic.ona.io/api/v1/files/24896595?filename=faoso/attachments/553460_Water_Sources_Data_Form_Oct_2020/1645591365429.jpg,yes,,yes,,8050,500,,5000,0,,,,,,,,,,,,,,,,,,,,,,no,6,,,,,,Concrete/Masonry tank,28,Galvanised Steel,930,1050,4,2,yes,5,30,Submersible Pump,Lowara,4.5,3,Hybrid - Solar/Generator,Parkins,45,HSPH11KH,11,fair,Needs rehabilitation,yes,Colorless and odorless,29.2,7.21,1205,595,No sampled,Communal,no,,,,yes,0.1,yes,0.07,,0.1,Siciid nur  xanaf,907635824,KAALO Relief and Development,,Construction of elevated tank,2020-12-23,"1. Rehabilitation of pipelines.
2. Rehabilitation of solar power.
3. Spring deconstruction and rehabilitation 
4. Caretaker rooms rehabilitation.
5.Generator rehabilitation. 
6. Camel animal thoughts rehabilitation.
7. Rehabilitation of kiosks.
8. Operator equipment.",,,,,,,,,,,,,,,,,
2022-02-23T09:08:40.868+03:00,2022-02-25T22:19:26.063+03:00,2022-02-23,borehole,2022-02-23,"Puntland Ministry of Energy, Minerals and Water",,Yusuf Salad,bari,Qardho,Shinbiraale,0.2,Norwegian Refugee Council,,2013-12-23,Kuleejo borehole,9.5053611 49.0920081 710.4 4.666,9.5053611,49.0920081,710.4,4.666,no,,,9,rural urban,TRUE,TRUE,http://classic.ona.io/api/v1/files/25760696?filename=faoso/attachments/553460_Water_Sources_Data_Form_Oct_2020/1645814748467.jpg,yes,,yes,,13200,1000,,2500,0.5,350,pvc,8,,15,20,,,,,,,,,,,,,,,,,,,,,,,Concrete/Masonry tank,16,Galvanised Steel,50,2200,1,3,yes,11,50,Submersible Pump,Lawara,,,Hybrid - Solar/Generator,Perkins,55,,,good,,no,,29,6.8,2710,1320,,Private/Individual,,,,,yes,0.013,yes,0.052,,0.065,,,International Organisation of Migration,,,2020-05-29,"Construction of elevated water tank which holds 150M3
Solar power installation 
Replacement of main raising pipes.",,,,,,,,,,,,,,,,,
2022-02-23T11:34:58.462+03:00,2022-04-18T19:58:45.726+03:00,2022-02-23,borehole,2022-02-23,"Puntland Ministry of Energy, Minerals and Water",,Eng Yusuf Salad,bari,Qardho,Qardo IDPs,1.5,not_specified,Save the children,2020-01-23,Qardo IDPs borehole,9.4831712 49.0737678 709.4 4.1,9.4831712,49.0737678,709.4,4.1,no,,,9,rural urban,TRUE,TRUE,http://classic.ona.io/api/v1/files/26203331?filename=faoso/attachments/553460_Water_Sources_Data_Form_Oct_2020/1650299177298.jpg,yes,,yes,,12000,800,,1500,1,240,pvc,8,170,12,15,,,,,,,,,,,,,,,,,,,,,,,Concrete/Masonry tank,50,PVC,,5,9,,yes,7,8,Submersible Pump,Lowara,,198,Hybrid - Solar/Generator,Oelmo,50,SLA300M,21.6,,,no,,32.4,7,2300,1172,,Communal,yes,2020-09-22,9,3,yes,0.02,,,,,Cabdarashid yusuf muse,7733238,Community_e,,"1: Replacement some of main raising pipes.
2: Replacement of submersible pump
3: Replacement of electric cable.",2022-01-23,"1: Replacement of main raising pipes.
2: Construction of animal water troughs.
3: Construction of another elevated water tank due to population.
4: Construction of fencing which protect borehole to floods.
",,,,,,,,,,,,,,,,,
2022-02-24T09:55:03.339+03:00,2022-02-24T22:51:33.631+03:00,2022-02-24,borehole,2022-02-24,"Puntland Ministry of Energy, Minerals and Water",,Eng Mohamed Muse Abdi,bari,Qardho,Garihel,0.5,"Puntland Ministry of Energy, Minerals and Water",,2020-01-24,Gerihel borehole,9.2728326 49.41626 561.1 3.9,9.2728326,49.41626,561.1,3.9,no,,,1,rural urban,TRUE,TRUE,http://classic.ona.io/api/v1/files/24940819?filename=faoso/attachments/553460_Water_Sources_Data_Form_Oct_2020/1645686022867.jpg,yes,,yes,,30000,4000,200,45000,0.05,300,pvc,8,200,13,12,,,,,,,,,,,,,,,,,,,,,,,Concrete/Masonry tank,24,PVC,1000,500,4,2,yes,3,9,Submersible Pump,Lawara,,,Hybrid - Solar/Generator,Perkins,65,BYD400MIK-36,28,good,,no,,27.4,6.6,1400,700,,Communal,yes,2021-01-24,4,2,yes,0.001,yes,0.1,0.1,0.1,Cabdi cisman sharmarke,906002590,"Puntland Ministry of Energy, Minerals and Water",,Replacement of main raising pipes,2021-01-24,"Replacement of distribution pipe line
Extra solar panels 
Construction of caretaker room
Fencing
Construction of another animal troughs and kiosks.",,,,,,,,,,,,,,,,,
2022-02-24T14:27:31.719+03:00,2022-02-25T11:41:08.786+03:00,2022-02-24,borehole,2022-02-24,"Puntland Ministry of Energy, Minerals and Water",,Eng Mohamed Muse Abdi,bari,Qardho,Adisoone,1,Norwegian Refugee Council,,2018-03-24,Adisoone borehole,9.5310823 49.2307712 671.6 4.6,9.5310823,49.2307712,671.6,4.6,no,,,1,rural urban,TRUE,TRUE,http://classic.ona.io/api/v1/files/24953316?filename=faoso/attachments/553460_Water_Sources_Data_Form_Oct_2020/1645777290371.jpg,yes,,yes,,36000,5000,,30000,1,270,pvc,8,,,,,,,,,,,,,,,,,,,,,,,,,,Concrete/Masonry tank,48,Galvanised Steel,400,6000,1,3,yes,4,10,Submersible Pump,Lawara,,240,Hybrid - Solar/Generator,Perkins,50,GPS-300-330,26.4,good,,no,,30.5,6.8,2500,1250,,Communal,yes,2018-11-24,3,2,yes,0.001,yes,0.1,,0.06,Cabdulahi axmed siciid,907223980,"Puntland Ministry of Energy, Minerals and Water",,Replacement of main raising pipes,2021-11-24,"Construction of extra water kiosks.
Construction of animal troughs.
Pipes from borehole to elevated water tank, now the water tank is not functioning because lack of pipes.
Fencing
Installation of extra solar panels",,,,,,,,,,,,,,,,,
2022-02-24T11:15:24.459+03:00,2022-02-26T18:32:24.799+03:00,2022-02-24,dugwell,2022-02-24,"Puntland Ministry of Energy, Minerals and Water",,Khadra,nugaal,Eyl,Badey Eyl,0.3,Norwegian Church Aid,,2021-02-24,Dug well,7.9626331 49.8442485 -26.399999618530273 4.288,7.9626331,49.8442485,-26.39999962,4.288,no,,,2,urban,FALSE,TRUE,http://classic.ona.io/api/v1/files/24992515?filename=faoso/attachments/553460_Water_Sources_Data_Form_Oct_2020/1645690696398.jpg,yes,,yes,,4900,,,,,,,,,,,,,12,7,yes,16,10,,2,,,,,,,,,,,,,,Concrete/Masonry tank,50,Galvanised Steel,230,700,6,0,no,,,Submersible Pump,Lowara,2,6,Hybrid - Solar/Generator,Parkins,45,PS2-1800,1.8,good,,yes,Colorless and odorless,29.3,7.51,2420,1210,No sampled,Utility/Local Authority,,,,,yes,0.3,yes,0,0,0,Mukhtaar mohamed daahir,907630043,Norwegian Church Aid,,"Construction of ground water tank
Pipeline extension and water kiosks.
Construction of caretaker room.",2021-02-24,"Older dug well reconstruction
Rehabilitation of pipelines and extensions.
Solar power rehabilitation
Rehabilitation of solar panels.",,,,,,,,,,,,,,,,,
2022-02-24T10:37:27.111+03:00,2022-02-26T18:29:49.309+03:00,2022-02-24,spring,2022-02-24,"Puntland Ministry of Energy, Minerals and Water",,"Khadra
",nugaal,Eyl,Ildabey Eyl,0,Italian Government,,,Ildabey  Spring,7.9793394 49.8188707 14.899999618530273 4.502,7.9793394,49.8188707,14.89999962,4.502,no,,,2,urban,FALSE,TRUE,http://classic.ona.io/api/v1/files/24992679?filename=faoso/attachments/553460_Water_Sources_Data_Form_Oct_2020/1645688544008.jpg,yes,,yes,,20000,,,,,,,,,,,,,,,,,,,,,,,,,,yes,16,,,,,,Other,110,Galvanised Steel,2000,2150,10,,yes,15,90,Submersible Pump,Lowara,7.5,3,Hybrid - Solar/Generator,,,,,fair,Needs rehabilitation,yes,Colorless and odorless,30.1,7.1,2550,1285,No,Utility/Local Authority,,,,,yes,0.3,no,,,,Abdirashid salad geni,907665497,not_specified,,,,"1. Rehabilitation and reconstruction of spring.
2. Drilling of new spring",,,,,,,,,,,,,,,,,
2022-02-24T11:48:41.125+03:00,2022-02-25T10:49:08.783+03:00,2022-02-24,borehole,2022-02-24,"Puntland Ministry of Energy, Minerals and Water",,Eng Mohamed Muse Abdi,bari,Qardho,Jidad,0.5,Former Somali Government,,1987-07-24,Jidad borehole,9.4071044 49.5872312 563.2 4.55,9.4071044,49.5872312,563.2,4.55,no,,,1,rural urban,TRUE,TRUE,http://classic.ona.io/api/v1/files/24952828?filename=faoso/attachments/553460_Water_Sources_Data_Form_Oct_2020/1645732639580.jpg,yes,,yes,,12000,3500,,6000,,220,gi,8,144,4,11,,,,,,,,,,,,,,,,,,,,,,,Concrete/Masonry tank,48,Galvanised Steel,1800,2000,3,2,no,,,Submersible Pump,Lawara,,196,Hybrid - Solar/Generator,Perkins,40,,21.12,poor,The yield of water from borehole is very low.,no,,28.9,7.1,2600,1295,,Communal,yes,2010-02-25,4,4,no,,no,,,,Daauud maxamed cubayd,907738032,Danish Refugee Council (Puntland),,Replacement of pump and main raising pipes,2021-10-25,"Construction of new borehole.
Rehabilitation of kiosks and animal troughs.
Water purification.
Increasing of the borehole  yield.",,,,,,,,,,,,,,,,,
2022-02-26T11:52:34.368+03:00,2022-03-27T12:05:51.805+03:00,2022-02-26,borehole,2022-02-26,"Puntland Ministry of Energy, Minerals and Water",,Eng mohamed Muse cabdi,bari,Qardho,Xabaal reer,2,Islamic Development Bank,,2016-07-26,Xabaal reer borehole,9.8419043 49.3653397 782.5 4.1,9.8419043,49.3653397,782.5,4.1,no,,,1,rural urban,TRUE,TRUE,http://classic.ona.io/api/v1/files/25760591?filename=faoso/attachments/553460_Water_Sources_Data_Form_Oct_2020/1645865855221.jpg,yes,,yes,,5400,4000,400,10000,,380,pvc,8,306,6,20,,,,,,,,,,,,,,,,,,,,,,,Concrete/Masonry tank,32,Galvanised Steel,1000,,1,3,yes,3,9,Submersible Pump,Lawara,,324,Hybrid - Solar/Generator,Perkins,66,SZYL-M330-36,26.4,fair,"The yield is very low.
The village has no water supply.",no,,33.4,6.9,2770,1371,,Communal,yes,2017-02-26,7,2,yes,0.001,yes,0.2,0.2,0.2,Cabdirishiid maxamud adan,907764849,Community,,Replacement of main raising pipes,2022-01-07,"1: Replacement of distribution pipe lines
2: Construction of caretaker houses and toilet
3: Fencing.
4: Construction of extra borehole.
5: Installation of extra solar panels.
6: Replacement if submersible pump.",,,,,,,,,,,,,,,,,
2022-02-26T13:45:52.383+03:00,2022-02-27T17:02:47.937+03:00,2022-02-26,borehole,2022-02-26,"Puntland Ministry of Energy, Minerals and Water",,Khadra,nugaal,Eyl,Godobjiiraan,0.2,International Committee of The Red Cross,,2016-02-26,Godobjiiraan BH 2,7.5105982 49.4165263 123.2557373046875 4.288,7.5105982,49.4165263,123.2557373,4.288,no,,,2,rural urban,TRUE,TRUE,http://classic.ona.io/api/v1/files/24993223?filename=faoso/attachments/553460_Water_Sources_Data_Form_Oct_2020/1645872579220.jpg,yes,,yes,,,1000,,1500,0,210,pvc,8,,12,2,,1.3,,,,,,,,,,,,,,,,,,,,,Concrete/Masonry tank,28,Galvanised Steel,150,,1,2,no,,,Submersible Pump,,15,150,Hybrid - Solar/Generator,Parkins,35,YL365D_36b,25.5,fair,,yes,Colorless and odorless,32.6,7.33,5790,3879.3,No sampled,Communal,yes,2016-02-26,7,0,yes,,yes,0.07,,0.2,Bashir ciise axmed,907708187,Oxfam UK,,Construction of two latrines,2018-02-26,"1. Water is so hard, this borehole needs Water treatment/ drilling new borehole.
2. Construction of new kiosks.",,,,,,,,,,,,,,,,,
2022-02-26T15:28:01.785+03:00,2022-02-28T21:11:56.745+03:00,2022-02-26,borehole,2022-02-26,"Puntland Ministry of Energy, Minerals and Water",,Khadra,nugaal,Eyl,Xudun,1.5,Community,,2021-04-26,Xudun BH,7.5711089 49.2707202 213.53741455078125 3.93,7.5711089,49.2707202,213.5374146,3.93,no,,,1,rural,TRUE,FALSE,http://classic.ona.io/api/v1/files/25027649?filename=faoso/attachments/553460_Water_Sources_Data_Form_Oct_2020/1645878650157.jpg,yes,,yes,,5000,10000,,15000,0,121,gi,8,,12,15,,2,,,,,,,,,,,,,,,,,,,,,Concrete/Masonry tank,25,Galvanised Steel,300,,2,2,yes,20,120,Submersible Pump,Lowara,7.5,105,Generator,Parkins,35,,,poor,Under construction,yes,Colorless and odorless,32.1,7.52,490,250,No sampled,Communal,yes,2021-07-26,5,0,yes,0.1,yes,0.1,,0.1,Ahmed Khalif ciise,90742210,Community,,"Under construction ( elevated tank, kiosks, and animal thoughts)",2022-02-28,"1. Installation of solar power.
2. Needs  help with fuel.
3. Water committees training. 
4. Generator tools.
5. Fancing of borehole areas.",,,,,,,,,,,,,,,,,
2022-02-26T12:19:48.972+03:00,2022-02-27T16:55:01.957+03:00,2022-02-26,borehole,2022-02-26,"Puntland Ministry of Energy, Minerals and Water",,Khadra,mudug,Jariiban,Godobjiiran BH 1,0,Chinese Government,,1986-02-26,Godobjiraan BH 1,7.5139859 49.4103095 123.2557373046875 4.716,7.5139859,49.4103095,123.2557373,4.716,no,,,2,rural urban,TRUE,TRUE,http://classic.ona.io/api/v1/files/24993336?filename=faoso/attachments/553460_Water_Sources_Data_Form_Oct_2020/1645867507761.jpg,yes,,yes,,28000,1500,,10000,0,210,gi,6,,20,10,,1.5,,,,,,,,,,,,,,,,,,,,,Concrete/Masonry tank,36,Galvanised Steel,180,4000,6,3,yes,4,24,Submersible Pump,Gran fos,11,150,Hybrid - Solar/Generator,Parkins,45,SZYL_P300_36,15,fair,Needs rehabilitation,yes,Colorless and odorless ,31.6,7.7,2800,1876,No,Communal,yes,1986-02-26,4,1,yes,0.15,yes,0.05,,0.1,Abdinur xayir xirsi,907719293,KAALO Relief and Development,,Rehabilitation of elevated water tank,2017-02-26,"1. Drilling new borehole.
2.fancing borehole areas.
3. Rehabilitation of generators and caretaker rooms.
4. Needs to help fuel.
5. Construction of new kiosks.
6. Rehabilitation of kiosks.
7. Rehabilitation of animal thoughts.",,,,,,,,,,,,,,,,,
2022-02-26T10:50:59.039+03:00,2022-02-27T16:50:13.404+03:00,2022-02-26,borehole,2022-02-26,"Puntland Ministry of Energy, Minerals and Water",,Khadra,nugaal,Eyl,Godobcaduun,0.3,Community,,2019-02-26,Godobcaduun BH,7.6850481 49.5330711 143.090087890625 4.288,7.6850481,49.5330711,143.0900879,4.288,no,,,1,rural,TRUE,FALSE,http://classic.ona.io/api/v1/files/24993211?filename=faoso/attachments/553460_Water_Sources_Data_Form_Oct_2020/1645862159274.jpg,yes,,yes,,600,500,0,2000,0,260,pvc,8,,12,10,,2,,,,,,,,,,,,,,,,,,,,,Concrete/Masonry tank,60,Galvanised Steel,250,100,0,2,yes,2,12,Submersible Pump,,7.5,240,Hybrid - Solar/Generator,Parkins,50,SZYL-P326-36,22.7,fair,Needs rehabilitation of water supply,yes,Colorless and odorless,32.1,7.65,5200,2610,Sampled,Private/Individual,,,,,yes,0.1,yes,0.3,,0.03,Cadbi cawad,907951516,KAALO Relief and Development,,Installation of solar power,2019-02-26,"1. Construction of elevated water tank.
2. Construction of new kiosks.
3. New generator.
4. Rehabilitation of animal thoughts.
5. Operators  training.",,,,,,,,,,,,,,,,,
2022-02-27T08:25:54.261+03:00,2022-03-04T18:56:22.055+03:00,2022-02-27,borehole,2022-02-27,"Puntland Ministry of Energy, Minerals and Water",,Eng Mohamed Muse Abdi,bari,Qardho,Rako raaxo,0.5,Former Somali Government,,1958-04-27,Rako raaxo borehole 1,9.7826007 49.7291179 650.6 4.733,9.7826007,49.7291179,650.6,4.733,no,,,2,rural urban,TRUE,TRUE,http://classic.ona.io/api/v1/files/25130252?filename=faoso/attachments/553460_Water_Sources_Data_Form_Oct_2020/1645939729381.jpg,yes,,no,"15/1/2022
The pump stopped  the working",24000,4500,60,9000,0.25,480,gi,8,380,12,22,,,,,,,,,,,,,,,,,,,,,,,Concrete/Masonry tank,60,Galvanised Steel,400,,1,1,yes,10,9,Submersible Pump,Grundforce,,410,Hybrid - Solar/Generator,Perkins,60,JCNS-M36V360W,39,poor,"The water tanks are leaking, and there is no enough animal troughs.",no,,,,,,,Communal,yes,1998-09-19,2,3,yes,0.026,yes,0.1,0.1,0.2,Maxamed Cabdulahi Axmed,907728463,Other,,"Installation of solar power system.
Installation of new submersible pump.",2021-01-04,"Replacement of submersible pump and main raising pipes.
Construction of wall fencing.
Replacement of all distribution pipes.
Rehabilation of elevated water tank in order to stop water leaking.
Animal troughs and kiosks.
 A new generator.",,,,,,,,,,,,,,,Why was water quality not checked?,,
2022-02-27T09:05:19.282+03:00,2022-03-04T19:50:34.399+03:00,2022-02-27,borehole,2022-02-27,"Puntland Ministry of Energy, Minerals and Water",,Eng Mohamed Muse Abdi,bari,Qardho,Rako raaxo,4,Other,,2018-11-04,Rako raaxo borehole 2,9.7517126 49.7252112 639.0 4.7,9.7517126,49.7252112,639,4.7,no,,,2,rural urban,TRUE,TRUE,http://classic.ona.io/api/v1/files/25132227?filename=faoso/attachments/553460_Water_Sources_Data_Form_Oct_2020/1645942124971.jpg,yes,,yes,,12000,3500,60,7000,,450,pvc,8,360,12,20,,,,,,,,,,,,,,,,,,,,,,,Concrete/Masonry tank,32,Galvanised Steel,700,,,2,yes,8,9,Submersible Pump,Grundforce,,360,Hybrid - Solar/Generator,Perkins,60,S/M- 250W,36,good,,no,,33.3,6.4,3300,1609,,Communal,yes,1998-09-19,2,3,yes,0.026,yes,0.1,0.1,0.2,Mohamed Cabdulahi axmed,907728463,,,,,"Replacement of main  raising pipe and submersible pump.
Generator room
Construction elevated water tank for animals.
Water supply system for the town.",,,,,,,,,,,,,,,,,
2022-02-27T09:58:55.276+03:00,2022-03-10T10:37:34.007+03:00,2022-02-27,borehole,2022-02-27,"Puntland Ministry of Energy, Minerals and Water",,Eng Mohamed Muse Abdi,bari,Qardho,Qodax,1.5,Community_,,2020-02-27,Qodax borehole,9.6397862 49.8325483 560.1 4.96,9.6397862,49.8325483,560.1,4.96,no,,,1,rural urban,TRUE,TRUE,http://classic.ona.io/api/v1/files/25269820?filename=faoso/attachments/553460_Water_Sources_Data_Form_Oct_2020/1645945332363.jpg,yes,,no,"25/12/2021
The pump doesn't work",2100,1500,,5000,,320,pvc,8,202,13,20,,,,,,,,,,,,,,,,,,,,,,,Other,6,Galvanised Steel,1000,,4,2,yes,15,6,Submersible Pump,Lowara,,300,Hybrid - Solar/Generator,Perkins,45,JCNS-M36V390W,23.4,good,,no,,,,,,,Communal,no,,,,no,,yes,0.15,,0.1,Xasan Muse siciid,907542718,KAALO Relief and Development,,"Provision of generator
Construction of animal troughs 
Construction of Solar power installation 
Construction of kiosks
Distribution of water into the village 
Construction of ground tank which gives water into the village",2021-04-27,"Construction of elevated water tank 
Replacement of pump
Replacement of main raising pipes
Electric cable which connect to the generator and pump
Construction of animal troughs
Construction of extra solar power installation 
Construction of toilet and caretaker hause.
Cleaning of the solar.",,,,,,,,,,,,,,,Why was water quality not checked?,,
2022-02-27T08:45:18.345+03:00,2022-02-28T21:06:53.433+03:00,2022-02-27,borehole,2022-02-27,"Puntland Ministry of Energy, Minerals and Water",,Khadra,mudug,Jariiban,Ceelaxagar,0.5,United Nations Children's Fund,,2021-09-27,Ceelxagar BH,7.4204451 49.273574 152.23663330078125 4.288,7.4204451,49.273574,152.2366333,4.288,no,,,1,rural urban,TRUE,TRUE,http://classic.ona.io/api/v1/files/25027660?filename=faoso/attachments/553460_Water_Sources_Data_Form_Oct_2020/1645941373077.jpg,yes,,yes,,12000,15000,,20000,0,139,pvc,8,,17.5,24,,2.4,,,,,,,,,,,,,,,,,,,,,Concrete/Masonry tank,42,Galvanised Steel,120,,1,2,yes,40,240,Submersible Pump,,11,115,Generator,Parkins,30,,,good,,yes,Colorless and odorless,32.6,7.26,610,408.7,Sampled,Communal,yes,2021-10-27,4,0,yes,0.05,yes,0.1,,0.1,Abdiweli mohamed  jaama,907022172,United Nations Children's Fund,,Construction of elevated water tank,2021-12-27,"1. Installation of solar power 
2. Extension
3. Fuel.
4. Construction of new kiosks.
5. Extension pipelines from to village.
6. Operation tools.
7. PVC pipe changing to GI pipes.
8. Extension and Construction of animal thoughts.",,,,,,,,,,,,,,,,,
2022-02-27T14:13:29.947+03:00,2022-03-09T22:30:26.433+03:00,2022-02-27,borehole,2022-02-27,"Puntland Ministry of Energy, Minerals and Water",,Eng Mohamed Muse Abdi,bari,Qardho,Maygaag,2,Community_,,2015-06-27,Maygaag borehole,9.5248817 49.9265509 472.79999999999995 4.8,9.5248817,49.9265509,472.8,4.8,no,,,1,rural urban,TRUE,TRUE,http://classic.ona.io/api/v1/files/25261485?filename=faoso/attachments/553460_Water_Sources_Data_Form_Oct_2020/1646853915711.jpg,yes,,yes,,6000,3000,,8500,,240,pvc,8,,10,15,,,,,,,,,,,,,,,,,,,,,,,Concrete/Masonry tank,76,Galvanised Steel,2500,,7,3,yes,8,9,Submersible Pump,Lowara,,204,Hybrid - Solar/Generator,Perkins,30,JCNS-M36V390W,19.8,good,The village has water supply system and 7 kiosks which provide the water to the village.,no,,31.7,7.1,5300,2600,,Communal,yes,2015-08-02,5,2,no,,yes,0.1,,0.1,Jamac maxamed cali,905089525,Community,,"Construction of Solar power system
Placement of water supply distribution pipe lines",2021-01-07,"Water purification because the maygag borehole is over salt.
Construction of another elevated water tank.
Division of pipes lines which acess the animal troughs
Replacement of pipes which acess water kiosks in the village.
Construction of another water kiosks.
Construction of toilet and caretaker room.
Water purification.",,,,,,,,,,,,,,,,,
2022-02-27T11:06:10.566+03:00,2022-03-09T21:59:57.897+03:00,2022-02-27,borehole,2022-02-27,"Puntland Ministry of Energy, Minerals and Water",,Eng Mohamed Muse Abdi,bari,Qardho,Xunbays,1,Community,,2017-02-27,Xunbays borehole,9.6390728 49.892484 539.1 4.8,9.6390728,49.892484,539.1,4.8,no,,,1,rural urban,TRUE,TRUE,http://classic.ona.io/api/v1/files/25259499?filename=faoso/attachments/553460_Water_Sources_Data_Form_Oct_2020/1645949670455.jpg,yes,,yes,,9000,4500,,10000,,320,pvc,8,,5,14,,,,,,,,,,,,,,,,,,,,,,,Concrete/Masonry tank,122,Galvanised Steel,4000,70,2,3,yes,13,8,Submersible Pump,Lowara,,258,Hybrid - Solar/Generator,Perkins,45,JCNS-M36V360W,24.48,good,"The xumbays city has water supply system, despite the yield of borehole is very low,  
Elevated water tanks, water supply all are donored by the local community.",no,,30.3,7.3,4100,2100,,Communal,yes,2015-02-27,6,3,no,,yes,0.1,,0.1,Cabdulahi Maxamed Cisman,907946915,USA International Development,,Installation of solar power system.,2020-06-27,"Replacement of main raising pipes.
Replacement of pump.
Replacent of electric cable which connect pump and generator.
Construction of two extra animal troughs 
Construction water trucking kiosks.
Construction of generator house and toilet.",,,,,,,,,,,,,,,,,
2022-02-27T12:00:43.480+03:00,2022-03-02T06:38:35.477+03:00,2022-02-27,borehole,2022-02-27,"Puntland Ministry of Energy, Minerals and Water",,Khadra,mudug,Jariiban,Kulub,12,,,,Kutub BH,7.1254653 49.3484248 10.359375 4.556,7.1254653,49.3484248,10.359375,4.556,no,,,1,rural,TRUE,FALSE,http://classic.ona.io/api/v1/files/25059763?filename=faoso/attachments/553460_Water_Sources_Data_Form_Oct_2020/1645952600435.jpg,yes,,no,All water system destroyed ,,,,,0,70,pvc,8,,,,,,,,,,,,,,,,,,,,,,,,,,Concrete/Masonry tank,60,,,,,,no,,,Submersible Pump,,,,Generator,,,,,poor,All systems disfunction ,yes,Colorless and odorless ,29.2,7.51,6350,4254.5,No sample,Communal,no,,,,no,,no,,,,Cusmaan jama diirshe,,,,,,"1. Emergency 
2. Drilling new borehole 
3. Water supply construction ",,"the sources is 12 Km away, how is this possible?",,,,,,,,,,,,,,,
2022-02-28T13:37:43.463+03:00,2022-03-03T06:59:43.997+03:00,2022-02-28,borehole,2022-02-28,"Puntland Ministry of Energy, Minerals and Water",,Khadra,mudug,Jariiban,Gocosaale,,Community,,2021-04-28,Gocosaale BH,6.8633508 49.0177023 25.7310791015625 4.716,6.8633508,49.0177023,25.7310791,4.716,no,,,1,rural,TRUE,FALSE,http://classic.ona.io/api/v1/files/25087198?filename=faoso/attachments/553460_Water_Sources_Data_Form_Oct_2020/1646044935017.jpg,yes,,yes,,500,1000,70,5000,0,180,pvc,8,,8,24,,2,,,,,,,,,,,,,,,,,,,,,Concrete/Masonry tank,50,Galvanised Steel,150,,2,4,yes,20,8,Submersible Pump,,11,150,Generator,Parkins,30,,,poor,Under construction,yes,Colorless and odorless,32,7.41,728,362,,Communal,no,,,,yes,0.05,yes,0.15,0.1,0.15,Mohamed abdullahi yusuf,907755718,,,,,"1. Fancing of borehole 
2. Pump rehabilitation 
3. Construction of generator room 
4. Installation of solar power 
5.  Water committees training.
6. Operation tools.",,,,,,,,,,,,,,,,,
2022-02-28T10:48:46.106+03:00,2022-03-02T07:40:50.812+03:00,2022-02-28,borehole,2022-02-28,"Puntland Ministry of Energy, Minerals and Water",,Khadra,mudug,Jariiban,Towfiiq,0.3,,,2016-02-28,Towfiq BH 1,6.6137593 48.8710917 2.804473876953125 4.824,6.6137593,48.8710917,2.804473877,4.824,no,,,2,rural urban,TRUE,TRUE,http://classic.ona.io/api/v1/files/25060049?filename=faoso/attachments/553460_Water_Sources_Data_Form_Oct_2020/1646034958686.jpg,yes,,yes,,14000,10000,800,15000,0,84,pvc,8,,12,12,,2,,,,,,,,,,,,,,,,,,,,,Concrete/Masonry tank,30,Galvanised Steel,1500,2000,8,2,yes,16,96,Submersible Pump,,11,72,Generator,Parkins,45,,,fair,Extension of animal thoughts,yes,Colorless and odorless,29.8,7.13,6450,3130,Sampled,Communal,yes,2016-02-28,3,2,yes,0.05,yes,0.15,0.1,0.15,Abdirazak ahmed jama,907375196,CARE Somalia,,"1.Construction of elevated water tank 
2. Construction of caretaker room.",2021-12-28,"1. Installation of solar power 
2. Construction of animal thoughts
3. Construction of new generator room
4. Rehabilitation of elevated water tank.
5. Extension of pipelines systems.",,,,,,,,,,,,,,,,,
2022-02-28T10:19:24.761+03:00,2022-03-02T07:48:03.708+03:00,2022-02-28,borehole,2022-02-28,"Puntland Ministry of Energy, Minerals and Water",,Khadra,mudug,Jariiban,Towfiiq,0.8,Community,,2016-02-28,Towfiiq BH 1,6.6146549 48.8797355 9.704376220703125 4.759,6.6146549,48.8797355,9.704376221,4.759,no,,,2,rural urban,TRUE,TRUE,http://classic.ona.io/api/v1/files/25059991?filename=faoso/attachments/553460_Water_Sources_Data_Form_Oct_2020/1646032962266.jpg,yes,,yes,,14000,3000,500,15000,0,92,pvc,8,,15.3,14,,2,,,,,,,,,,,,,,,,,,,,,Concrete/Masonry tank,70,Galvanised Steel,150,,1,3,yes,15,90,Submersible Pump,Lowara,24,72,Generator,Dos,30,,,good,,yes,Colorless and odorless,29.8,7.13,1150,553,,Communal,yes,2016-02-28,3,1,yes,0.1,yes,0.15,0.2,0.1,Abdullahi jama,907640444,,,,,"1. Installation of solar power.
2. Fuel supporting.
3. Construction of new kiosks.
4. Operation tools.",,,,,,,,,,,,,,,,,
2022-02-28T11:14:07.716+03:00,2022-04-18T11:57:33.748+03:00,2022-02-28,borehole,2022-02-28,"Puntland Ministry of Energy, Minerals and Water",,Yusuf salad,bari,Qardho,Dhudhub,0.5,not_specified,Minstry of water and energy federal Republic of somalia,2014-02-28,Dhudhub borehole,9.2356349 49.9205093 438.1 4.9,9.2356349,49.9205093,438.1,4.9,no,,,1,rural urban,TRUE,TRUE,http://classic.ona.io/api/v1/files/26198032?filename=faoso/attachments/553460_Water_Sources_Data_Form_Oct_2020/1646036389590.jpg,yes,,yes,,12000,4000,,7000,,410,pvc,8,140,10,15,,,,,,,,,,,,,,,,,,,,,,,Concrete/Masonry tank,60,Galvanised Steel,4200,,5,2,yes,5,9,Submersible Pump,Lawara,,204,Hybrid - Solar/Generator,Perkins,50,300-72M,29.4,fair,"The water demand of the dhudhub is very high.
No sufficient water kiosks in the village",no,,38.5,7.2,3830,1910,,Communal,yes,2015-06-28,5,2,no,,yes,0.1,,0.1,Cabdi maxamed ismacil,907998377,"Puntland Ministry of Energy, Minerals and Water",,Replacement of main raising pipes.,2021-09-15,"1: Water supply system which gives water to village.
2: Replacement of all  distribution pipe lines.
3: Fencing.
4: Rehabilitation of elevated water tank in order to stop water leaking.",,,,,,,,,,,,,,,,,
2022-02-28T07:09:10.678+03:00,2022-03-02T06:46:38.245+03:00,2022-02-28,borehole,2022-02-28,"Puntland Ministry of Energy, Minerals and Water",,Garacad,mudug,Jariiban,Garacad 1,0.5,CARE Somalia,,2006-02-28,Garacad BH 1,6.9437939 49.3254529 -21.874237060546875 4.824,6.9437939,49.3254529,-21.87423706,4.824,no,,,3,urban,FALSE,TRUE,http://classic.ona.io/api/v1/files/25059919?filename=faoso/attachments/553460_Water_Sources_Data_Form_Oct_2020/1646021531486.jpg,yes,,yes,,15000,,,,,7,pvc,8,,2,5,,2,,,,,,,,,,,,,,,,,,,,,Concrete/Masonry tank,13,Galvanised Steel,1500,134,0,,no,,,Submersible Pump,,1.5,5,Solar,,,,,poor,"Because of more saline in water, the water supply corrosion than destroyed ",yes,Very saline water,29.1,7.8,7240,4850,No,Utility/Local Authority,,,,,no,,no,,,,Mohamud abdisamad,906883388,,,,,"1.Drilling new borehole far away for this borehole because this borehole so saline
2. Rehabilitation and reconstruction all water supply.",,,,,,,,,,,,,,,,,
2022-02-28T06:48:02.328+03:00,2022-03-02T06:50:47.672+03:00,2022-02-28,borehole,2022-02-28,"Puntland Ministry of Energy, Minerals and Water",,Khadra,mudug,Jariiban,Garacad,2.8,Community,,2021-10-28,Garacad 2,6.9727697 49.2928211 1.60528564453125 4.044,6.9727697,49.2928211,1.605285645,4.044,no,,,3,urban,FALSE,TRUE,http://classic.ona.io/api/v1/files/25059770?filename=faoso/attachments/553460_Water_Sources_Data_Form_Oct_2020/1646020312429.jpg,no,1,no,The water supply of this borehole still constructing,,,,,,43,pvc,8,,10,,,,,,,,,,,,,,,,,,,,,,,,,,Galvanised Steel,,,,,no,,,Surface mounted Pump,,,,Solar,,,,,poor,Under construction,no,,,,,,No,Communal,no,,,,no,,no,,,,Mohamud abdisamad,906883388,,,,,"1. Emergency 
2. Installation of generator
3. Fancing borehole ",,,,,,,,,,,,,,,Why was water quality not checked?,,
2022-02-28T09:12:02.849+03:00,2022-03-10T12:08:51.038+03:00,2022-02-28,spring,2022-02-28,"Puntland Ministry of Energy, Minerals and Water",,Mohamed Muse Abdi,bari,Qardho,Dhuudo,0.5,Community,,1900-04-28,Dhuudo spring,9.3262517 50.2084952 271.1 4.0,9.3262517,50.2084952,271.1,4,no,,,1,rural urban,TRUE,TRUE,http://classic.ona.io/api/v1/files/25271826?filename=faoso/attachments/553460_Water_Sources_Data_Form_Oct_2020/1646902334921.jpg,yes,,yes,,4800,2000,,5000,,,,,,,,,,,,,,,,,,,,,,,no,6,,,,,,,,,,,,,yes,20,9,,,,,,,,,,poor,"There is no distribution pipe lines, elevated water tank, submersible pump, main raising pipes.
All pipes become rusted and not functioning.
The community uses water trucking from dhuudo spring.",no,,27,6.95,1200,590,,Communal,no,,,,no,,no,,,,,,Community,,"Construction of reinforced concrete slab which protect the mouth of the spring., installation of submersible pump.
Construction of small elevated water tank. and water kiosks in the village.
",2005-07-15,"Construction of elevated water tank
Placeme of distribution pipe lines.
Placement of main raising pipes and submersible pump. 
Construction of kiosks and animal troughs.",,,,,,,,,,,,,,,,,
2022-02-28T15:25:56.131+03:00,2022-03-10T10:56:10.058+03:00,2022-02-28,dugwell,2022-02-28,"Puntland Ministry of Energy, Minerals and Water",,Mohamed Muse Abdi,bari,Bandarbeyla,Bixin,0.4,Community_,,2010-03-20,Bixin dug well,9.0879912 50.4303314 144.7 4.7,9.0879912,50.4303314,144.7,4.7,no,,,1,rural urban,TRUE,TRUE,http://classic.ona.io/api/v1/files/25270015?filename=faoso/attachments/553460_Water_Sources_Data_Form_Oct_2020/1646051339176.jpg,yes,,yes,,3000,500,,3500,,,,,,,,,,,,yes,4,8,,,,,,,,,,,,,,,,Concrete/Masonry tank,6,Galvanised Steel,450,2,7,1,yes,3,7,Submersible Pump,Lowara,,7,Solar,,,,3,fair,The yield of the dug well is very low.,no,,31,7.2,2500,1250,,Communal,yes,2020-01-10,3,2,no,,no,,,,Mohamed ahmed caynab,907355311,CARE Somalia,,"Construction of Kiosks and water tank and pipeline distribution.
Solar&Generator.",2020-02-26,"Digging deeper of the dug well in order to increase yield of dug well.
Extension of pipelines
Rehabilitation of kiosks and building more kiosks.
New dug well.
Elevated water tank for agricultural use",,,,,,,,,,,,,,,,,
2022-03-01T12:23:01.962+03:00,2022-03-03T08:05:04.588+03:00,2022-03-01,borehole,2022-03-01,"Puntland Ministry of Energy, Minerals and Water",,Khadra,mudug,Jariiban,Buubi,0.8,Tadamun Social Society,,2012-03-01,Buubi BH 1,7.1372288 48.3790241 174.42401123046875 3.216,7.1372288,48.3790241,174.4240112,3.216,no,,,2,rural urban,TRUE,TRUE,http://classic.ona.io/api/v1/files/25087203?filename=faoso/attachments/553460_Water_Sources_Data_Form_Oct_2020/1646126762031.jpg,yes,,yes,,4900,800,50,12000,0,303,pvc,8,,4,12,,3,,,,,,,,,,,,,,,,,,,,,Concrete/Masonry tank,40,Galvanised Steel,2,130,1,4,yes,6,35,Submersible Pump,Green fos,11,278,Generator,Parkins,45,,,fair,,yes,Colorless and odorless,34.1,7.4,1035,503,Sampled,Communal,no,,,,yes,0.1,yes,0.1,0.1,0.1,Yusuf ahmed abdinur,907783240,CARE Somalia,,Construction of elevated water tank,2020-10-01,"Installation of solar power 
Operator incentive support. 
Support of fuel",,,,,,,,,,,,,,,,,
2022-03-01T14:04:12.133+03:00,2022-03-03T08:08:56.640+03:00,2022-03-01,borehole,2022-03-01,"Puntland Ministry of Energy, Minerals and Water",,Khadra,mudug,Jariiban,Jariiban,1.2,Community,,2018-03-01,Sallax BH,7.2893979 48.3183991 174.42401123046875 3.216,7.2893979,48.3183991,174.4240112,3.216,no,,,1,rural urban,TRUE,TRUE,http://classic.ona.io/api/v1/files/25087357?filename=faoso/attachments/553460_Water_Sources_Data_Form_Oct_2020/1646132932445.jpg,yes,,yes,,2800,2500,100,8000,0,303,pvc,8,,13.3,18,,1.3,,,,,,,,,,,,,,,,,,,,,Concrete/Masonry tank,40,Galvanised Steel,250,,1,2,yes,30,180,Submersible Pump,Lowara,18,180,Generator,Parkins,50,,,good,,yes,Colorless and odorless ,34.6,7.2,825,410,No,Communal,yes,2018-03-01,2,2,yes,0.1,yes,0.1,0.01,0.1,Jamaal ahmed  warsame,907611319,CARE Somalia,,"1. Construction of elevated water tank 
2. Construction of animal thoughts and kiosk",2019-03-01,"1. Installation of solar power 
2. Support of fuel.",,,,,,,,,,,,,,,,,
2022-03-01T10:30:43.114+03:00,2022-03-01T13:40:26.491+03:00,2022-03-01,spring,2022-03-01,"Puntland Ministry of Energy, Minerals and Water",,Team bari and sanag,bari,Bandarbeyla,Qundheed,3,Other,,,Qundheed spring,8.9007643 50.4397341 5.799999999999997 4.94,8.9007643,50.4397341,5.8,4.94,no,,,1,rural urban,TRUE,TRUE,http://classic.ona.io/api/v1/files/25760697?filename=faoso/attachments/553460_Water_Sources_Data_Form_Oct_2020/1646121329644.jpg,yes,,yes,,3000,2500,,5000,,,,,,,,,,,,,,,,,,,,,,,yes,10,,,,,,Concrete/Masonry tank,20,Galvanised Steel,3000,,2,2,yes,4,8,Submersible Pump,Lawara,,,Generator,Perkins,30,,,,,no,,,,,,,Communal,yes,2007-01-01,5,2,no,,yes,0.15,,0.1,Cabdrisaq Muse farax,907567861,International Rescue Committee,,"Replacement of distribution pipe lines
Provision of generator 
Provision of electric cable which access generator",2021-02-03,"Installation of solar power system
Replacement the Roof of the caretaker and generator  rooms
Construction of extra kiosks",,,,,,,,,,,,,,,Why was water quality not checked?,,
2022-03-01T10:30:08.093+03:00,2022-03-03T07:35:05.086+03:00,2022-03-01,borehole,2022-03-01,"Puntland Ministry of Energy, Minerals and Water",,Khadra,mudug,Jariiban,Jariiban,0,WDA - Water Development Agency,,1986-03-01,Seemade BH 1,7.1558815 48.6113718 186.0755615234375 3.93,7.1558815,48.6113718,186.0755615,3.93,no,,,2,rural urban,TRUE,TRUE,http://classic.ona.io/api/v1/files/25087314?filename=faoso/attachments/553460_Water_Sources_Data_Form_Oct_2020/1646120097439.jpg,yes,,yes,,3500,5000,0,10000,0,200,pvc,8,,140,12,,2,,,,,,,,,,,,,,,,,,,,,Concrete/Masonry tank,28,Galvanised Steel,250,,1,2,yes,5,8,Submersible Pump,,15,180,Hybrid - Solar/Generator,Parkins,32,340Wp,15,fair,The koisks of this water supply needs rehabilitation ,yes,Colorless and odorless,31.5,7.26,54600,2670,Sampled,Communal,yes,1990-03-01,3,1,yes,0.05,yes,0.1,,0.1,Yaasin Ali mire,907651431,not_specified,,Construction of elevated water tank,2017-02-01,"1. Construction of new elevated tank. 
2. Construction of new kiosks.
3. Rehabilitation and reconstruction of animal thoughts. 
4. Construction of new generator room
5. Extension and rehabilitation of pipelines.",,,,,,,,,,"Confirm yield, seems too high",,,,,not realistic 54600,,
2022-03-01T08:27:34.699+03:00,2022-03-03T07:09:25.805+03:00,2022-03-01,borehole,2022-03-01,"Puntland Ministry of Energy, Minerals and Water",,Khadra,mudug,Jariiban,Jariiban,0,WDA - Water Development Agency,,1986-03-01,Jariiban BH 1,7.2187338 48.8492715 150.09999084472656 4.502,7.2187338,48.8492715,150.0999908,4.502,no,,,3,rural urban,TRUE,TRUE,http://classic.ona.io/api/v1/files/25087264?filename=faoso/attachments/553460_Water_Sources_Data_Form_Oct_2020/1646112849933.jpg,yes,,yes,,21000,2000,200,5000,0,145,pvc,8,75,9.5,19,,2.3,,,,,,,,,,,,,,,,,,,,,Concrete/Masonry tank,22,Galvanised Steel,500,,5,2,yes,30,12,Submersible Pump,,15,125,Hybrid - Solar/Generator,Parkins,45,,,fair,Needs rehabilitation of kiosks,yes,Colorless and odorless ,29.3,7.61,4610,2270,Sampled,Utility/Local Authority,,,,,yes,0.05,yes,0.05,0.05,0.05,Daahir Ali mohamed,907553254,World Vision,,Construction of elevated water tank,2016-03-01,"1. Rehabilitation and reconstruction of ground water tank.
2. Construction of new kiosks
4. Rehabilitation of animal thoughts. 
5. Rehabilitation and extension of pipelines.",,,,,,,,,,,,,,,,,
2022-03-01T07:34:06.183+03:00,2022-03-09T22:15:42.223+03:00,2022-03-01,spring,2022-03-01,"Puntland Ministry of Energy, Minerals and Water",,Eng Mohamed Muse Abdi,bari,Bandarbeyla,Dhalinbaar,1,Other,,,Dharinbaar spring,8.9321246 50.4732425 -4.700000000000003 5.0,8.9321246,50.4732425,-4.7,5,no,,,1,rural urban,TRUE,TRUE,http://classic.ona.io/api/v1/files/25260647?filename=faoso/attachments/553460_Water_Sources_Data_Form_Oct_2020/1646852927279.jpg,yes,,yes,,1200,800,,3000,,,,,,,,,,,,,,,,,,,,,,,no,3,,,,,,Concrete/Masonry tank,28,Galvanised Steel,1000,1,8,1,yes,5,5,Submersible Pump,Lowara,,,Generator,Perkins,45,,,poor,"The yield of the spring is very low, it needs rehabilitation in order to increase its yield",no,,27,7,3000,1500,,Communal,no,,,,no,,yes,0.1,,0.05,Maxamed Cabdulahi Cali,907496769,"Puntland Ministry of Energy, Minerals and Water",,Supplied  of electric cable ,2019-03-01,"Replecement of pump 
Replacement of electric cable which acess generator
Construction of animal troughs
Installation of solar power system.
Replacement of all rusted distribution pipe lines
Rehabilitation of elevated water tank in order to stop water leaking.",,,,,,,,,,,,,,,,,
2022-03-01T14:15:51.053+03:00,2022-03-27T11:53:49.246+03:00,2022-03-01,spring,2022-03-01,"Puntland Ministry of Energy, Minerals and Water",,Eng yusuf Salad,bari,Bandarbeyla,Falfalax,1,not_specified,Natural spring.,,Falfax spring,8.7729069 50.3993004 19.4 4.666,8.7729069,50.3993004,19.4,4.666,no,,,1,rural urban,TRUE,TRUE,http://classic.ona.io/api/v1/files/25760305?filename=faoso/attachments/553460_Water_Sources_Data_Form_Oct_2020/1648370833609.jpg,yes,,no,"2018, hayaan cyclone",1200,150,,2000,0.5,,,,,,,,,,,,,,,,,,,,,,no,9,,,,,,Concrete/Masonry tank,22,Stainless Steel,1500,,2,2,yes,5,8,Submersible Pump,Lawara,,,Generator,Chinese generator ,37,,,poor,"The supply system is broken and also the pipes has a rest, and the spring's catchment is totally being destroyed by the cyclone.",no,,31,7.3,2400,1300,,Communal,yes,2012-02-01,2,1,yes,0.05,yes,0.3,,0.03,Muse khalid mohamed,907410501,Muslim Aid,,"They made 2kiosks, 2 animal troughs and the elevated water tank.",2016-03-01,"1: Solar power installation 
2: Provision of pump 
3: Placement of of all distribution pipes.
4: Rehabilitation of kiosks
5: Rehabilation of elevated water tank in order to stop water leaking.
6: Rehabilitation of animal troughs.",,,,,,,,,,,,,,,,,
2022-03-01T09:02:57.232+03:00,2022-03-03T07:16:32.203+03:00,2022-03-01,borehole,2022-03-01,"Puntland Ministry of Energy, Minerals and Water",,Khadra,mudug,Jariiban,Jariiban,0,WDA - Water Development Agency,,1986-03-01,Jariiban BH 2,7.2139241 48.8476088 148.8538818359375 4.824,7.2139241,48.8476088,148.8538818,4.824,no,,,3,rural urban,TRUE,TRUE,http://classic.ona.io/api/v1/files/25087280?filename=faoso/attachments/553460_Water_Sources_Data_Form_Oct_2020/1646115363113.jpg,yes,,yes,,21000,,,,0,182,pvc,8,,14,15,,2,,,,,,,,,,,,,,,,,,,,,Concrete/Masonry tank,24,Galvanised Steel,200,,1,2,yes,40,8,Submersible Pump,Green fos,11,126,Generator,Parkins,45,,,poor,"This supply needs extension pipelines,  new kiosks, and solar power",yes,Colorless and odorless,27.6,7.43,1205,603,No,Communal,yes,2016-03-01,3,2,yes,0,yes,0,0,0,Mohamud abdirahman kulmiye,907760330,CARE Somalia,,"1. Construction of elevated water tank 
2. Construction Caretaker rooms 
3. Pipe rehabilitation",2021-11-01,"1. Emergency
2. Installation of solar power
3. Fancing
4.  operator support 
5. Emergency of supporting of fuel.",,,,,,,,,,,,,,,,,
2022-03-01T12:56:08.674+03:00,2022-03-03T08:04:14.695+03:00,2022-03-01,borehole,2022-03-01,"Puntland Ministry of Energy, Minerals and Water",,Khadra,mudug,Jariiban,Buubi,1.3,Community,,2021-03-01,Buubi BH 2,7.1359533 48.3888229 174.42401123046875 4.288,7.1359533,48.3888229,174.4240112,4.288,no,,,2,rural urban,TRUE,TRUE,http://classic.ona.io/api/v1/files/25087213?filename=faoso/attachments/553460_Water_Sources_Data_Form_Oct_2020/1646128839535.jpg,yes,,yes,,,,,,0,140,pvc,8,,8,3,,2,,,,,,,,,,,,,,,,,,,,,Other,,,,,,,,,,Submersible Pump,,7.5,104,,,,,,poor,Under constructing,yes,Colorless and odorless ,36.5,7.1,980,485,No,Communal,no,,,,no,,no,,,,Cawil said yaqub,907572975,,,,,"Emergency ( elevated water tank, kiosks,  and animal thoughts)",,,,,,,,,,,,,,,,,
2022-03-01T10:58:24.714+03:00,2022-03-03T07:54:06.570+03:00,2022-03-01,borehole,2022-03-01,"Puntland Ministry of Energy, Minerals and Water",,Khadra,mudug,Jariiban,Seemade,0.7,Community,,2021-12-01,Seemade BH 2,7.1617488 48.6013688 174.79931640625 3.866,7.1617488,48.6013688,174.7993164,3.866,no,,,2,urban rural,TRUE,TRUE,http://classic.ona.io/api/v1/files/25087331?filename=faoso/attachments/553460_Water_Sources_Data_Form_Oct_2020/1646121683409.jpg,no,0,no,Still under constructing of the water supply,,,,,0,212,pvc,8,,14,,,3,,,,,,,,,,,,,,,,,,,,,,,,,,,,no,,,,,,,,,,,,poor,Still constructing,no,,,,,,No,Communal,no,,,,no,,no,,,,Abdiwaaxid ahmed xassen,907664323,,,,,1. Emergency ( construction of all water supply system).,,,,,,,,,,,,,,,Why was water quality not checked?,,
2022-03-01T09:33:57.021+03:00,2022-03-03T07:24:37.600+03:00,2022-03-01,dugwell,2022-03-01,"Puntland Ministry of Energy, Minerals and Water",,Khadra,mudug,Jariiban,Jariiban,0,Community,,,Jariiban Shallow well,7.2120145 48.850589 150.09999084472656 3.866,7.2120145,48.850589,150.0999908,3.866,no,,,3,rural urban,TRUE,TRUE,http://classic.ona.io/api/v1/files/25087286?filename=faoso/attachments/553460_Water_Sources_Data_Form_Oct_2020/1646116593878.jpg,yes,,yes,,500,500,150,750,0,,,,,,,,,4,,no,7,12,,,,,,,,,,,,,,,,Other,,Galvanised Steel,,,,,yes,5,6,No Pump,,,,,,,,,poor,There is no any water supply system ,yes,Contaminated,29.1,7.38,743,365,No,Communal,no,,,,,,,,,,Dayib,907628368,,,,,"1. Emergency( construction all water supply)
2. Cover of dug well
3. Water quality testing
",,,,,,,,,,,,,,,,,
2022-03-02T11:25:41.426+03:00,2022-03-06T06:09:49.558+03:00,2022-03-02,borehole,2022-03-02,"Puntland Ministry of Energy, Minerals and Water",,"Khadra
Mohamed 
Barre",mudug,Gaalkacyo,Gacmofale,0.6,Danish Refugee Council (Puntland),,2021-10-02,Gacmofale BH 2,7.0354983 47.768711 281.80621337890625 4.931,7.0354983,47.768711,281.8062134,4.931,no,,,2,rural urban,TRUE,TRUE,http://classic.ona.io/api/v1/files/25162468?filename=faoso/attachments/553460_Water_Sources_Data_Form_Oct_2020/1646209676718.jpg,yes,,yes,,1750,2500,,8000,0,250,pvc,8,,20,10,,1.5,,,,,,,,,,,,,,,,,,,,,Concrete/Masonry tank,50,Galvanised Steel,500,200,5,4,yes,7,8,Submersible Pump,Franklin,20,120,Generator,CEOLMO,30,,,good,,yes,Colorless and odorless,29,7.61,3050,1495,,Communal,yes,2021-12-02,3,2,yes,0.05,yes,0.1,0.1,0.1,Osman mohamud osmaan,97849012,,,,,1. Installation of solar power.,,,,,,,,,,,,,,,,,
2022-03-02T15:43:27.546+03:00,2022-03-03T13:52:43.561+03:00,2022-03-02,spring,2022-03-02,"Puntland Ministry of Energy, Minerals and Water",,Mohamed Muse Abdi,bari,Bandarbeyla,Ceel dhidar,1,,,,Ceel dhidar spring,9.2725433 50.704176 34.599999999999994 4.94,9.2725433,50.704176,34.6,4.94,no,,,1,rural urban,TRUE,TRUE,http://classic.ona.io/api/v1/files/25093338?filename=faoso/attachments/553460_Water_Sources_Data_Form_Oct_2020/1646225118156.jpg,yes,,yes,,1200,1000,,15000,,,,,,,,,,,,,,,,,,,,,,,no,6,,,,,,Concrete/Masonry tank,40,Galvanised Steel,1000,,2,3,yes,10,10,Submersible Pump,Lawara,,,Generator,Perkins,33,,,,,no,,34.5,7.1,3050,1500,,Communal,no,,,,yes,0.15,yes,0.1,,0.1,Cali Muse cise,907617086,Islamic Relief Somalia,,"Construction of elevated water tank
 fencing",2021-01-02,"Replacement of pump.
Replacement of all distribution pipes.
Installation of solar power system.",,,,,,,,,,,,,,,,,
2022-03-02T10:24:38.183+03:00,2022-03-06T06:07:59.464+03:00,2022-03-02,borehole,2022-03-02,"Puntland Ministry of Energy, Minerals and Water",,"Khadra
Mohamed 
Barre",mudug,Gaalkacyo,Ceelbardaale,,,,2010-03-02,Ceelbardaale BH,7.0662259 47.8745802 267.22467041015625 4.288,7.0662259,47.8745802,267.2246704,4.288,no,,,1,rural urban,TRUE,TRUE,http://classic.ona.io/api/v1/files/25162462?filename=faoso/attachments/553460_Water_Sources_Data_Form_Oct_2020/1646206207866.jpg,yes,,yes,,1750,2000,,5000,0,180,pvc,8,,15,12,,2,,,,,,,,,,,,,,,,,,,,,Concrete/Masonry tank,18,Galvanised Steel,120,,1,4,yes,3,10,Submersible Pump,,11,90,Generator,Parkins,45,,,fair,Shortness of koisks,yes,Colorless and odorless,29.6,7.91,2900,1430,No,Communal,yes,2010-03-02,5,3,yes,0.05,yes,0.1,,0.1,Abdiqadir ahmed farah,907783253,,,,,"1. Full rehabilitation. 
2. Rehabilitation of pipes
3. Installation of solar power 
4. Rehabilitation of pump and river pipes",,,,,,,,,,,,,,,,,
2022-03-02T08:58:08.998+03:00,2022-03-21T07:18:17.055+03:00,2022-03-02,borehole,2022-03-02,"Puntland Ministry of Energy, Minerals and Water",,"Khadra
Mohamed 
Barre",mudug,Gaalkacyo,Jillable,0.8,Community,,2013-03-02,Jillable BH,7.0892246 48.1525466 233.2313232421875 4.998,7.0892246,48.1525466,233.2313232,4.998,no,,,3,rural urban,TRUE,TRUE,http://classic.ona.io/api/v1/files/25574914?filename=faoso/attachments/553460_Water_Sources_Data_Form_Oct_2020/1646200831860.jpg,yes,,no,"11 months,  pump and pipes problems and Generator.",800,2500,,5500,0,180,pvc,8,,8.5,12,,4,,,,,,,,,,,,,,,,,,,,,Concrete/Masonry tank,20,PVC,1200,350,0,2,no,,,Submersible Pump,Granfoss,11,160,Hybrid - Solar/Generator,Parkins,45,,,poor,,no,,,,,,,Private/Individual,,,,,yes,0.05,yes,0.1,,0.1,Maysar,907381376,not_specified,Charity,Installation of solar power ,2014-03-21,"1. Rehabilitation of pump and riser pipes 
2. Rehabilitation of generator.",,,,,,,,,,,,,,,Why was water quality not checked?,,
2022-03-02T12:05:47.069+03:00,2022-03-06T21:59:50.542+03:00,2022-03-02,borehole,2022-03-02,"Puntland Ministry of Energy, Minerals and Water",,"Khadra
Mohamed 
Barre",mudug,Gaalkacyo,Samondahbdha,,Community,,2021-03-02,Sabansabdha BH 1,6.9868398 47.6868718 284.52777099609375 3.752,6.9868398,47.6868718,284.527771,3.752,no,,,2,rural,TRUE,FALSE,http://classic.ona.io/api/v1/files/25176214?filename=faoso/attachments/553460_Water_Sources_Data_Form_Oct_2020/1646212224825.jpg,yes,,yes,,490,3000,,1500,0,155,pvc,8,,15,8,,2,,,,,,,,,,,,,,,,,,,,,Concrete/Masonry tank,40,Galvanised Steel,250,15,1,2,yes,3,18,Submersible Pump,,11,120,Hybrid - Solar/Generator,CEOLMO,30,,17.28,poor,Needs full rehabilitation,yes,Colorless and odorless,29.2,7.75,3910,1905,No,Communal,yes,2021-03-02,5,1,yes,0.05,yes,0.1,,0.1,Madar xusein xasan,907750215,not_specified,PWDA,Generator,2021-01-02,"Emergency  
1. Construction of elevated tank
3. Generator room 
3. Fancing.",,,,,,,,,,,,,,,,,
2022-03-02T09:33:32.942+03:00,2022-03-06T21:39:51.634+03:00,2022-03-02,borehole,2022-03-02,"Puntland Ministry of Energy, Minerals and Water",,"Khadra
Mohamed
Barre
",mudug,Gaalkacyo,Guuco,0.5,Community,,2011-03-02,Guuco BH,7.10234 47.9937396 261.0079345703125 4.288,7.10234,47.9937396,261.0079346,4.288,no,,,1,rural urban,TRUE,TRUE,http://classic.ona.io/api/v1/files/25176213?filename=faoso/attachments/553460_Water_Sources_Data_Form_Oct_2020/1646203104143.jpg,yes,,yes,,2520,500,,2000,0,243,pvc,8,,22,10,,1.3,,,,,,,,,,,,,,,,,,,,,Concrete/Masonry tank,144,Galvanised Steel,750,,3,4,yes,1,6,Submersible Pump,,11,138,Generator,Parkins,45,,,good,,yes,Colorless and odorless,30.5,7.57,3720,1820,No,Communal,yes,2018-03-02,3,2,yes,0.05,yes,0.05,,0.1,Xirse mohamed Mohamud,907688809,CARE Somalia,,1. Construction of new elevated tank,2022-02-02,"1. Installation of solar power 
2. Fuel supporting 
3. Fancing.
4. Rehabilitation of animal thoughts
5. Operator support.",,,,,,,,,,,,,,,,,
2022-03-02T08:30:42.138+03:00,2022-03-03T13:59:06.613+03:00,2022-03-02,spring,2022-03-02,"Puntland Ministry of Energy, Minerals and Water",,Eng mohamed Muse Abdi,bari,Bandarbeyla,Durdura,0.5,Other,,,Durdura spring,9.0311603 50.5865239 -20.0 4.08,9.0311603,50.5865239,-20,4.08,no,,,1,rural urban,TRUE,TRUE,http://classic.ona.io/api/v1/files/25092565?filename=faoso/attachments/553460_Water_Sources_Data_Form_Oct_2020/1646199395663.jpg,yes,,yes,,1200,300,,6000,,,,,,,,,,,,,,,,,,,,,,,yes,13,,,,,,Concrete/Masonry tank,13,PVC,550,3,5,2,yes,8,8,Submersible Pump,Lawara,,,Generator,Iveco&perkins,36,,,good,,no,,31,6.95,3400,1600,,Communal,yes,2004-06-02,4,3,yes,0.05,yes,0.05,,0.1,Cabdinour cise yusuf,907333005,"Puntland Ministry of Energy, Minerals and Water",,Construction of kiosk,2017-06-02,"Installation of solar power installation.
Rehabilation of elevated water tank in order to stop water leaking.
Supply of extra pump as a safety.",,,,,,,,,,,,,,,,,
2022-03-02T13:23:56.741+03:00,2022-03-06T21:46:12.761+03:00,2022-03-02,borehole,2022-03-02,"Puntland Ministry of Energy, Minerals and Water",,"Khadra
Mohamed 
Barre",mudug,Gaalkacyo,Godad,0.5,Community,,2011-04-02,Godad BH,6.9540493 47.6228238 274.473388671875 3.98,6.9540493,47.6228238,274.4733887,3.98,no,,,1,urban rural,TRUE,TRUE,http://classic.ona.io/api/v1/files/25176216?filename=faoso/attachments/553460_Water_Sources_Data_Form_Oct_2020/1646216850234.jpg,yes,,yes,,1050,500,,800,0,210,pvc,8,,20,8,,1.3,,,,,,,,,,,,,,,,,,,,,Concrete/Masonry tank,30,Galvanised Steel,350,100,2,2,yes,5,30,Submersible Pump,Lowara,15,130,Hybrid - Solar/Generator,Parkins,48,P_max 380,19,good,,yes,Colorless and odorless ,29.3,7.58,951,470,No,Communal,yes,2011-03-02,4,3,yes,0.05,yes,0.05,,0.05,Mohamud mohamed Yusuf,907356239,not_specified,Save the children,"1. Construction of kiosks
2. Solar installation.",2021-08-02,"1. Construction of new elevated water tank 
2. Rehabilitation and construction new animal thoughts 
3. Rehabilitation of pipes
4. Rehabilitation of generator room.",,,,,,,,,,,,,,,,,
2022-03-02T08:04:56.291+03:00,2022-03-05T21:33:23.227+03:00,2022-03-02,borehole,2022-03-02,"Puntland Ministry of Energy, Minerals and Water",,"Khadra
Mohamed 
Barre",mudug,Gaalkacyo,Ballibusle,0,Community,,2007-03-02,Ballibusle,7.0960348 48.1616904 229.1217041015625 4.044,7.0960348,48.1616904,229.1217041,4.044,no,,,3,rural urban,TRUE,TRUE,http://classic.ona.io/api/v1/files/25162455?filename=faoso/attachments/553460_Water_Sources_Data_Form_Oct_2020/1646197725377.jpg,yes,,yes,,22400,10000,0,12000,0,176,pvc,8,,14.6,20,,1.3,,,,,,,,,,,,,,,,,,,,,Concrete/Masonry tank,88,Galvanised Steel,1500,900,2,4,yes,52,8,Submersible Pump,Franklin,11,146,Hybrid - Solar/Generator,Parkins,45,200-72M,22.4,fair,Water supply rehabilitation,yes,Colorless and odorless,28.6,7.83,3430,1705,Sampled,Utility/Local Authority,,,,,yes,0.05,yes,0.1,,0.01,Abdirazaaq abdi faarah,907643391,CARE Somalia,,1. Construction of elevated water tank,2019-03-02,"1. One extra pump.
2. Fancing of solar system.
2. Rehabilitation of kiosks. 
3. Rehabilitation of animal thoughts",,,,,,,,,,"the BH yields 14.6m/hr, operates 20hrs (14.6*20), produces 292 m3 total working hours, how can it supply 52truck of 8 m3 capaciy (416 m3), please clarify?",,,,,,,
2022-03-02T14:05:54.525+03:00,2022-03-06T22:23:48.017+03:00,2022-03-02,borehole,2022-03-02,"Puntland Ministry of Energy, Minerals and Water",,"Khadra
Mohamed 
Barre",mudug,Gaalkacyo,Jeexdin,,,,,Jeexdin BH,6.863615 47.5331415 287.1141357421875 4.556,6.863615,47.5331415,287.1141357,4.556,no,,,1,rural urban,TRUE,TRUE,http://classic.ona.io/api/v1/files/25176217?filename=faoso/attachments/553460_Water_Sources_Data_Form_Oct_2020/1646219309271.jpg,yes,,yes,,7000,3000,,4000,0,220,pvc,8,,8,12,,2,,,,,,,,,,,,,,,,,,,,,Concrete/Masonry tank,16,Galvanised Steel,500,20,8,2,yes,5,30,Submersible Pump,,11,180,Hybrid - Solar/Generator,Parkins,50,YL320P_35b,12.8,fair,Needs rehabilitation of supplies ,yes,Colorless and odorless,28.8,7.76,3560,1690,No,Communal,yes,2015-03-02,5,2,yes,0.05,no,,,,Abdulle mohamed abdi,907258933,KAALO Relief and Development,,Construction of elevated tank,2018-03-02,"1. Rehabilitation of pump and riser pipes
2. Extension of pipelines.
3. Rehabilitation of kiosks and animal thoughts",,,,,,,,,,,,,,,,,
2022-03-02T08:32:16.244+03:00,2022-03-06T06:11:33.642+03:00,2022-03-02,borehole,2022-03-02,"Puntland Ministry of Energy, Minerals and Water",,"Khadra
Mohamed 
Barre",mudug,Gaalkacyo,Ballibusle,,German Agency for Technical Assistance,,1986-03-02,Ballibusle BH 1,7.0982223 48.1592113 243.8624267578125 3.773,7.0982223,48.1592113,243.8624268,3.773,no,,,3,rural urban,TRUE,TRUE,http://classic.ona.io/api/v1/files/25162457?filename=faoso/attachments/553460_Water_Sources_Data_Form_Oct_2020/1646199297131.jpg,yes,,yes,,22400,,,,0,180,pvc,8,,12,8,,3,,,,,,,,,,,,,,,,,,,,,Concrete/Masonry tank,28,Galvanised Steel,1500,1500,1,2,yes,,,Submersible Pump,Lowara,15,125,Generator,Parkins,45,,,poor,Needs rehabilitation of kiosks and animal thoughts,yes,Colorless and odorless,29.2,7.9,3760,1850,"No
",Communal,yes,2005-03-02,3,0,yes,0.05,no,,,,Mohamed abdi salaad,907783455,,,,,"1.  (Emergence) rehibilatation of pump and riser pipes 
2. Full rehabilitation( kiosks, elevated tank, and animal thoughts).
2. Installation of solar power.
3. Pipelines rehabilitation 
4. Fuel supporting.
5. Fancing.",,,,,,,,,,,,,,,,,
2022-03-02T12:40:13.550+03:00,2022-04-18T20:43:29.349+03:00,2022-03-02,borehole,2022-03-02,"Puntland Ministry of Energy, Minerals and Water",,Eng Mohamed Muse Abdi,bari,Bandarbeyla,Dhuur,0.5,Community_,,2016-10-23,Dhuur borehole,9.2445017 50.6021417 93.0 4.1,9.2445017,50.6021417,93,4.1,no,,,4,rural urban,TRUE,TRUE,http://classic.ona.io/api/v1/files/26203938?filename=faoso/attachments/553460_Water_Sources_Data_Form_Oct_2020/1650303167675.jpg,yes,,yes,,600,200,,1500,2,120,pvc,8,100,15,7,,,,,,,,,,,,,,,,,,,,,,,,,Galvanised Steel,,,,,yes,6,10,,,,,,,,,,,,no,,33,7.1,2150,1030,,Private/Individual,,,,,yes,0.02,,,,,,,CARE Somalia,,Replacement of main raising pipes and submersible pump.,2020-10-22,"1: Solar
2: storage water tank.
3: Generator 
4: pipes ",,,,,,,,,,,,,,,,,
2022-03-02T13:54:04.849+03:00,2022-04-18T11:33:58.749+03:00,2022-03-02,dugwell,2022-03-02,"Puntland Ministry of Energy, Minerals and Water",,Mohamed Muse Abdi,bari,Bandarbeyla,Dhuur,1,Community_,,2015-08-22,Dhuur dug well 3,9.2454713 50.6056739 92.6 4.88,9.2454713,50.6056739,92.6,4.88,no,,,4,urban,FALSE,TRUE,http://classic.ona.io/api/v1/files/26197912?filename=faoso/attachments/553460_Water_Sources_Data_Form_Oct_2020/1650270281832.jpg,yes,,yes,,3600,,,,,,,,,,,,,10,7,yes,12,12,,,,,,,,,,,,,,,,Steel tank,,Galvanised Steel,,,3,,,,,Submersible Pump,Lowara,,,Hybrid - Solar/Generator,,,,,,,no,,35,7.5,1950,990,,Communal,no,,,,yes,0.01,,,,,,,Community_e,,Extension of distribution pipe line to village,2019-08-22,"1: Extension of distribution pipe line to village 
2: Construction of another water kiosks
4: Replacement of submersible pump and raising pipes.
4: Generator ",,,,,,,,,,,,,,,,,
2022-03-02T12:35:28.577+03:00,2022-03-06T22:17:39.072+03:00,2022-03-02,borehole,2022-03-02,"Puntland Ministry of Energy, Minerals and Water",,"Khadra
Mohamed 
Barre",mudug,Gaalkacyo,Samansamdho,500,Community,,2021-04-02,Samansabdho BH,6.9928077 47.6915199 294.8455810546875 4.645,6.9928077,47.6915199,294.8455811,4.645,no,,,2,rural,TRUE,FALSE,http://classic.ona.io/api/v1/files/25176215?filename=faoso/attachments/553460_Water_Sources_Data_Form_Oct_2020/1646214029610.jpg,yes,,yes,,1050,15000,,20000,0,146,pvc,8,,16.7,12,,2,,,,,,,,,,,,,,,,,,,,,Concrete/Masonry tank,50,Galvanised Steel,150,,2,2,yes,12,72,Submersible Pump,,,120,Generator,Parkins,55,,,fair,,yes,Colorless and odorless,37.5,8.37,4050,1990,No,Communal,yes,2021-08-02,5,1,yes,,yes,,,,Abdinasir mohamed jama,907550741,KAALO Relief and Development,,"Construction of generator room
Animal thoughts 
Koisks ",2021-12-02," Fuel supporting 
 Extension pipelines 
 Water committees training 
Fancing
 Installation of solar power.",,"the sources is 500 Km away, how is this possible?",,,,,,,,,,,,,,,
2022-03-02T13:13:01.454+03:00,2022-04-18T12:11:50.008+03:00,2022-03-02,dugwell,2022-03-02,"Puntland Ministry of Energy, Minerals and Water",,Mohamed Muse Abdi,bari,Bandarbeyla,Dhuur,0.5,Community_,,2016-08-22,Dhuur dug well,9.245295 50.6040833 95.1 4.6,9.245295,50.6040833,95.1,4.6,no,,,4,rural,TRUE,FALSE,http://classic.ona.io/api/v1/files/26198157?filename=faoso/attachments/553460_Water_Sources_Data_Form_Oct_2020/1650272607144.jpg,yes,,yes,,1800,900,,3000,,,,,,,,,,9,5,no,,,,,,,,,,,,,,,,,,,,,,,,,yes,26,10,,,,,,,,,,,,no,,30.3,7.2,1920,965,,,,,,,,,,,,,,,Community_e,,Cleaning of the dug well ,2020-08-23,"1: Construction of storage water tank
2: Raising pipes and submersible pump.
3: Animal water troughs
4: Distribution pipe lines
5: Solar and generator.
6: extension  of of distribution pipe lines in to the village
7: Construction of cover protection of the dug well",,,,,,,,,,,,,,,,,
2022-03-02T11:09:56.361+03:00,2022-03-06T06:13:35.621+03:00,2022-03-02,borehole,2022-03-02,"Puntland Ministry of Energy, Minerals and Water",,"Khadra
Mohamed 
Barre",mudug,Gaalkacyo,Gacmo fale,,Danish Refugee Council (Puntland),,2021-01-05,Gacmofale BH,7.0381939 47.7817081 267.22467041015625 4.288,7.0381939,47.7817081,267.2246704,4.288,no,,,2,,,,http://classic.ona.io/api/v1/files/25162465?filename=faoso/attachments/553460_Water_Sources_Data_Form_Oct_2020/1646208750322.jpg,no,4,no,Unknown problem,,,,,,222,pvc,8,,,,,,,,,,,,,,,,,,,,,,,,,,,,,,,,,,,,,,,,,,,,,,,no,,,,,,,,,,,,,,,,,,Abdiweli mohamud,907783729,,,,,1. Emergency to study for problems this borehole.,,,,Water Usage type (urban/rural) is not indicated,,,,,,,,,,,Why was water quality not checked?,,
2022-03-05T08:39:02.218+03:00,2022-03-07T07:20:47.631+03:00,2022-03-05,borehole,2022-03-05,"Puntland Ministry of Energy, Minerals and Water",,"Khadra
Mohamed 
Barre",mudug,Gaalkacyo,Galkacayo,,not_specified,Galkacayo water company,2009-03-05,Galkacayo water company BH 6,6.7923506 47.4137397 268.0556640625 3.567,6.7923506,47.4137397,268.0556641,3.567,no,,,20,urban,FALSE,TRUE,http://classic.ona.io/api/v1/files/25207787?filename=faoso/attachments/553460_Water_Sources_Data_Form_Oct_2020/1646458949433.jpg,yes,,yes,,66000,,,,,210,pvc,12,55,48,24,,3,,,,,,,,,,,,,,,,,,,,,Steel tank,750,Galvanised Steel,8000,11000,0,,no,,,Submersible Pump,Franklin ,22,150,Generator,,350,,,,,yes,,,,,,,Private-Public-Partnership,,,,,yes,0.05,no,,,,Abdirazak yusuf ahmed,907795579,,,,,,,,,,,,,,,,,"Confirm the capacity, in m3",,,Why was water quality not checked?,,
2022-03-05T09:17:05.119+03:00,2022-03-07T06:57:26.707+03:00,2022-03-05,borehole,2022-03-05,"Puntland Ministry of Energy, Minerals and Water",,"Khadra
Mohamed 
Barre",mudug,Gaalkacyo,Galkacayo,,United Nations Children's Fund,,2003-03-05,Galkacayo water company BH 2,6.7940122 47.4114582 251.4361572265625 3.216,6.7940122,47.4114582,251.4361572,3.216,no,,,20,urban,FALSE,TRUE,http://classic.ona.io/api/v1/files/25238765?filename=faoso/attachments/553460_Water_Sources_Data_Form_Oct_2020/1646461164016.jpg,yes,,yes,,77000,,,,,220,pvc,12,,45,15,,3,,,,,,,,,,,,,,,,,,,,,Steel tank,750,PVC,5000,11000,,,no,,,Submersible Pump,Lowara,22,120,Generator,350,350,,,,,yes,Colorless and odorless ,27.6,7.61,3300,1635,,Private-Public-Partnership,,,,,yes,0.05,no,,,,Abdirazak yusuf,907795579,,,,,1. Rehabilitation of elevated water tank ,,,,,,,,,,,,"Confirm the capacity, in m3",,,,,
2022-03-05T10:06:26.286+03:00,2022-03-07T22:41:26.847+03:00,2022-03-05,borehole,2022-03-05,"Puntland Ministry of Energy, Minerals and Water",,"Khadra
Mohamed 
Barre",mudug,Gaalkacyo,Galkacayo,,not_specified,Galkacayo Water Company,2019-03-05,Galkacayo BH 8,6.7865529 47.4299743 255.29998779296875 3.93,6.7865529,47.4299743,255.2999878,3.93,no,,,20,urban,FALSE,TRUE,http://classic.ona.io/api/v1/files/25238786?filename=faoso/attachments/553460_Water_Sources_Data_Form_Oct_2020/1646464158690.jpg,yes,,yes,,77000,,,,,220,pvc,12,,45,15,,2.3,,,,,,,,,,,,,,,,,,,,,Concrete/Masonry tank,250,Galvanised Steel,2500,5000,,,no,,,Submersible Pump,Franklin ,22,140,Hybrid - Solar/Generator,Parkins ,70,YL365D_36D,30.7,good,,yes,Colorless and odorless ,29.8,7.33,4050,2025,Sampled,Private-Public-Partnership,,,,,yes,0.05,no,,,,Abdirazak yusuf,907795579,,,,,,,,,,,,,,,,,,,,,,
2022-03-05T09:38:37.549+03:00,2022-03-07T07:05:23.336+03:00,2022-03-05,borehole,2022-03-05,"Puntland Ministry of Energy, Minerals and Water",,"Khadra

Mohamed ahmed
Mohamed Omar,",mudug,Gaalkacyo,Galkacayo,,not_specified,Galkacayo Water Company,2006-03-05,Galkacayo BH 3,6.7983486 47.4099016 269.90570068359375 4.288,6.7983486,47.4099016,269.9057007,4.288,no,,,20,urban,FALSE,TRUE,http://classic.ona.io/api/v1/files/25238785?filename=faoso/attachments/553460_Water_Sources_Data_Form_Oct_2020/1646462533842.jpg,yes,,yes,,77000,,,,,220,pvc,12,,27,15,,3.3,,,,,,,,,,,,,,,,,,,,,Concrete/Masonry tank,30,Stainless Steel,2000,11000,,,no,,,Submersible Pump,Franklin ,22,104,Generator,,350,,,,,yes,Colorless and odorless ,28.3,7.41,3380,1722,,Private-Public-Partnership,,,,,yes,0.05,no,,,,Abdirazak yusuf,907795579,,,,,1. Construction of new elevated tank ,,,,,,,,,,,,,,,,,
2022-03-05T08:56:51.376+03:00,2022-03-07T06:51:58.469+03:00,2022-03-05,borehole,2022-03-05,"Puntland Ministry of Energy, Minerals and Water",,"Khadra
Mohamed 
Barre",mudug,Gaalkacyo,Galkacayo,,United Nations Children's Fund,,2003-03-05,Galkacayo Water Company BH 1,6.7959241 47.4156132 254.637451171875 3.752,6.7959241,47.4156132,254.6374512,3.752,no,,,20,urban,FALSE,TRUE,http://classic.ona.io/api/v1/files/25207793?filename=faoso/attachments/553460_Water_Sources_Data_Form_Oct_2020/1646460065592.jpg,yes,,yes,,77000,,,,,220,pvc,12,,26,15,,3,,,,,,,,,,,,,,,,,,,,,Steel tank,750,PVC,6000,11000,,,no,,,Submersible Pump,Saha,22,150,Hybrid - Solar/Generator,,70,SZYL_M350-36,31.5,good,,yes,Colorless and odorless ,27.5,7.92,3510,1720,,Private-Public-Partnership,,,,,yes,0.05,no,,,,Abdirazak yusuf,907795579,,,,,1. Pipelines extension ,,,,,,,,,,,,"Confirm the capacity, in m3",,,,,
2022-03-05T09:24:51.861+03:00,2022-03-07T22:35:27.197+03:00,2022-03-05,borehole,2022-03-05,"Puntland Ministry of Energy, Minerals and Water",,"Khadra
Mohamed
Barre",mudug,Gaalkacyo,Galkacayo,,not_specified,Galkacayo Water Company / Qatar charity,2015-03-05,Galkacayo BH 7,6.7962296 47.4103577 268.024658203125 4.824,6.7962296,47.4103577,268.0246582,4.824,no,,,20,urban,FALSE,TRUE,http://classic.ona.io/api/v1/files/25238766?filename=faoso/attachments/553460_Water_Sources_Data_Form_Oct_2020/1646461971383.jpg,yes,,yes,,77000,,,,,200,pvc,12,,26,15,,3,,,,,,,,,,,,,,,,,,,,,Steel tank,750,Galvanised Steel,2500,5000,,,yes,,,Submersible Pump,Etx,22,160,Generator,Parkins ,350,,,good,,yes,Colorless and odorless ,27.6,7.92,3470,1718,,Private-Public-Partnership,,,,,yes,0.05,no,,,,Abdirazak yusuf,907795579,,,,,1. Extension of pipelines ,,,,,,,,,,,,"Confirm the capacity, in m3",,,,,
2022-03-05T11:48:34.391+03:00,2022-03-07T22:45:36.696+03:00,2022-03-05,borehole,2022-03-05,"Puntland Ministry of Energy, Minerals and Water",,"Khadra
Mohamed 
Barre",mudug,Gaalkacyo,Galkacayo,,Private,,2002-03-05,Daryeel Galkacayo BH 1,6.8165208 47.4376178 263.59014892578125 3.752,6.8165208,47.4376178,263.5901489,3.752,no,,,20,urban,FALSE,TRUE,http://classic.ona.io/api/v1/files/25238794?filename=faoso/attachments/553460_Water_Sources_Data_Form_Oct_2020/1646470426013.jpg,yes,,yes,,10000,,,,,220,pvc,8,,13.3,20,,3,,,,,,,,,,,,,,,,,,,,,Concrete/Masonry tank,160,PVC,10000,700,3,,no,,,Submersible Pump,Lowara,22,138,Hybrid - Solar/Generator,Parkins,160,SS360-72,32.76,good,,yes,Colorless and odorless ,35.1,7.28,3260,1615,,Private/Individual,,,,,yes,0.01,no,,,,Mohamed farah,907787058,,,,,"1. Extra pump
2. Riser pipes rehabilitation 
3. Water tank rehabilitation.",,,,,,,,,,,,,,,,,
2022-03-05T12:04:36.466+03:00,2022-03-07T22:50:04.270+03:00,2022-03-05,borehole,2022-03-05,"Puntland Ministry of Energy, Minerals and Water",,"Khadra
Mohamed 
Barre",mudug,Gaalkacyo,Galkacayo,,Private,,2016-03-05,Galkacayo daryeel BH 2,6.8166163 47.4382128 261.65032958984375 4.288,6.8166163,47.4382128,261.6503296,4.288,no,,,20,urban,FALSE,TRUE,http://classic.ona.io/api/v1/files/25238795?filename=faoso/attachments/553460_Water_Sources_Data_Form_Oct_2020/1646471279414.jpg,yes,,yes,,10000,,,,,230,pvc,8,,13.3,18,,3,,,,,,,,,,,,,,,,,,,,,Concrete/Masonry tank,160,PVC,10000,700,,,no,,,Submersible Pump,Lowara,22,156,Hybrid - Solar/Generator,,160,SS360_72,32.76,good,,yes,Colorless and odorless ,,,,,,Utility/Local Authority,,,,,yes,0.01,no,,,,Mohamed farah,907787058,,,,,1. Extension of pipelines ,,,,,,,,,,,,,,,Why was water quality not checked?,,
2022-03-05T11:23:45.271+03:00,2022-03-07T23:05:24.608+03:00,2022-03-05,borehole,2022-03-05,"Puntland Ministry of Energy, Minerals and Water",,"Khadra
Mohamed
Barre",mudug,Gaalkacyo,Galkacayo,,Private,,2007-03-05,Galkacayo agoonta BH,6.8163557 47.4337054 259.0 4.966,6.8163557,47.4337054,259,4.966,no,,,20,urban,FALSE,TRUE,http://classic.ona.io/api/v1/files/25238793?filename=faoso/attachments/553460_Water_Sources_Data_Form_Oct_2020/1646468973975.jpg,yes,,yes,,500,,,,,230,pvc,8,,8,18,,2.4,,,,,,,,,,,,,,,,,,,,,Concrete/Masonry tank,24,PVC,600,50,,,yes,10,8,Submersible Pump,Lowara,18,138,Hybrid - Solar/Generator,,70,BR_M300W,21,good,,yes,Colorless and odorless,32.1,7.81,3340,1642,,Private/Individual,,,,,yes,0.01,no,,,,Abdulqaadir xasan jama,907705737,,,,,"1. Extension of pipelines.
2. Extension and installation of solar power 
3. Rehabilitation of generator.
4. Construction of new elevated tank.",,,,,,,,,,,,,,,,,
2022-03-05T08:49:32.969+03:00,2022-03-07T07:16:01.480+03:00,2022-03-05,borehole,2022-03-05,"Puntland Ministry of Energy, Minerals and Water",,"Khadra
Mohamed 
Barre",mudug,Gaalkacyo,Galkacayo,,not_specified,Galkacyo water company,2012-03-05,Galkacayo water company BH 4,6.7923229 47.4138098 256.722900390625 3.43,6.7923229,47.4138098,256.7229004,3.43,no,,,20,urban,FALSE,TRUE,http://classic.ona.io/api/v1/files/25207789?filename=faoso/attachments/553460_Water_Sources_Data_Form_Oct_2020/1646459515415.jpg,yes,,yes,,11000,,,,,220,pvc,12,,30,15,,2.3,,,,,,,,,,,,,,,,,,,,,Steel tank,750,PVC,4000,11000,,,no,,,Submersible Pump,Franklin ,15,150,Generator,Parkins ,350,,,,,yes,,,,,,,Private-Public-Partnership,,,,,no,,no,,,,"Abdirazak yusuf
",907795579,,,,,,,,,,,,,,,,,"Confirm the capacity, in m3",,,Why was water quality not checked?,,
2022-03-05T10:51:03.461+03:00,2022-03-05T22:14:04.416+03:00,2022-03-05,spring,2022-03-05,"Puntland Ministry of Energy, Minerals and Water",,Eng Mohamed Muse Abdi,bari,Bandarbeyla,Il raxma,1.5,,,,2,9.4989125 50.8073479 -18.1 4.25,9.4989125,50.8073479,-18.1,4.25,no,,,2,rural urban,TRUE,TRUE,http://classic.ona.io/api/v1/files/25156898?filename=faoso/attachments/553460_Water_Sources_Data_Form_Oct_2020/1646466894613.jpg,yes,,yes,,6000,,,,,,,,,,,,,,,,,,,,,,,,,,yes,4,,,,,,Concrete/Masonry tank,,Galvanised Steel,,,,,yes,7,9,Submersible Pump,Lowara,,,Solar,,,DS60250M,13.5,poor,"The yield of spring is very low 
Bender bayla district have two spring both they distribute water to elevated water tank,  then elevated water tank distribute to households,
Il raxmo spring and bayla spring shares pipe lines, house holds, number of water trucking.",no,,34,7.4,3100,1520,,Communal,yes,2016-07-05,5,0,no,,no,,,,Cabdi maxamed salad,907675074,Other,,"Construction of caretaker room
Installation if solar power system.
Construction solar accessories storage room.",2014-08-09,"Installation of extra solar power panels.
Replacent of all rusted pipes.",,,,,,,,,,,,,,,,,
2022-03-05T10:09:25.694+03:00,2022-03-05T12:31:28.592+03:00,2022-03-05,spring,2022-03-05,"Puntland Ministry of Energy, Minerals and Water",,Engr Mohamed Muse Abdi,bari,Bandarbeyla,Bayla district,1,,,,Bayla spring,9.5007969 50.8121613 -39.4 5.0,9.5007969,50.8121613,-39.4,5,no,,,2,rural urban,TRUE,TRUE,http://classic.ona.io/api/v1/files/25143881?filename=faoso/attachments/553460_Water_Sources_Data_Form_Oct_2020/1646464646286.jpg,yes,,yes,,7200,,,,,,,,,,,,,,,,,,,,,,,,,,yes,5,,,,,,Concrete/Masonry tank,23,Galvanised Steel,,200,,,yes,17,9,Surface mounted Pump,Lowara,,,Generator,Prkins,33,,,poor,"Because the yield of spring is very low, in addition to the pipe lines are rusted, and  there is no animal troughs and kiosks.
Bender bayla Have two spring which distribute water to one elevated water tank, then to the house holds.
Both spring shares households, pipe lines.",no,,30,6.95,2850,1430,,Communal,yes,2016-07-05,5,0,no,,no,,,,Cabdi maxamed salad,907675074,Community_e,,Supplied of generator and 300 of pipe lines.,2020-04-05,"Installation of solar power system.
Construction of elevated water tank.
Replacement of all rusted pipes.
to Increase the yield of the spring either by digging deep or building large storage.",,,,,,,,,,,,,,,,,
2022-03-05T12:13:09.135+03:00,2022-03-07T22:57:00.350+03:00,2022-03-05,borehole,2022-03-05,"Puntland Ministry of Energy, Minerals and Water",,"Khadra 
Mohamed 
Barre",mudug,Gaalkacyo,Daryeel,,Private,,2015-03-05,Galkacayo daryleel BH 3,6.8159721 47.4382714 262.75250244140625 4.824,6.8159721,47.4382714,262.7525024,4.824,no,,,20,urban,FALSE,TRUE,http://classic.ona.io/api/v1/files/25238796?filename=faoso/attachments/553460_Water_Sources_Data_Form_Oct_2020/1646471741201.jpg,no,,no," A year ago,
 For Operational problem stopped.
",,,,,,160,pvc,8,,,,,,,,,,,,,,,,,,,,,,,,,,,160,PVC,,,,,no,,,No Pump,,,,,,,,,poor,Absolutely this source not functioning ,no,,,,,,,Utility/Local Authority,,,,,no,,no,,,,Mohamed farah,907787058,,,,,1. Fully rehabilitation of this borehole and its supply.,,,,,,,,,,,,,,,Why was water quality not checked?,,
2022-03-06T09:13:47.712+03:00,2022-03-18T18:47:01.345+03:00,2022-03-06,borehole,2022-03-06,"Puntland Ministry of Energy, Minerals and Water",,"Khadra
Mohamed 
Barre",mudug,Gaalkacyo,Raasqabobe,1.5,Community,,2015-03-06,Raasqaboobe BH,6.8593023 47.4473214 269.08099365234375 4.288,6.8593023,47.4473214,269.0809937,4.288,no,,,20,urban rural,TRUE,TRUE,http://classic.ona.io/api/v1/files/25514431?filename=faoso/attachments/553460_Water_Sources_Data_Form_Oct_2020/1646547453154.jpg,yes,,yes,,2000,100,,100,40,160,pvc,8,,24,8,,3,,,,,,,,,,,,,,,,,,,,,Concrete/Masonry tank,120,Galvanised Steel,600,,,2,no,,,Submersible Pump,,11,130,Generator,Parkins,40,,,poor,Needs full rehabilitation,yes,Colorless and odorless,28.5,7.95,3240,1620,No,Communal,yes,2015-03-06,3,0,yes,0.05,yes,0.1,,,Osmaan xaaji faarah,907783901,,,,,"1. Rehabilitation of generator
2. Construction of new kiosks.
3. Rehabilitation of pipelines.",,,,,,,,,,,,,,"Please confirm the acreage, in Ha",,,
2022-03-06T12:01:37.347+03:00,2022-03-08T07:34:10.929+03:00,2022-03-06,borehole,2022-03-06,"Puntland Ministry of Energy, Minerals and Water",,"Khadra 
Mohamed 
Barre",mudug,Gaalkacyo,Aljaziira/ Galkacayo ,,Private,,2017-03-06,Aljaziira BH,6.8009848 47.4198503 258.3416748046875 4.645,6.8009848,47.4198503,258.3416748,4.645,no,,,20,urban,FALSE,TRUE,http://classic.ona.io/api/v1/files/25267532?filename=faoso/attachments/553460_Water_Sources_Data_Form_Oct_2020/1646557430202.jpg,yes,,yes,,3500,,,,,205,pvc,8,,60,15,,2,,,,,,,,,,,,,,,,,,,,,Concrete/Masonry tank,200,PVC,6000,500,4,0,yes,10,8,Submersible Pump,Lowara,18,150,Generator,Parkins,160,,,good,,yes,Colorless and odorless,29.6,8.08,2540,1270,,Private/Individual,,,,,yes,0.1,no,,,,Ahmed seeraar,90779517,Private,,Rehabilitation of generator,,1. Installation of solar power ,,,,,,,,,,,,,,,,,
2022-03-06T08:31:04.399+03:00,2022-03-07T07:10:27.922+03:00,2022-03-06,borehole,2022-03-06,"Puntland Ministry of Energy, Minerals and Water",,"Khadra 
Mohamed 
Barre",mudug,Gaalkacyo,Galkacayo,1.2,United Nations High Commission for Refugees,,2015-03-06,Salaama IDP 2 BH,6.8555099 47.4437124 267.9908447265625 4.645,6.8555099,47.4437124,267.9908447,4.645,no,,,20,urban,FALSE,TRUE,http://classic.ona.io/api/v1/files/25267527?filename=faoso/attachments/553460_Water_Sources_Data_Form_Oct_2020/1646544986724.jpg,yes,,yes,,312000,,,,,210,pvc,8,84,15,16,,3,,,,,,,,,,,,,,,,,,,,,Concrete/Masonry tank,81,PVC,4200,,9,2,no,,,Submersible Pump,Lowara,15,126,Hybrid - Solar/Generator,Parkins,65,300_73M,22.5,fair,"This supply has generator problem, so needs rehabilitation of generator ",yes,Colorless and odorless,29.5,7.8,3370,1667,Sampled,Communal,yes,2015-03-06,4,2,yes,0.05,no,,,,Abdulaqadir yusuf,907795893,not_specified,,Construction of elevated water,2018-03-06,"1. Rehabilitation of pipelines 
2. Rehabilitation of pump 
3. Rehabilitation of generator ( Emergency).",,,,,,,,,,,,,"Confirm the number of users, 312,000?",,,,
2022-03-06T11:06:44.343+03:00,2022-03-09T20:42:31.642+03:00,2022-03-06,borehole,2022-03-06,"Puntland Ministry of Energy, Minerals and Water",,"Khadra
Mohamed 
Barre",mudug,Gaalkacyo,Halabookhad,5,WDA - Water Development Agency,,1974-03-06,Halabookhad BH,6.854273 47.4133554 277.9462890625 3.216,6.854273,47.4133554,277.9462891,3.216,no,,,20,urban,FALSE,TRUE,http://classic.ona.io/api/v1/files/25267531?filename=faoso/attachments/553460_Water_Sources_Data_Form_Oct_2020/1646554235509.jpg,yes,,yes,,10200,,,,,85,pvc,8,42,10,8,,3,,,,,,,,,,,,,,,,,,,,,Concrete/Masonry tank,20,Galvanised Steel,2500,300,8,2,no,,,Submersible Pump,,11,65,Hybrid - Solar/Generator,Parkins,30,PN60_365,22.79,fair,This supply poorly  functioning,yes,Colorless and odorless,29.6,8.08,2540,1270,,Communal,yes,1974-03-06,4,0,yes,0.05,no,,,,Mohamed cise husein,907752124,United Nations Children's Fund,,Borehole rehabilitation and installation of solar power,2018-03-06,"Full rehabilitation:
1. Rehabilitation of generator 
2. Rehabilitation of pump and riser pipes 
3. Extension and rehabilitation elevated water tank 
4. Rehabilitation of generator room
5. Rehabilitation of kiosks and animal thoughts.",,,,,,,,,,,,,,,,,
2022-03-06T12:31:38.540+03:00,2022-03-27T10:55:45.454+03:00,2022-03-06,spring,2022-03-06,"Puntland Ministry of Energy, Minerals and Water",,Eng mohamed Muse abdi,bari,Bandarbeyla,Caris,1,not_specified,Shilcon,2005-12-27,Haashire spring,9.5872416 50.8004885 -31.8 3.9,9.5872416,50.8004885,-31.8,3.9,no,,,1,rural urban,TRUE,TRUE,http://classic.ona.io/api/v1/files/25759546?filename=faoso/attachments/553460_Water_Sources_Data_Form_Oct_2020/1646559316616.jpg,yes,,yes,,720,,,100,,,,,,,,,,,,,,,,,,,,,,,yes,7,,,,,,Concrete/Masonry tank,6,PVC,1200,,3,1,no,,,Submersible Pump,Lowara,,,Hybrid - Solar/Generator,KAMA,,,,fair,"The power of generator and solar is very low.
The yield is very low.",no,,29.5,7.64,1700,895,,Communal,yes,2021-09-14,3,2,yes,0.025,no,,,,Cabdiraxman xasan warsame,907271267,CARE Somalia,,"1: Installation of 5 solar panels with all accessories.
2: Rehabilitation of caretaker room.
3: Installation of submersible pump.
4: Construction of RC concrete slab which protect the mouth of spring.
5: Construction of 3 kiosks and one animal troughs.",2021-12-30,"1: Diging the deep of the spring in order to increase its yield.
2: Generator and installation of extra solar panels with all accessories.
3: Fuel which acess generator.",,,,,,,,,,,,,,,,,
2022-03-06T10:00:37.745+03:00,2022-03-07T23:11:36.343+03:00,2022-03-06,borehole,2022-03-06,"Puntland Ministry of Energy, Minerals and Water",,"Khadra
Mohamed 
Barre",mudug,Gaalkacyo,Gobsho,,Community,,2017-03-06,Gobsho BH,6.9394533 47.4819791 269.08099365234375 3.216,6.9394533,47.4819791,269.0809937,3.216,no,,,1,rural urban,TRUE,TRUE,http://classic.ona.io/api/v1/files/25267530?filename=faoso/attachments/553460_Water_Sources_Data_Form_Oct_2020/1646550328558.jpg,yes,,yes,,2800,500,,700,0,185,pvc,8,55,11,16,,3,,,,,,,,,,,,,,,,,,,,,Concrete/Masonry tank,8,Galvanised Steel,600,,4,3,yes,10,8,Submersible Pump,Lowara,11,145,Hybrid - Solar/Generator,Parkins,45,,17,fair,Shortness of storage or tank,yes,Colorless and odorless,31.1,7.9,2610,1308,Sampled,Communal,yes,2017-03-06,7,0,no,,no,,,,Mahad mohamed yusuf,907788677,not_specified,Save the children,Installation of solar power,2019-03-06,"1. Construction of new elevated tank 
2. Construction of generator room 
",,,,,,,,,,,,,,,,,
2022-03-07T13:13:59.994+03:00,2022-03-11T15:52:20.758+03:00,2022-03-07,borehole,2022-03-07,"Puntland Ministry of Energy, Minerals and Water",,"Khadra
Mohamed 
Barre",mudug,Gaalkacyo,Barwaaqo,,Community,,2019-03-07,Barwaaqo BH,6.9693155 47.272905 300.72430419921875 4.288,6.9693155,47.272905,300.7243042,4.288,no,,,1,rural urban,TRUE,TRUE,http://classic.ona.io/api/v1/files/25328227?filename=faoso/attachments/553460_Water_Sources_Data_Form_Oct_2020/1646648207835.jpg,yes,,yes,,1050,600,,1200,0,201,pvc,8,,17.3,10,,2,,,,,,,,,,,,,,,,,,,,,Concrete/Masonry tank,26,PVC,200,35,2,2,yes,4,8,Submersible Pump,,11,151,Generator,Parkins,30,,,poor,Absolutely needs full rehabilitation,yes,,29.7,7.5,3100,1565,,Communal,yes,2019-03-07,5,2,yes,0.05,yes,0.1,,0.1,Abdisamad aadan yusuf,907644528,CARE Somalia,,"1. Construction of new elevated tank.
2. Construction of koisks and animal thoughts.",2021-01-07,"1. Emergency for Installation of solar power 
2.. Construction of koisks 
3. Fancing borehole 
4. Pump spare.
5. Operator supporting.",,,,,,,,,,,,,,,,,
2022-03-07T12:32:13.263+03:00,2022-03-11T15:51:46.630+03:00,2022-03-07,borehole,2022-03-07,"Puntland Ministry of Energy, Minerals and Water",,"Khadra
Mohamed 
Barre",mudug,Gaalkacyo,Bayra,,Somalia European Committee for Agricultural Training,,2010-03-07,Bayra BH 1,6.9555135 47.3198792 300.33038330078125 4.288,6.9555135,47.3198792,300.3303833,4.288,no,,,1,urban rural,TRUE,TRUE,http://classic.ona.io/api/v1/files/25328226?filename=faoso/attachments/553460_Water_Sources_Data_Form_Oct_2020/1646645692842.jpg,yes,,yes,,8400,1000,50,2500,0,200,pvc,8,70,12,20,,3,,,,,,,,,,,,,,,,,,,,,Concrete/Masonry tank,60,PVC,4000,250,6,2,yes,10,8,Submersible Pump,Lowara,11,137,Hybrid - Solar/Generator,Parkins,30,SG600-022GB,22,fair,Needs construction of elevated water tank,yes,Colorless and odorless ,29.7,7.41,3985,1935,,Communal,yes,1974-03-07,5,2,yes,0.05,yes,0.05,,0.1,Andirahmaan abdi mohamud,907722765,USA International Development,,Installation of solar power,2020-03-07,"1. Rehabilitation of elevated water tank.
3. Rehabilitation of Groundwater monitoring equipment in the borehole. 
4. Rehabilitation of animal thoughts.
5. Rehabilitation of caretaker room.",,,,,,,,,,,,,,,,,
2022-03-07T11:10:01.125+03:00,2022-03-27T11:22:03.615+03:00,2022-03-07,dugwell,2022-03-07,"Puntland Ministry of Energy, Minerals and Water",,Eng mohamed Muse abdi,bari,Bandarbeyla,Qoton,0.4,Community_,,2004-03-16,Qoton dug well 2,9.594538 50.4708793 241.40000000000003 4.65,9.594538,50.4708793,241.4,4.65,no,,,2,rural urban,TRUE,TRUE,http://classic.ona.io/api/v1/files/25759733?filename=faoso/attachments/553460_Water_Sources_Data_Form_Oct_2020/1646640733593.jpg,yes,,yes,,1200,,,,,,,,,,,,,4.5,3.5,yes,1,3,,,,,,,,,,,,,,,,Concrete/Masonry tank,5,Galvanised Steel,,1,8,,no,,,Submersible Pump,Lowara,,3,Hybrid - Solar/Generator,Diesel generator,,DS72310W,1.8,poor,"The yield of a dug well is very low.
The solar power system of qoton is 6 panels only.",no,,31,8,2220,1115,,Communal,yes,2005-09-20,5,0,yes,0.005,,,,,Cabdi siciid warsame,907617540,CARE Somalia,,"1:Supplied of diesel generator 
2: Construction generator room.
3: Installation of solar power system which contain 6 panels.
4: Replacement of submersible pump.",2020-08-07,"1: Digging deep of the well in order to increase its yield.
2: Replecement of all rusted distribution pipe lines.
3: Installation of extra solar panels.
4: Construction of caretaker room.",,,,,,,,,,,,,,,,,
2022-03-07T11:30:31.750+03:00,2022-03-11T15:39:36.214+03:00,2022-03-07,borehole,2022-03-07,"Puntland Ministry of Energy, Minerals and Water",,"Khadra
Mohamed 
Barre",mudug,Gaalkacyo,Dhagxanyo cadde,,not_specified,Charity,2015-03-07,Dhagxanyo cade BH 1,6.8848723 47.351319 275.45281982421875 4.288,6.8848723,47.351319,275.4528198,4.288,no,,,2,rural urban,TRUE,TRUE,http://classic.ona.io/api/v1/files/25328223?filename=faoso/attachments/553460_Water_Sources_Data_Form_Oct_2020/1646642368711.jpg,yes,,yes,,3500,700,80,1500,0,210,pvc,8,128.8,6,12,,2,,,,,,,,,,,,,,,,,,,,,Concrete/Masonry tank,18,PVC,1000,10,8,2,yes,,,Submersible Pump,,11,150,Hybrid - Solar/Generator,Parkins,40,BR_M300W,21.6,fair,Needs some rehabilitation ,yes,Colorless and odorless,30.31,7.25,3546,1755,,Communal,yes,2017-03-07,3,2,no,,no,,,,Abdulqaadir Mohamud,907514352,Community,,1. Installation of solar power,2018-03-07,"1. Rehabilitation of pipes 
2. Construction of new elevated tank",,,,,,,"SWL 228.8m is deeper than BH depth 210m, please clafity",,,,,,,,,,
2022-03-07T10:30:26.876+03:00,2022-03-11T15:29:45.522+03:00,2022-03-07,borehole,2022-03-07,"Puntland Ministry of Energy, Minerals and Water",,"Khadra
Mohamed 
Barre",mudug,Gaalkacyo,Najax IDP Galkacayo,,not_specified,Xisbulislaam,2017-03-07,Wadajir BH,6.8134989 47.3897698 257.9869384765625 3.573,6.8134989,47.3897698,257.9869385,3.573,no,,,1,urban,FALSE,TRUE,http://classic.ona.io/api/v1/files/25351099?filename=faoso/attachments/553460_Water_Sources_Data_Form_Oct_2020/1646638668378.jpg,yes,,yes,,4550,,,,,195,pvc,8,,4,12,,4,,,,,,,,,,,,,,,,,,,,,Concrete/Masonry tank,5,Galvanised Steel,750,10,3,0,no,,,Submersible Pump,,,145,Hybrid - Solar/Generator,,30,SGY15KH,15,poor,Needs construction of new animal thoughts,no,,,,,,,Communal,no,,,,no,,no,,,,Abdinasir abdulle,906295188,not_specified,,1. Installation of solar power,2017-03-07,"1. Construction of new elevated tank 
2. Rehabilitation of kiosks and 3.construction of new kiosks.",,,,,,,,,,,,,,,Why was water quality not checked?,,
2022-03-07T09:51:53.235+03:00,2022-03-11T15:24:15.303+03:00,2022-03-07,borehole,2022-03-07,"Puntland Ministry of Energy, Minerals and Water",,"Khadra
Mohamed 
Barre",mudug,Gaalkacyo,Wajadir Galkacayo,700,United Nations Children's Fund,,2018-03-07,Wadajir BH,6.7886291 47.3891503 345.5 4.824,6.7886291,47.3891503,345.5,4.824,no,,,1,urban,FALSE,TRUE,http://classic.ona.io/api/v1/files/25328222?filename=faoso/attachments/553460_Water_Sources_Data_Form_Oct_2020/1646636101658.jpg,yes,,yes,,1610,,,,,210,pvc,8,,21.4,8,,2,,,,,,,,,,,,,,,,,,,,,Concrete/Masonry tank,30,Galvanised Steel,1000,19,4,0,no,,,Submersible Pump,Lowara,11,149,Hybrid - Solar/Generator,Parkins,20,YL375D_36b,28.125,poor,There is no animal thoughts,yes,Colorless and odorless,30.6,7.76,3570,1725,,Communal,no,,,,no,,no,,,,Rujaal raage Abdullahi,907426313,United Nations Children's Fund,,Installation of solar power,2021-01-08,"1. Construction of animal thoughts.
3. Rehabilitation of kiosks 
4. Operator supporting.",,"  the sources is700 Km away, how is this possible?",,,,,,,,,,,,,,,
2022-03-07T11:12:23.258+03:00,2022-03-11T15:32:57.509+03:00,2022-03-07,borehole,2022-03-07,"Puntland Ministry of Energy, Minerals and Water",,"Khadra 
Mohamed
Barre",mudug,Gaalkacyo,Madina,,Private,,2021-03-07,Madina BH,6.8585902 47.3716348 277.099609375 3.736,6.8585902,47.3716348,277.0996094,3.736,no,,,1,rural,TRUE,FALSE,http://classic.ona.io/api/v1/files/25351102?filename=faoso/attachments/553460_Water_Sources_Data_Form_Oct_2020/1646640909095.jpg,no,6,no,There isn't any water supply,,,,,,130,pvc,8,,13,,,,,,,,,,,,,,,,,,,,,,,,,,Other,,,,,no,,,Submersible Pump,,15,80,Generator,,,,,poor,"This borehole is new, and there is no any water supply.",no,,,,,,,Private/Individual,,,,,no,,no,,,,Mohamud yusuf xaashi,906076314,,,,,"Emergency 
Construction of elevated water tank 
Construction of koisks 
Construction of animal thoughts",,,,,,,,,,,,,,,Why was water quality not checked?,,
2022-03-07T14:15:45.123+03:00,2022-03-24T11:12:17.425+03:00,2022-03-07,borehole,2022-03-07,"Puntland Ministry of Energy, Minerals and Water",,"Khadra
Mohamed
Barre",mudug,Galdogob,Xerojaalle,0.5,,,,Xerojaalle,6.987134 47.1766608 320.2171630859375 4.824,6.987134,47.1766608,320.2171631,4.824,no,,,1,rural urban,TRUE,TRUE,http://classic.ona.io/api/v1/files/25672280?filename=faoso/attachments/553460_Water_Sources_Data_Form_Oct_2020/1646651943835.jpg,no,8,no,"A months,  borehole problems",2500,,,,0,,pvc,8,,,,,,,,,,,,,,,,,,,,,,,,,,,,,,,,,,,,,,,,,,,,,,,yes,,,,,,,Communal,no,,,,,,,,,,,,Norwegian Refugee Council,,Construction of elevated water,2020-03-07,"1. Emergency 
2. Observation of borehole",,,,,,,,,,,,,,,Why was water quality not checked?,,
2022-03-07T12:15:02.973+03:00,2022-03-27T11:12:43.139+03:00,2022-03-07,dugwell,2022-03-07,"Puntland Ministry of Energy, Minerals and Water",,Eng Mohamed Muse Abdi,bari,Bandarbeyla,Qoton,0.5,Community_,,1900-05-13,Qoton dug well 1,9.5949967 50.471645 241.60000000000002 4.7,9.5949967,50.471645,241.6,4.7,no,,,2,rural urban,TRUE,TRUE,http://classic.ona.io/api/v1/files/25759655?filename=faoso/attachments/553460_Water_Sources_Data_Form_Oct_2020/1646644683150.jpg,yes,,yes,,600,1000,,5000,,,,,,,,,,5,4,no,15,,,,,,,,,,,,,,,,,,,,,,,2,yes,20,8,,,,,,,,,,poor,"There is no pump and main raising pipes.
No generator.
No solar power system.
",no,,27.3,8,2400,1200,,Communal,yes,,5,,no,,no,,,,,,Community_e,,Cleaning the deep of the well,2021-08-07,"1: Installation of submersible  pump and raising pipes.
2: Construction of another animal troughs.
3: Construction of elevated water tank.
generator.",,,,,,,,,,,,,,,,,
2022-03-07T13:53:01.797+03:00,2022-03-13T06:54:45.252+03:00,2022-03-07,borehole,2022-03-07,"Puntland Ministry of Energy, Minerals and Water",,"Khadra
Mohamed
Barre",mudug,Galdogob,Godgaashaan,,,,2019-03-07,Godgaashaan BH,6.978967 47.2497849 320.4156494140625 4.824,6.978967,47.2497849,320.4156494,4.824,no,,,1,rural urban,TRUE,TRUE,http://classic.ona.io/api/v1/files/25404347?filename=faoso/attachments/553460_Water_Sources_Data_Form_Oct_2020/1646650541928.jpg,yes,,no,"A months ago, borehole needs observation of the problem stopped.",1500,1200,,1200,0,130,pvc,8,,,,,,,,,,,,,,,,,,,,,,,,,,Concrete/Masonry tank,36,Other,,150,,2,yes,,,Submersible Pump,,11,,Generator,Parkins ,30,,,poor,Needs rehabilitation of supplies,no,,,,,,,Communal,no,,,,no,,,,,,Yusuf Mohamud mohamad ,907749744,Norwegian Refugee Council,,1. Construction of new elevated tank,2021-03-07,"1. Emergency 
2.  Observation of borehole 
3. Construction of koisks 
4. Construction of generator room and caretaker room",,,,,,,,,,,,,,,Why was water quality not checked?,,
2022-03-07T11:55:46.271+03:00,2022-03-11T15:43:18.252+03:00,2022-03-07,borehole,2022-03-07,"Puntland Ministry of Energy, Minerals and Water",,"Khadra 
Mohamed
Barre",mudug,Gaalkacyo,Dhagxanyo cadde,,not_specified,PWDA,2014-03-07,Dhagxanyo cade BH 1,6.8853691 47.3511965 272.8017578125 3.866,6.8853691,47.3511965,272.8017578,3.866,no,,,2,,,,http://classic.ona.io/api/v1/files/25328224?filename=faoso/attachments/553460_Water_Sources_Data_Form_Oct_2020/1646643649203.jpg,no,12,no,Unknown problem,,,,,,210,,,,,,,,,,,,,,,,,,,,,,,,,,,,,,Other,,,,,no,,,No Pump,,,,,,,,,poor,,yes,,,,,,,Communal,yes,2014-03-07,4,2,no,,no,,,,Xidig ayuub xaashi,907347144,,,,,"Emergency for observation borehole problem.
1. Rehabilitation of borehole .
",,,,Water Usage type (urban/rural) is not indicated,,,,"not permanent and used 12 months, please clarify?",,,,,,,Why was water quality not checked?,,
2022-03-08T11:40:50.207+03:00,2022-03-09T22:53:37.473+03:00,2022-03-08,borehole,2022-03-08,"Puntland Ministry of Energy, Minerals and Water",,Eng Mohamed Muse Abdi,bari,Qardho,Carmo,1,Islamic Relief Somalia,,2017-05-10,Carmo borehole,9.4533435 48.8719451 850.1 4.9,9.4533435,48.8719451,850.1,4.9,no,,,1,rural urban,TRUE,TRUE,http://classic.ona.io/api/v1/files/25262134?filename=faoso/attachments/553460_Water_Sources_Data_Form_Oct_2020/1646729321282.jpg,yes,,yes,,1200,300,10,5000,0.25,260,pvc,8,,9,6,,,,,,,,,,,,,,,,,,,,,,,Concrete/Masonry tank,20,Galvanised Steel,750,,1,3,yes,1,9,Submersible Pump,,,,Solar,,,BR-M250W,21.5,fair,"The water is over salt.
The village has no water kiosks and water supply system.",no,,30.3,6.9,5990,2990,,Communal,no,,,,no,,yes,0.1,0.1,0.1,"Cabdulqadir maxamed axmed
Axmed cabdulahi dahir",906047614,Community_e,,Construction of one animal troughs,2019-02-17,"Replacement of main raising pipes and submersible pump.
Rehabilitation of some solar panels and its accessories.
Generator.
Replacement of rusted distribution pipe lines.
Water purification.",,,,,,,,,,,,,,,,,
2022-03-08T10:29:58.493+03:00,2022-03-11T16:09:51.902+03:00,2022-03-08,borehole,2022-03-08,"Puntland Ministry of Energy, Minerals and Water",,"Khadra 
Mohamed 
Barre",mudug,Galdogob,Galdogob,,Galdogob Water Company,,2004-03-08,Galdogob water company BH 2,7.0297561 47.005359 345.79998779296875 4.824,7.0297561,47.005359,345.7999878,4.824,no,,,11,rural urban,TRUE,TRUE,http://classic.ona.io/api/v1/files/25371988?filename=faoso/attachments/553460_Water_Sources_Data_Form_Oct_2020/1646724785261.jpg,yes,,yes,,42000,,,,0,215,pvc,8,144,9,20,,3,,,,,,,,,,,,,,,,,,,,,Concrete/Masonry tank,400,PVC,13344,2224,1,2,yes,15,10,Submersible Pump,Lowara,15,192,Hybrid - Solar/Generator,Parkins ,60,,,fair,,yes,Colorless and odorless ,30.5,7.51,2950,1455,,Private-Public-Partnership,,,,,yes,0.05,yes,0.1,,0.1,"Ahmed mohamed hasan
",907740512,United Nations Children's Fund,,1. Construction of new elevated tank,2021-01-08,1. Installation of solar power,,,,,,,,,,,,,,,,,
2022-03-08T10:39:31.125+03:00,2022-03-11T16:33:13.267+03:00,2022-03-08,borehole,2022-03-08,"Puntland Ministry of Energy, Minerals and Water",,"Khadra
Mohamed
Barre",mudug,Galdogob,Galdogob,,Galdogob Water Company,,2021-08-08,Galdogob BH 7,7.0300828 47.0049931 345.79998779296875 4.288,7.0300828,47.0049931,345.7999878,4.288,no,,,11,urban,FALSE,TRUE,http://classic.ona.io/api/v1/files/25371989?filename=faoso/attachments/553460_Water_Sources_Data_Form_Oct_2020/1646725312529.jpg,yes,,yes,,,,,,,235,pvc,8,140,18,,,2,,,,,,,,,,,,,,,,,,,,,Concrete/Masonry tank,400,PVC,,,,,no,,,Submersible Pump,Grandfoss,15,180,Generator,,,,,,,yes,Colorless and odorless,30.6,7.81,1635,805,,Private-Public-Partnership,,,,,yes,0.05,yes,0.1,,0.1,Ahmed mohamed hasan,907740512,,,,,1. Emergency,Please elaborate,,,,,,,,,,,,,,,,
2022-03-08T12:29:38.380+03:00,2022-03-18T18:38:47.742+03:00,2022-03-08,borehole,2022-03-08,"Puntland Ministry of Energy, Minerals and Water",,"Khadra
Mohamed
Barre",mudug,Galdogob,Galdogob,,Community,,2018-03-08,Mareegaale BH,7.045631 47.0177575 345.8999938964844 4.91,7.045631,47.0177575,345.8999939,4.91,no,,,11,rural urban,TRUE,TRUE,http://classic.ona.io/api/v1/files/25514211?filename=faoso/attachments/553460_Water_Sources_Data_Form_Oct_2020/1646732030574.jpg,yes,,yes,,2800,500,150,1500,,250,gi,8,,12,20,,4,,,,,,,,,,,,,,,,,,,,,Concrete/Masonry tank,96,PVC,4000,360,,3,yes,10,8,Submersible Pump,Lowara,15,160,Hybrid - Solar/Generator,Parkins,60,PYD400MIK_36,22.4,good,,yes,Colorless and odorless,33.7,7.67,1610,789,,Private/Individual,,,,,yes,0.05,yes,0.05,0.05,0.05,Abdul  ahmed ali,905104535,Community,,1. Construction of elevated water tank,2020-03-08,"1. Extension pipelines.
2.caretaker and Generator rooms construction.",,,,,,,,,,,,,,,,,
2022-03-08T11:07:46.973+03:00,2022-03-13T07:51:09.830+03:00,2022-03-08,borehole,2022-03-08,"Puntland Ministry of Energy, Minerals and Water",,"Khadra 
Mohamed
Barre",mudug,Galdogob,Tuur dibi,,Community,,2020-03-08,Tuur dibi BH,7.0233423 46.9627436 345.79998779296875 4.288,7.0233423,46.9627436,345.7999878,4.288,no,,,1,rural,TRUE,FALSE,http://classic.ona.io/api/v1/files/25404348?filename=faoso/attachments/553460_Water_Sources_Data_Form_Oct_2020/1646727003397.jpg,yes,,yes,,1750,2500,,3000,0,226,pvc,8,,33,19,,0.2,,,,,,,,,,,,,,,,,,,,,Concrete/Masonry tank,30,Galvanised Steel,50,250,2,2,yes,18,8,Submersible Pump,,15,172,Hybrid - Solar/Generator,Parkins,30,BYD400MIK_36,22.4,good,,yes,Colorless and odorless,31.8,7.51,1810,898,,Communal,yes,2020-03-08,3,1,yes,0.05,yes,0.1,,,Abdi mohamed ali,907773792,not_specified,"GPLZ
and PWDA","1. Construction of new elevated tank ( GPLG).
2. installation of solar power and construction new koisks and animal thoughts ( PWDA).",2022-01-08,1. Operation tools,Please elaborate,,,,,,,,,,,,,,,,
2022-03-08T10:06:37.689+03:00,2022-03-13T07:12:53.471+03:00,2022-03-08,borehole,2022-03-08,"Puntland Ministry of Energy, Minerals and Water",,"Khadra
Mohamed 
Barre",mudug,Galdogob,Galdogob,,Galdogob Water Company,,2017-03-13,Galdogob water company BH 5,7.0437981 47.0129558 351.7769775390625 4.824,7.0437981,47.0129558,351.7769775,4.824,no,,,11,urban,FALSE,TRUE,http://classic.ona.io/api/v1/files/25371986?filename=faoso/attachments/553460_Water_Sources_Data_Form_Oct_2020/1646723361657.jpg,yes,,yes,,42000,,,,,235,pvc,8,140,18,15,,1.3,,,,,,,,,,,,,,,,,,,,,Concrete/Masonry tank,240,PVC,2786,7000,,,,,,Submersible Pump,Grandfoss,15,126,Hybrid - Solar/Generator,IVECO,45,,,good,,yes,Colorless and odorless ,30.5,7.6,1650,818,,Private-Public-Partnership,,,,,yes,0.05,,,,,Ahmed mohamed hasan,907740512,,,,,"1. Fancing of borehole 
2. Rehabilitation of generator.",,,,,,,,,,,,,,,,,
2022-03-08T09:37:19.661+03:00,2022-03-11T16:39:56.272+03:00,2022-03-08,borehole,2022-03-08,"Puntland Ministry of Energy, Minerals and Water",,"Khadraa
Mohamed
Barre",mudug,Galdogob,Galdogob ,,,,2019-03-11,Galdogob water company BH 6,7.0428029 47.0339146 345.6999816894531 4.716,7.0428029,47.0339146,345.6999817,4.716,no,,,11,urban,FALSE,TRUE,http://classic.ona.io/api/v1/files/25371984?filename=faoso/attachments/553460_Water_Sources_Data_Form_Oct_2020/1646721990953.jpg,yes,,yes,,8000,,,,,240,pvc,8,140,18,15,,2,,,,,,,,,,,,,,,,,,,,,Concrete/Masonry tank,200,PVC,2786,2500,,,no,,,Submersible Pump,Grandfoss,15,168,Generator,Parkins,45,,,,,yes,Colorless and odorless ,30.7,7.67,1821,913,,Private-Public-Partnership,,,,,yes,0.05,no,,,,Ahmed mohamed hasan ,907740512,,,,,1. Construction of new elevated tank.,,,,,,,,,,,,,,,,,
2022-03-08T10:23:20.952+03:00,2022-03-11T16:27:09.655+03:00,2022-03-08,borehole,2022-03-08,"Puntland Ministry of Energy, Minerals and Water",,"Khadra
Mohamed
Barre",mudug,Galdogob,Galdogob,,,,2015-02-08,Galdogob water company BH 4,7.0312549 47.0079111 361.5015869140625 4.288,7.0312549,47.0079111,361.5015869,4.288,no,,,11,urban,FALSE,TRUE,http://classic.ona.io/api/v1/files/25371987?filename=faoso/attachments/553460_Water_Sources_Data_Form_Oct_2020/1646724337849.jpg,yes,,yes,,,,,,,225,pvc,8,145,18,15,,2,,,,,,,,,,,,,,,,,,,,,Concrete/Masonry tank,100,PVC,6250,1200,,,no,,,Submersible Pump,Lowara,15,126,Generator,Parkins,40,,,fair,,yes,Colorless and odorless,30.3,7.58,1580,791,,Private-Public-Partnership,,,,,yes,0.05,yes,,,,Ahmed mohamed hasan,907740512,,,,,"1. Installation of solar power 
2. Fancing 
3. Installation of new generator",,,,,,,,,,,,,,,,,
2022-03-08T09:46:55.890+03:00,2022-03-11T16:14:04.274+03:00,2022-03-08,borehole,2022-03-08,"Puntland Ministry of Energy, Minerals and Water",,"Khadra 
Mohamed 
Barre",mudug,Galdogob,Galdogob,,United Nations Children's Fund,,2017-03-08,Galdogob BH 3,7.0409077 47.0329871 344.693115234375 3.216,7.0409077,47.0329871,344.6931152,3.216,no,,,11,urban,FALSE,TRUE,http://classic.ona.io/api/v1/files/25371985?filename=faoso/attachments/553460_Water_Sources_Data_Form_Oct_2020/1646722190391.jpg,yes,,yes,,42000,,,,,218,pvc,8,,12,15,,3,,,,,,,,,,,,,,,,,,,,,Concrete/Masonry tank,240,PVC,9532,1590,,,no,,,Submersible Pump,Frankilin,11,192,Generator,Parkins ,110,,,good,,yes,Colorless and odorless ,30.5,7.6,1650,818,,Private-Public-Partnership,,,,,yes,0.05,no,,,,Ahmed mohamed hasan,907740512,,,,,"1. Installation of solar power 
3. Full rehabilitation
3. Fancing of borehole and supplies.",,,,,,,,,,,,,,,,,
2022-03-08T09:01:28.619+03:00,2022-03-11T16:00:57.136+03:00,2022-03-08,borehole,2022-03-08,"Puntland Ministry of Energy, Minerals and Water",,"Khadra
Mohamed
Barre",mudug,Galdogob,Galdogob,,Galdogob Water Company,,,Galdogob BH 1,7.0428316 47.0341475 345.6999816894531 4.502,7.0428316,47.0341475,345.6999817,4.502,no,,,11,urban rural,TRUE,TRUE,http://classic.ona.io/api/v1/files/25371983?filename=faoso/attachments/553460_Water_Sources_Data_Form_Oct_2020/1646720982825.jpg,yes,,yes,,42000,1200,400,5000,25,209,pvc,8,,9,15,,3.3,,,,,,,,,,,,,,,,,,,,,Concrete/Masonry tank,46,PVC,1500,250,,,no,,,Submersible Pump,Lowara,15,198,Generator,Parkins ,45,,,fair,Needs rehabilitation,yes,Colorless and odorless ,30.8,7.56,1710,845,,Private-Public-Partnership,,,,,yes,0.05,no,,,,Ahmed mohamed hasan,907740512,General Service Agency,,Construction of elevated water tank,2012-03-08,"1.Installation of solar power 
2. Installation of generator 
3. Rehabilitation of pump and riser pipes",,,,,,,,,,,,,,"Please confirm the acreage, in Ha",,,
2022-03-08T12:08:24.465+03:00,2022-03-13T07:41:31.460+03:00,2022-03-08,borehole,2022-03-08,"Puntland Ministry of Energy, Minerals and Water",,Khadra,mudug,Galdogob,Galdogob,,WDA - Water Development Agency,,1943-03-08,Ceel ciilde BH Galdogob,7.031098 47.020472 345.79998779296875 4.288,7.031098,47.020472,345.7999878,4.288,no,,,11,urban rural,TRUE,TRUE,http://classic.ona.io/api/v1/files/25404354?filename=faoso/attachments/553460_Water_Sources_Data_Form_Oct_2020/1646730614998.jpg,yes,,yes,,2100,,,,,200,gi,8,,3.7,13,,8,,,,,,,,,,,,,,,,,,,,,Concrete/Masonry tank,64,Galvanised Steel,4000,300,2,2,yes,9,8,Submersible Pump,Grand foss,11,124,Generator,Parkins,45,,,poor,Needs full rehabilitation,yes,Colorless and odorless,32.5,7.42,2556,1261,,Utility/Local Authority,,,,,yes,0.05,yes,,,,Abdirahman muse warsame,907708625,CARE Somalia,,1. Construction of new elevated tank tank,2021-02-08,"1. New driling borehole
2. Installation of solar power.
4. Rehabilitation of koisks and animal thoughts 
5. Construction of caretaker and Generator rooms",,,,,,,,,,,,,,,,,
2022-03-08T11:41:34.572+03:00,2022-03-13T21:08:40.385+03:00,2022-03-08,borehole,2022-03-08,"Puntland Ministry of Energy, Minerals and Water",,"Khadra
Mohamed
Barre",mudug,Galdogob,Ceel boos Galdogob,,,,2017-03-08,Ceel booc BH Galdogob,7.0321616 47.022893 345.6999816894531 4.747,7.0321616,47.022893,345.6999817,4.747,no,,,11,urban,FALSE,TRUE,http://classic.ona.io/api/v1/files/25404352?filename=faoso/attachments/553460_Water_Sources_Data_Form_Oct_2020/1646729105910.jpg,yes,,yes,,750,,,,,215,pvc,8,,6.7,5,,4,,,,,,,,,,,,,,,,,,,,,Concrete/Masonry tank,94,Galvanised Steel,70,,1,2,yes,3,8,Submersible Pump,,11,192,Generator,Parkins,30,,,poor,"Absolutely poor supply,  this supply needs full rehabilitation",yes,Colorless and odorless ,32.1,7.54,2530,1251,,Private/Individual,,,,,yes,0.05,yes,,,,Abdisalam isxaaq xirse,907768662,,,,,"1. Emergency 
2. Installation of solar power 
3. Generator rehabilitation 
4. Caretaker and Generator rooms rehabilitation 
5. Koisks and animal thoughts rehabilitation 
6. Fancing.",,,,,,,,,,,,,,,,,
2022-03-09T12:54:23.495+03:00,2022-03-22T06:21:38.188+03:00,2022-03-09,borehole,2022-03-09,Somalia Water and Land Information Management,,"Khadra
Mohamed
Barre",mudug,Galdogob,Riig-oomane,0.5,WDA - Water Development Agency,,1977-05-09,Riig-oomane BH 1,7.2029785 47.1922316 366.8282470703125 4.716,7.2029785,47.1922316,366.8282471,4.716,no,,,2,rural urban,TRUE,TRUE,http://classic.ona.io/api/v1/files/25603549?filename=faoso/attachments/553460_Water_Sources_Data_Form_Oct_2020/1646820037947.jpg,yes,,yes,,1000,500,300,1000,2,210,pvc,8,130,4,8,,5,,,,,,,,,,,,,,,,,,,,,Concrete/Masonry tank,160,Galvanised Steel,3000,200,5,4,yes,10,8,Submersible Pump,,11,151,Hybrid - Solar/Generator,Perkins,45,Szyl-p325-36,325,good,,yes,Colorless and odorless ,39.5,7.6,2100,1035,,Communal,yes,2002-05-10,3,0,yes,0.05,yes,0.1,0.1,0.2,Cabdiwahab mohamed mohamud,7645972,,,,,"Rehabilitation  of pipelines 
Rehabilitation  of kiosks  and animal thoughts
Rehabilitation  of pump 
New generator 
Borehole  around fencing",,,,,,,,,,,,,,,,,
2022-03-09T13:56:47.092+03:00,2022-03-12T23:45:45.255+03:00,2022-03-09,borehole,2022-03-09,"Puntland Ministry of Energy, Minerals and Water",,Eng Mohamed Muse Abdi,bari,Qardho,Sheerbi,3,Islamic Relief Somalia,,2019-07-12,Sheerbi borehole,9.8439133 49.1074936 810.1 4.78,9.8439133,49.1074936,810.1,4.78,no,,,1,rural urban,TRUE,TRUE,http://classic.ona.io/api/v1/files/25347173?filename=faoso/attachments/553460_Water_Sources_Data_Form_Oct_2020/1646823618771.jpg,yes,,yes,,18000,4500,,15000,,400,pvc,8,,5,13,,,,,,,,,,,,,,,,,,,,,,,Concrete/Masonry tank,40,Galvanised Steel,450,,1,2,no,,,Submersible Pump,Lowara,,380,Hybrid - Solar/Generator,Perkins,60,SZYL-P300-36,25.5,poor,"The yield of borehole is very low.
The village has no water supply system.
There is no water trucking because the yield of borehole is very low.",no,,27.9,7.48,4000,2000,,Communal,yes,2000-04-09,3,4,no,,yes,0.2,,0.2,"Nuur axmed cabdi
Maxamud cabdi cise 907717110",907718020,"Puntland Ministry of Energy, Minerals and Water",,"Replacement of main raising pipes and submersible pump.
Replacement some of the solar equipment accessories.",2021-05-18,"Digging the deep of the borehole in order to increase borehole yield
 Construction of toilet
Construction of caretaker room
Construction of one animal water troughs.
Complete water supply system.
Construction of another borehole.",,,,,,,,,,,,,,,,,
2022-03-09T11:07:07.957+03:00,2022-03-13T07:45:01.439+03:00,2022-03-09,borehole,2022-03-09,"Puntland Ministry of Energy, Minerals and Water",,"Khadra
Mohamed
Barre",mudug,Galdogob,Daarasalaam,,Community,,2011-03-09,Daarasalaam BH,7.2566882 47.1067542 366.533447265625 4.824,7.2566882,47.1067542,366.5334473,4.824,no,,,1,rural urban,TRUE,TRUE,http://classic.ona.io/api/v1/files/25404357?filename=faoso/attachments/553460_Water_Sources_Data_Form_Oct_2020/1646813763988.jpg,yes,,yes,,10500,2500,200,2000,12,168,pvc,8,,16,15,,2,,,,,,,,,,,,,,,,,,,,,Concrete/Masonry tank,62,PVC,3500,700,8,4,yes,10,8,Submersible Pump,Grand fos,15,162,Hybrid - Solar/Generator,Parkins,45,DS734OM,23.12,fair,Needs rehabilitation,yes,Colorless and odorless,32.6,7.71,2470,1654.4,,Communal,yes,2011-03-09,4,2,yes,0.05,yes,0.15,0.05,0.1,Abdulahi farah ali,907655149,International Rescue Committee,,Installation of solar power,2017-03-09,"Full rehabilitation:

1. Rehabilitation of pipes 
2. Rehabilitation of pump and riser pipes 
3. Rehabilitation of and construction of animal throughts 
4. Construction of elevated tank",,,,,,,,,,,,,,,,,
2022-03-09T10:01:09.758+03:00,2022-03-15T21:34:02.052+03:00,2022-03-09,borehole,2022-03-09,"Puntland Ministry of Energy, Minerals and Water",,"Khadra
Mohamed
Barre",mudug,Galdogob,Qansaxle,,Community,,2016-03-09,Qansaxle BH,7.1188594 47.0943949 367.8638916015625 4.288,7.1188594,47.0943949,367.8638916,4.288,no,,,1,rural urban,TRUE,TRUE,http://classic.ona.io/api/v1/files/25440442?filename=faoso/attachments/553460_Water_Sources_Data_Form_Oct_2020/1646809361615.jpg,yes,,yes,,3000,800,150,500,0,176,pvc,8,,6.6,15,,5,,,,,,,,,,,,,,,,,,,,,Concrete/Masonry tank,60,PVC,2000,70,4,3,yes,10,8,Submersible Pump,Lowara,15,170,Hybrid - Solar/Generator,Parkins,60,YL365-36b,23.36,fair,Koisks of this supply needs strong rehabilitation,yes,Colorless and odorless,32.8,7.3,1863,1240,Sampled,Communal,yes,2016-03-09,4,0,yes,0.1,yes,0.1,0.05,0.1,Cawil Mohamud nur,907295679,not_specified,,1. Construction of new elevated tank,2018-03-09,"1. Construction new animal throughts 
2. Extension of pipelines 
3. Rehabilitation of pump and riser pipes 
4. Rehabilitation of generator.",,,,,,,,,,,,,,,,,
2022-03-09T09:10:18.087+03:00,2022-03-15T21:28:28.095+03:00,2022-03-09,borehole,2022-03-09,"Puntland Ministry of Energy, Minerals and Water",,"Khadra
Mohamed
Barre",mudug,Galdogob,Taaloole,,not_specified,Kuwait charity,2019-03-09,Taaloole BH,7.0519069 47.0863116 346.1999816894531 3.216,7.0519069,47.0863116,346.1999817,3.216,no,,,1,rural urban,TRUE,TRUE,http://classic.ona.io/api/v1/files/25440441?filename=faoso/attachments/553460_Water_Sources_Data_Form_Oct_2020/1646806635257.jpg,yes,,yes,,600,500,,1500,10,245,pvc,8,,35,6,,1,,,,,,,,,,,,,,,,,,,,,Concrete/Masonry tank,18,PVC,1000,13,1,2,yes,5,8,Submersible Pump,Lowara,15,185,Solar,,,AS-P60-270W,17.28,good,,yes,Colorless and odorless ,28.6,8.28,1708,843,,Communal,yes,2019-03-09,3,2,yes,0.05,yes,0.1,,0.1,Farah Ibrahim ahmed,907768625,,,,,"1. Installation of generator.
2. Rehabilitation of pump and riser pipes 
3. Construction of new elevated tank
4. Construction of koisks.
5. Extension of pipelines.",,,,,,,,,,,,,,,,,
2022-03-09T11:56:21.430+03:00,2022-03-17T06:59:44.532+03:00,2022-03-09,borehole,2022-03-09,"Puntland Ministry of Energy, Minerals and Water",,"Khadra
Mohamed
Barre",mudug,Galdogob,Dhamuuke,,Community,,2019-03-09,Dhamuuke BH,7.2394967 47.1243666 383.59912109375 4.288,7.2394967,47.1243666,383.5991211,4.288,no,,,2,rural urban,TRUE,TRUE,http://classic.ona.io/api/v1/files/25469559?filename=faoso/attachments/553460_Water_Sources_Data_Form_Oct_2020/1646816415228.jpg,yes,,yes,,420,130,,250,,180,pvc,8,,10.7,6,,3,,,,,,,,,,,,,,,,,,,,,Concrete/Masonry tank,32,PVC,1200,30,1,1,yes,1,8,Submersible Pump,Lowara,11,120,Hybrid - Solar/Generator,Parkins,30,JCNS-M36V360W,20.16,good,,yes,Colorless and odorless ,33.5,7.68,2220,1103,,Communal,no,,,,yes,0.05,yes,0.1,,0.1,Abdiweli muse shire,907757188,Norwegian Refugee Council,,1. Construction of operator ,2020-05-09,"1. Construction of animal throughts 
2. Installation of generator 
3. Rehabilitation of generator",,,,,,,,,,,,,,,,,
2022-03-09T08:47:45.037+03:00,2022-03-27T10:13:49.125+03:00,2022-03-09,borehole,2022-03-09,"Puntland Ministry of Energy, Minerals and Water",,Team bari and sanag,bari,Qardho,Kala dhac,7,Islamic Relief Somalia,,2019-05-26,Kaladhac borehole,10.0486823 48.9363469 966.1 2.32,10.0486823,48.9363469,966.1,2.32,no,,,1,rural urban,TRUE,TRUE,http://classic.ona.io/api/v1/files/25759131?filename=faoso/attachments/553460_Water_Sources_Data_Form_Oct_2020/1646805211940.jpg,yes,,yes,,6000,500,,10000,,350,pvc,8,212,11,13,,,,,,,,,,,,,,,,,,,,,,,Concrete/Masonry tank,40,Galvanised Steel,270,,1,3,yes,8,9,Submersible Pump,Lowara,,318,Hybrid - Solar/Generator,Perkins,60,SZYL-M330-36,24.75,fair,,no,,27.7,7.28,4350,2150,,Communal,no,,,,no,,yes,0.1,,0.1,Saxardiid daahir cabdi,907711284,"Puntland Ministry of Energy, Minerals and Water",,Replacement of main raising pipes and submersible pump.,2021-05-09,"1: Generator.
2: Replacement of 5 solar panels.
3: Replacement of main raising pipes and submersible pump.
4: Replacement of rusted distribution pipe lines.",,,,,,,,,,,,,,,,,
2022-03-09T12:53:58.565+03:00,2022-03-27T11:03:44.198+03:00,2022-03-09,borehole,2022-03-09,"Puntland Ministry of Energy, Minerals and Water",,Mohamed Muse Abdi,bari,Qardho,Xida,0.2,,,2013-05-12,Xida borehole,9.9550299 49.0565495 908.9000000000001 4.62,9.9550299,49.0565495,908.9,4.62,no,,,1,rural urban,TRUE,TRUE,http://classic.ona.io/api/v1/files/25759591?filename=faoso/attachments/553460_Water_Sources_Data_Form_Oct_2020/1646820142573.jpg,yes,,no,"The source stopped 24/04/2019
Unknown problem.",9000,2500,,6000,,370,pvc,8,,10,13,,,,,,,,,,,,,,,,,,,,,,,Concrete/Masonry tank,25,Galvanised Steel,300,,1,2,yes,5,10,Submersible Pump,Lowara,,348,Generator,Perkin,44,,,fair,There is no water supply system in the village and kiosks.,no,,,,,,,Communal,yes,2013-09-10,4,2,no,,yes,0.1,,0.1,Cali samatar,907700811,Danish Refugee Council (Puntland),,Replacement of main raising pipes and submersible pump.,2018-08-16,"1: Assessments of the borehole problem in order to start borehole functioning.
2: Installation of solar power system.",,,,,,,,,,,,,,,Why was water quality not checked?,,
2022-03-09T11:29:09.610+03:00,2022-03-12T23:55:48.855+03:00,2022-03-09,borehole,2022-03-09,"Puntland Ministry of Energy, Minerals and Water",,Eng  Mohamed Muse Abdi,bari,Qardho,Waciye,3,"Puntland Ministry of Energy, Minerals and Water",,2006-08-14,Waciye borehole,10.0226469 49.0389998 883.3 4.0,10.0226469,49.0389998,883.3,4,no,,,1,rural urban,TRUE,TRUE,http://classic.ona.io/api/v1/files/25347370?filename=faoso/attachments/553460_Water_Sources_Data_Form_Oct_2020/1646815889707.jpg,yes,,yes,,3000,1000,,10000,,380,pvc,8,,8,10,,,,,,,,,,,,,,,,,,,,,,,Concrete/Masonry tank,96,Galvanised Steel,,300,1,2,no,,,Submersible Pump,Lowara,,294,Hybrid - Solar/Generator,Perkins,45,,,good,"The borehole distributes water on two elevated water tank.
One elevated water distributes water to the kiosks and animal troughs.
And onother elevated water tank distribute water to waciye city.
The city contains around 300 House holds.",no,,27.7,7.31,4150,2070,,Communal,no,,,,no,,yes,0.1,,0.1,Gaacshe xaji ismacil.,907645134,International Organisation of Migration,,"Installation of solar power system.
Replacement of main raising pipes and submersible pump.",2018-08-13,"Replacement of all rusted distribution iron pipes.
Replacement of main raising pipes and submersible pump.
Generator.
Construction of one kiosks.",,,,,,,,,,,,,,,,,
2022-03-09T12:29:20.673+03:00,2022-03-20T06:16:35.026+03:00,2022-03-09,borehole,2022-03-09,"Puntland Ministry of Energy, Minerals and Water",,"Khadra 
Mohamed
Barre",mudug,Galdogob,Ring oomane,,Tadamun Social Society,,2019-03-09,Ring oomane BH 2,7.2101855 47.1912994 372.957763671875 4.824,7.2101855,47.1912994,372.9577637,4.824,no,,,2,rural urban,TRUE,TRUE,http://classic.ona.io/api/v1/files/25554856?filename=faoso/attachments/553460_Water_Sources_Data_Form_Oct_2020/1646818337990.jpg,yes,,yes,,3500,200,,400,,200,pvc,8,,4,4,,5,,,,,,,,,,,,,,,,,,,,,Concrete/Masonry tank,26,Galvanised Steel,100,,1,2,yes,5,8,Submersible Pump,Lowara,11,169,Generator,Parkins,33,,,poor,"Needs construction water supplies ( koisks,  animal throughts)",yes,Colorless and odorless ,39.5,7.6,2100,1035,,Communal,no,,,,no,,yes,0.1,,0.05,Abdinasir Mohamud,907786020,,,,,"1. Drilling new borehole because of depletion of yield.
2. Installation of generator 
4. Installation of solar power 
4. Rehabilitation of animal throughts 
5. Construction of new kiosks and rehabilitation koisks",,,,,,,,,,,,,,,,,
2022-03-10T10:03:26.293+03:00,2022-03-14T07:16:11.703+03:00,2022-03-10,borehole,2022-03-10,"Puntland Ministry of Energy, Minerals and Water",,Bursalax,mudug,Galdogob,Bursalax,,Community,,2010-03-10,Bursalax water company BH 3,7.1834657 47.2280446 372.92730712890625 3.996,7.1834657,47.2280446,372.9273071,3.996,no,,,3,urban rural,TRUE,TRUE,http://classic.ona.io/api/v1/files/25469527?filename=faoso/attachments/553460_Water_Sources_Data_Form_Oct_2020/1646896047884.jpg,yes,,yes,,14000,50,20,500,0,236,pvc,8,,28.5,16,,2.3,,,,,,,,,,,,,,,,,,,,,Concrete/Masonry tank,40,Galvanised Steel,600,,1,2,no,,,Submersible Pump,Lowara,15,186,Generator,Parkins,45,,,fair,Something rehabilitation needed,yes,Colorless and odorless,31,8.1,1811,1213.3,,Utility/Local Authority,,,,,yes,0.05,yes,0.15,,0.1,Ibrahim abdullahi warsame,907799743,CARE Somalia,,"1. Fancing
3. Construction of koisk.",2021-02-10,"1. Installation of solar power 
2. Rehabilitation of generator.",,,,,,,,,,,,,,,,,
2022-03-10T09:41:21.933+03:00,2022-03-14T07:19:27.524+03:00,2022-03-10,borehole,2022-03-10,"Puntland Ministry of Energy, Minerals and Water",,Bursaalax,mudug,Galdogob,Bursaalah,,Community,,2006-03-10,Bursaalax water company BH 1,7.1847943 47.2331085 364.4918212890625 4.931,7.1847943,47.2331085,364.4918213,4.931,no,,,7,urban,FALSE,TRUE,http://classic.ona.io/api/v1/files/25469525?filename=faoso/attachments/553460_Water_Sources_Data_Form_Oct_2020/1646894714090.jpg,yes,,yes,,14000,,,,,220,pvc,8,,12.5,20,,3,,,,,,,,,,,,,,,,,,,,,Concrete/Masonry tank,138,Galvanised Steel,4000,2000,3,,no,,,Submersible Pump,Lowara,15,190,Hybrid - Solar/Generator,Parkins,90,BR-M300,31.5,good,,yes,Colorless and odorless ,30,8.25,1925,1289.75,Sampled,Utility/Local Authority,,,,,yes,0.15,no,,,,Ibrahim abdulahi warsame,907799743,Community,,"1. Rehabilitation of pump and riser pipes 
2. Flashing. ",2021-03-10,"1. Fancing.
2. Rehabilitation of generator.
3. Construction of new elevated tank.",,,,,,,,,,,,,,,,,
2022-03-10T10:38:56.802+03:00,2022-03-15T06:31:03.761+03:00,2022-03-10,borehole,2022-03-10,"Puntland Ministry of Energy, Minerals and Water",,"Khadra
Mohamed
Barre",mudug,Galdogob,Bursalaax,,CARE Somalia,,1994-01-10,"Bursaalax BH, ceel weyne",7.1802309 47.242755 355.3999938964844 4.288,7.1802309,47.242755,355.3999939,4.288,no,,,4,urban,FALSE,TRUE,http://classic.ona.io/api/v1/files/25469548?filename=faoso/attachments/553460_Water_Sources_Data_Form_Oct_2020/1646898223008.jpg,yes,,yes,,3000,,,,,210,gi,6,,17,15,,3,,,,,,,,,,,,,,,,,,,,,Concrete/Masonry tank,68,PVC,4000,350,4,2,yes,9,8,Submersible Pump,Lowara,11,170,Hybrid - Solar/Generator,Parkins,20,YL365D-36b,12.77,fair,,yes,Colorless and odorless ,31.6,7.6,1940,1299.8,,Communal,no,,,,yes,0.05,no,,,,Ahmed xirse farah,907730353,International Rescue Committee,,1. Installation of solar power,2019-03-10,"1. Construction of new elevated tank 
2. Rehabilitation of generator 
3. Fancing.
4. Caretaker rooms construction.
5. Rehabilitation of pump and riser pipes 
6. Extension of pipelines.",,,,,,,,,,,,,,,,,
2022-03-10T11:44:29.144+03:00,2022-03-15T06:35:18.152+03:00,2022-03-10,borehole,2022-03-10,"Puntland Ministry of Energy, Minerals and Water",,"Khadra
Mohamed 
Barre",mudug,Galdogob,Bursaalax,0.7,Community,,2021-10-10,Rouble BH bursaalax,7.164917 47.2376117 355.3999938964844 4.46,7.164917,47.2376117,355.3999939,4.46,no,,,7,urban,FALSE,TRUE,http://classic.ona.io/api/v1/files/25469560?filename=faoso/attachments/553460_Water_Sources_Data_Form_Oct_2020/1646902061488.jpg,yes,,yes,,1400,,,,,220,pvc,8,,20,5,,3,,,,,,,,,,,,,,,,,,,,,Concrete/Masonry tank,28,Galvanised Steel,80,,,2,yes,4,8,Submersible Pump,,15,185,Generator,Parkins,45,,,poor,There is no any water supply,yes,Colorless and odorless,32.3,7.8,1946,1303,,Communal,yes,2021-10-10,4,0,no,,no,,,,Sheikh muse yusuf,907799913,,,,,"1. Installation of solar power 
2. Construction of new elevated tank 
3.  Water supply pipes 
5. Construction of koisks and animal troughts",,,,,,,,,,,,,,,,,
2022-03-10T11:21:12.333+03:00,2022-03-13T07:01:02.179+03:00,2022-03-10,borehole,2022-03-10,"Puntland Ministry of Energy, Minerals and Water",,"Khadra
Mohamed
Bare",mudug,Galdogob,Bursaalax,0.5,Community,,2021-02-10,Mahiigaan BH,7.1654211 47.2408643 355.3999938964844 4.727,7.1654211,47.2408643,355.3999939,4.727,no,,,5,urban,FALSE,TRUE,http://classic.ona.io/api/v1/files/25469549?filename=faoso/attachments/553460_Water_Sources_Data_Form_Oct_2020/1646900655485.jpg,yes,,yes,,,,,,,220,pvc,8,,24,,,0.3,,,,,,,,,,,,,,,,,,,,,Concrete/Masonry tank,80,PVC,120,,,,no,,,No Pump,,,,,,,,,poor,There is no supply for this borehole,yes,Colorless and odorless ,33.1,7.6,1902,1274.3,,Communal,yes,2021-02-10,3,2,yes,,no,,,,Mohamed husein elmi,907798315,Community,,1. Construction of elevated water tank,2022-03-10,"Construction of new elevated tank.
 Installation of solar power. 
 Construction of koisks and animal troughts.
5. Installation of generator.",,,,,,,,,,,,,,,,,
2022-03-10T10:21:15.686+03:00,2022-03-14T07:13:04.990+03:00,2022-03-10,borehole,2022-03-10,"Puntland Ministry of Energy, Minerals and Water",,"Khadra 
Mohamed
Bare",mudug,Galdogob,Bursaalax,,not_specified,PSAWEN,2008-03-10,Bursalax water company BH 2,7.1833919 47.2283962 373.524169921875 4.288,7.1833919,47.2283962,373.5241699,4.288,no,,,3,,,,http://classic.ona.io/api/v1/files/25469529?filename=faoso/attachments/553460_Water_Sources_Data_Form_Oct_2020/1646896990463.jpg,no,,abandoned,,,,,,,196,pvc,8,,,,,,,,,,,,,,,,,,,,,,,,,,Concrete/Masonry tank,,Other,,,,,no,,,,,,,,,,,,poor,Not functioning,no,,,,,,,Utility/Local Authority,,,,,no,,no,,,,Ibrahim abdullahi warsame,907799743,,,,,Poor of yield so needs drilling of new borehole,,,,Water Usage type (urban/rural) is not indicated,,,,,,,,,,,Why was water quality not checked?,,
2022-03-12T14:31:18.766+03:00,2022-03-13T09:13:44.096+03:00,2022-03-12,borehole,2022-03-12,"Puntland Ministry of Energy, Minerals and Water",,Team bari and sanag,bari,Bossaso,Carta,0.5,Kuwait Government,,2013-08-14,Carta borehole,10.4914185 49.0775361 655.5 5.0,10.4914185,49.0775361,655.5,5,no,,,1,rural urban,TRUE,TRUE,http://classic.ona.io/api/v1/files/25507172?filename=faoso/attachments/553460_Water_Sources_Data_Form_Oct_2020/1647085071141.jpg,yes,,yes,,1200,,,,,190,pvc,8,,10,5,,,,,,,,,,,,,,,,,,,,,,,Concrete/Masonry tank,18,Galvanised Steel,150,45,3,2,no,,,Submersible Pump,Lowara,,111,Hybrid - Solar/Generator,"DEUTZ
Perkins",30,CSP300,24,fair,"No good yield
The water is dissolved some salt",no,,26.7,7.45,2740,1365,,Communal,yes,2019-09-13,3,2,yes,0.02,yes,0.1,,0.3,Cabdirisaq maxamed cise,907761218,CARE Somalia,,"Construction of the roof of the caretaker room and generator room.
Replacement of rusted distribution pipe lines
Rehabilitation of elevated water tank.",2019-02-09,"Replacement of main raising pipes and submersible pump.
Construction elevated water tank.
Construction of animal troughs which located out of the village.
Complete water supply system.around the village.",,,,,,,,,,,,,,,,,
2022-03-12T13:02:02.928+03:00,2022-03-13T09:31:48.669+03:00,2022-03-12,borehole,2022-03-12,"Puntland Ministry of Energy, Minerals and Water",,Team bari and sanag,bari,Qardho,Juurile,,Community_,,2016-09-01,Dhuur borehole 1,10.4176885 49.0949138 655.7 4.96,10.4176885,49.0949138,655.7,4.96,no,,,3,rural urban,TRUE,TRUE,http://classic.ona.io/api/v1/files/25507170?filename=faoso/attachments/553460_Water_Sources_Data_Form_Oct_2020/1647079629497.jpg,yes,,yes,,12000,800,,4500,,180,pvc,8,80,36,24,,,,,,,,,,,,,,,,,,,,,,,Concrete/Masonry tank,171,PVC,200,,1,2,yes,70,9,Submersible Pump,Lowara,,150,Hybrid - Solar/Generator,"2 generator, both are Perkins
100kva&50kva",150,"JP-300M-72
YL365D-36b",25.6,good,"The borehole has a good yield which is equal 36 meter cubic per hour.
The consumption of the borehole is water trucking.",no,,26.8,7.7,1400,700,,Private/Individual,,,,,yes,0.02,yes,0.1,,0.2,Cali shanle,7796779,Community_e,,Replacement of main raising pipes and submersible pump.,2021-07-18,"Replacement of main raising pipes and submersible pump
Construction of caretaker room.",,,,,,,,,,,,,,,,,
2022-03-12T10:19:35.508+03:00,2022-03-19T07:01:03.870+03:00,2022-03-12,borehole,2022-03-12,"Puntland Ministry of Energy, Minerals and Water",,"Khadra
Mohamed 
Barre",mudug,Galdogob,Kuwait,,not_specified,Kuwait charity,2014-03-12,Kuwait BH,7.3939088 47.2250603 394.6015625 3.9,7.3939088,47.2250603,394.6015625,3.9,no,,,1,rural urban,TRUE,TRUE,http://classic.ona.io/api/v1/files/25531964?filename=faoso/attachments/553460_Water_Sources_Data_Form_Oct_2020/1647070076729.jpg,yes,,yes,,4200,1000,,2000,,155,pvc,8,,16.7,18,,3,,,,,,,,,,,,,,,,,,,,,Concrete/Masonry tank,64,PVC,2000,100,3,2,yes,20,8,Submersible Pump,Lowara,11,142,Hybrid - Solar/Generator,Parkins,45,DS7230M,17.34,fair,,yes,Colorless and odorless,31.5,8.04,1838,912.5,,Communal,yes,2014-03-12,5,0,yes,0.05,yes,0.1,,0.1,Abdirashid abdirahman,90700099,Norwegian Refugee Council,,1. Construction of operator room.,2021-03-12,"1. Rehabilitation of pump and riser pipes and cables.
2. Fuel supporting.
3. Rehabilitation of animal troughts.
4. Rehabilitation and construction of koisks.",,,,,,,,,,,,,,,,,
2022-03-12T06:57:26.561+03:00,2022-03-21T06:51:23.737+03:00,2022-03-12,borehole,2022-03-12,"Puntland Ministry of Energy, Minerals and Water",,"Khadra
Mohamed
Barre",mudug,Galdogob,Bursaalax,,Community,,2001-03-12,Ceelcadde bursalaax BH,7.1857728 47.2462594 355.3999938964844 3.216,7.1857728,47.2462594,355.3999939,3.216,no,,,7,urban,FALSE,TRUE,http://classic.ona.io/api/v1/files/25574928?filename=faoso/attachments/553460_Water_Sources_Data_Form_Oct_2020/1647057697265.jpg,yes,,yes,,3520,,,,,196,pvc,8,,20,15,,2,,,,,,,,,,,,,,,,,,,,,Concrete/Masonry tank,20,Galvanised Steel,5000,520,5,3,yes,2,8,Submersible Pump,Lowara,11,168,Hybrid - Solar/Generator,Parkins,35,SZYL_M350_36,25,good,,yes,Colorless and odorless,29.5,8.21,2145,1003,,Private/Individual,,,,,yes,0.05,yes,0.1,,0.1,Abdiweli Ali tar,907795150,International Committee of The Red Cross,,Installation of solar power,2019-03-12,"1. Construction of new elevated tank 
2. Extension of pipelines to IDP.",,,,,,,,,,,,,,,,,
2022-03-12T07:37:38.292+03:00,2022-03-19T06:55:15.673+03:00,2022-03-12,borehole,2022-03-12,"Puntland Ministry of Energy, Minerals and Water",,"Khadra
Mohamed
Barre",mudug,Galdogob,Kalabayr,0.2,Community,,2011-03-19,Kalabayr BH,7.1906848 47.2928613 355.3999938964844 4.843,7.1906848,47.2928613,355.3999939,4.843,no,,,1,urban rural,TRUE,TRUE,http://classic.ona.io/api/v1/files/25531961?filename=faoso/attachments/553460_Water_Sources_Data_Form_Oct_2020/1647059992553.jpg,yes,,yes,,980,1650,,2500,0,230,pvc,8,,11.5,12,,4,,,,,,,,,,,,,,,,,,,,,Concrete/Masonry tank,56,Galvanised Steel,1500,20,1,2,yes,7,8,Submersible Pump,Lowara,15,216,Hybrid - Solar/Generator,Parkins,45,GCNS_M36V390W,15.99,good,,yes,Colorless and odorless,29.3,7.62,2550,1245,,Communal,yes,2012-03-19,5,0,yes,0.05,yes,0.1,,0.1,Abdullahi jama warsame,907594239,Norwegian Refugee Council,,"1. Installation of solar power 
2. Rehabilitation of koisks 
3. Rehabilitation of pump and riser pipes",2021-01-12,"1. Fancing.
2. Rehabilitation of koisks and construction new koisks.
3. Rehabilitation of animal troughts.
4. Rehabilitation rooms.
5. Fuel supporting.",,,,,,,,,,,,,,,,,
2022-03-12T09:39:24.569+03:00,2022-03-24T07:16:35.431+03:00,2022-03-12,borehole,2022-03-12,"Puntland Ministry of Energy, Minerals and Water",,"Khadra
Mohamed 
Barre",mudug,Galdogob,Laanmadow,,Community,,,Laanmadow BH,7.3302253 47.2966161 353.736328125 4.288,7.3302253,47.2966161,353.7363281,4.288,no,,,1,urban rural,TRUE,TRUE,http://classic.ona.io/api/v1/files/25669274?filename=faoso/attachments/553460_Water_Sources_Data_Form_Oct_2020/1647067357140.jpg,yes,,yes,,950,1800,,2200,0,,pvc,8,,,12,,,,,,,,,,,,,,,,,,,,,,,Concrete/Masonry tank,20,Stainless Steel,,,2,2,yes,10,8,Submersible Pump,,11,,Hybrid - Solar/Generator,Parkins ,45,,,poor,The operator of borehole has no good detail information about tha borehole and supplies.,yes,Colorless and odorless ,29.9,7.61,1940,958,,Communal,no,,,,yes,0.05,yes,0.1,,0.1,Cawil isrux,907766015,,,,,"1. Fancing 
2. Rehabilitation of kiosks 
3. Rehabilitation of animal troughts ",,,,,,"BH with 20"" casing size, please clarify)",,,,,,,,,,,
2022-03-12T08:16:11.934+03:00,2022-03-19T06:53:14.156+03:00,2022-03-12,borehole,2022-03-12,"Puntland Ministry of Energy, Minerals and Water",,"Khadra
Mohamed 
Barre",mudug,Galdogob,Laandheere,0.3,Community,,2013-03-12,Laandheere BH,7.1810792 47.3584385 350.2161865234375 3.752,7.1810792,47.3584385,350.2161865,3.752,no,,,1,urban rural,TRUE,TRUE,http://classic.ona.io/api/v1/files/25531962?filename=faoso/attachments/553460_Water_Sources_Data_Form_Oct_2020/1647062388502.jpg,yes,,yes,,910,300,,2500,0,180,pvc,8,,10,10,,3,,,,,,,,,,,,,,,,,,,,,Concrete/Masonry tank,13,Stainless Steel,500,7,4,2,yes,3,8,Submersible Pump,,15,145,Hybrid - Solar/Generator,IVECO,30,GD100_01G_4_PV,18.5,fair,,yes,Colorless and odorless,29.3,7.72,2835,1405,Sampled,Communal,no,,,,yes,0.05,yes,0.1,,0.1,Abdirazak warsame,907371825,Norwegian Refugee Council,,"1. Rehabilitation of pipes, koisks and animal throughts 
2. Installation of solar power.",2021-02-12,"1.Construction of new elevated tank 
2. Fancing of borehole.",,,,,,,,,,,,,,,,,
2022-03-12T15:28:46.346+03:00,2022-03-13T10:07:40.596+03:00,2022-03-12,borehole,2022-03-12,"Puntland Ministry of Energy, Minerals and Water",,Eng Mohamed Muse Abdi,bari,Qardho,Carmo,3,Horseed water company,,2019-07-12,Carmo borehole 3,10.5711623 49.0842369 643.8 4.8,10.5711623,49.0842369,643.8,4.8,no,,,5,rural urban,TRUE,TRUE,http://classic.ona.io/api/v1/files/25507183?filename=faoso/attachments/553460_Water_Sources_Data_Form_Oct_2020/1647088679742.jpg,yes,,yes,,1800,100,,700,,240,pvc,8,180,10,12,,,,,,,,,,,,,,,,,,,,,,,Concrete/Masonry tank,426,PVC,,300,,,no,,,Submersible Pump,Lowara,,234,Generator,Perkins,45,,,good,"But the water is over salt. 
The borehole distribute water to the village so it is difficult to determine length of pipe line.",yes,"Yellow color.
Water is over salt.",26.7,7.28,4050,2020,,Private-Public-Partnership,,,,,yes,0.02,yes,0.1,,0.1,Horseed water company,907727470,Horseed water company,,Cleaning of the borehole site.,2020-07-16,"Installation of solar power system.
Fencing.",,,,,,,,,,,,,,,,,
2022-03-12T17:35:54.418+03:00,2022-04-06T11:41:40.786+03:00,2022-03-12,borehole,2022-03-12,"Puntland Ministry of Energy, Minerals and Water",,Eng Mohamed Muse Abdi,bari,Bossaso,Ceeldahir,1.5,Kuwait Government,,,Ceeldahir borehole 2,10.6125246 49.0492388 623.4 4.8,10.6125246,49.0492388,623.4,4.8,no,,,2,rural urban,TRUE,TRUE,http://classic.ona.io/api/v1/files/25997145?filename=faoso/attachments/553460_Water_Sources_Data_Form_Oct_2020/1647095870215.jpg,yes,,yes,,900,150,,1500,,150,pvc,8,,12,8,,,,,,,,,,,,,,,,,,,,,,,Concrete/Masonry tank,20,PVC,500,,8,,yes,3,9,Submersible Pump,Lowara,,132,Generator,Eveco,30,,,fair,"The distribution pipe lines are disconnected.
The yield of borehole is very low.",no,,26.3,7.65,3520,1770,,Communal,no,,,,yes,0.02,yes,0.1,,0.1,Maxamed siciid farax,907652993,Community_e,,Replacement of main raising pipes and submersible pump.,2021-11-25,"Solar power installation.
Replacement of main raising pipes and submersible pump.
Replacement of distribution pipe line.",,,,,,,,,,,,,,,,,
2022-03-12T11:54:18.304+03:00,2022-04-08T17:03:00.252+03:00,2022-03-12,borehole,2022-03-12,"Puntland Ministry of Energy, Minerals and Water",,Eng Mohamed Muse Abdi,bari,Qardho,Juurile,1.5,Former Somali Government,,1986-11-16,Juurile borehole,10.3962938 49.0667047 682.4000000000001 4.98,10.3962938,49.0667047,682.4,4.98,no,,,2,rural urban,TRUE,TRUE,http://classic.ona.io/api/v1/files/26041336?filename=faoso/attachments/553460_Water_Sources_Data_Form_Oct_2020/1647076115440.jpg,yes,,yes,,1200,1500,,5000,0.5,126,gi,6,117,10,12,,,,,,,,,,,,,,,,,,,,,,,Concrete/Masonry tank,120,Galvanised Steel,1700,,8,2,yes,5,8,Submersible Pump,Grundfos,,126,Hybrid - Solar/Generator,IVECO,32,SZYL-P325-36,24.7,poor,"The borehole has 3 water storage.
two elevated water tank in the village and other one is located at the borehole site.
The capacity of three tanks is 120 meter cubic.
The pipe line connection b/n the village and borehole is been destroyed by floods. 
And the village has no water supply.
Fetching water from the borehole is difficult due to the crossing of buran stream, which is very large and sand.",no,,26.6,8.06,1740,865,,Communal,yes,2016-09-17,7,8,no,,yes,0.1,,0.1,Cali qodax,907364373,Norwegian Refugee Council,,"Installation of solar power system.
Replacement of main raising pipes and submersible pump.
Construction of two toilets.
Widening of animal troughs.",2018-11-13,"1: Placement of pipe lines which distribute water to the village.
2: Replacement of main raising pipe lines and pump.
3: Construction of another borehole.
4: Construction of one elevated water tank.",,,,,,,,,,,,,,,,,
2022-03-12T13:30:06.337+03:00,2022-03-20T06:05:55.459+03:00,2022-03-12,borehole,2022-03-12,"Puntland Ministry of Energy, Minerals and Water",,"Khadra
Mohamed 
Barre",mudug,Gaalkacyo,Roox,,Community,,2016-03-12,Roox BH,7.2052439 47.4384682 340.9796142578125 4.288,7.2052439,47.4384682,340.9796143,4.288,no,,,2,rural urban,TRUE,TRUE,http://classic.ona.io/api/v1/files/25554859?filename=faoso/attachments/553460_Water_Sources_Data_Form_Oct_2020/1647081211725.jpg,yes,,yes,,4200,1500,,2500,,180,pvc,8,,13.3,15,,3,,,,,,,,,,,,,,,,,,,,,Concrete/Masonry tank,20,Galvanised Steel,1300,30,6,2,yes,2,8,Submersible Pump,Lowara,11,150,Hybrid - Solar/Generator,Doss,30,,19.6,fair,,yes,Colorless and odorless,34.5,7.61,2350,1171,Sampled,Communal,yes,2016-03-12,5,2,yes,0.05,yes,0.1,,0.05,Abdiqadir fanax,907659464,Norwegian Refugee Council,,"1. Installation of solar power.
2. Rehabilitation of pump.",2020-03-12,"1. Construction of new elevated tank  and rehabilitation of generator.
2. Extension pump capacity.
3. Extension pipelines
4. Room caretaker room.",,,,,,,,,,,,,,,,,
2022-03-12T16:31:14.146+03:00,2022-04-18T21:04:50.230+03:00,2022-03-12,borehole,2022-03-12,"Puntland Ministry of Energy, Minerals and Water",,Eng Mohamed Muse Abdi,bari,Bossaso,Carmo,2,Horseed water company,,2013-05-22,Carmo borehole1,10.5489725 49.0702793 665.3 4.8,10.5489725,49.0702793,665.3,4.8,no,,,4,urban,FALSE,TRUE,http://classic.ona.io/api/v1/files/26204278?filename=faoso/attachments/553460_Water_Sources_Data_Form_Oct_2020/1647092224607.jpg,yes,,yes,,3600,,,,,248,pvc,8,,12,15,,,,,,,,,,,,,,,,,,,,,,,,,Galvanised Steel,,600,,,no,,,Submersible Pump,Lowara,,,Generator,Perkins,45,,,fair,"All boreholes distribute water to 1 storage water tank.
",no,,31,7.6,2400,1200,,Private-Public-Partnership,,,,,yes,0.026,,,,,Horseed water company,7727470,Horseed water company,,Replacement of main raising pipes,2021-05-20,"Solar 
Generator 
Pipes",,,,,,,,,,,,,,,,,
2022-03-12T16:08:43.137+03:00,2022-04-18T21:01:49.576+03:00,2022-03-12,borehole,2022-03-12,"Puntland Ministry of Energy, Minerals and Water",,Eng Mohamed Muse Abdi,bari,Bossaso,Carmo,1,Horseed water company,,2013-05-20,Carmo borehole2,10.553322 49.0704519 669.9 4.58,10.553322,49.0704519,669.9,4.58,no,,,4,urban rural,TRUE,TRUE,http://classic.ona.io/api/v1/files/26204277?filename=faoso/attachments/553460_Water_Sources_Data_Form_Oct_2020/1647090724185.jpg,yes,,yes,,2400,150,,,,250,pvc,8,190,4,15,,,,,,,,,,,,,,,,,,,,,,,Concrete/Masonry tank,,PVC,,600,,,yes,5,9,Submersible Pump,Lowara,,195,Hybrid - Solar/Generator,Perkins,45,SZYL-M330-36,16.5,good,,no,,32,7.3,2500,1240,,Private-Public-Partnership,,,,,yes,0.026,no,,,,Horseed water company,7727470,Horseed water company,,Replacement of main pipes,2021-06-11,"Replacement of main raising pipes and submersible pump.
Construction of animal water troughs.",,,,,,,,,,,,,,,,,
2022-03-12T17:53:52.654+03:00,2022-04-06T13:15:48.672+03:00,2022-03-12,borehole,2022-03-12,"Puntland Ministry of Energy, Minerals and Water",,Team bari and sanag,bari,Bossaso,Ceel daahir,1.3,Former Somali Government,,1988-07-08,Ceel dahir borehole 1,10.6401232 49.0499791 602.6999999999999 4.98,10.6401232,49.0499791,602.7,4.98,no,,,2,rural urban,TRUE,TRUE,http://classic.ona.io/api/v1/files/25997153?filename=faoso/attachments/553460_Water_Sources_Data_Form_Oct_2020/1647097006476.jpg,yes,,yes,,1800,200,,500,2,165,gi,8,16,46,14,,,,,,,,,,,,,,,,,,,,,,,Concrete/Masonry tank,154,PVC,1400,180,2,,yes,10,10,Submersible Pump,Lowara,,90,Hybrid - Solar/Generator,Perkins,33,,16.45,good,,no,,26.5,7.7,2120,1070,,Communal,no,,,,yes,0.016,,,,,Maxamed cali ismaaciil,7759669,KAALO Relief and Development,,Extenstion of solar panels,2021-03-10,"1: Extention of distribution pipe line in order to supply water to the village
2: Submersible pump 
3: Construction of caretaker room 

",,,,,,,,,,,,,,,,,
2022-03-12T11:04:23.549+03:00,2022-03-19T07:07:37.610+03:00,2022-03-12,borehole,2022-03-12,"Puntland Ministry of Energy, Minerals and Water",,"Khadra
Mohamed
Barre",mudug,Galdogob,Tuulo-xanan,1.5,not_specified,Charity,2020-03-12,Tuulo xanan BH,7.4177271 47.2246497 394.6015625 4.288,7.4177271,47.2246497,394.6015625,4.288,no,,,1,rural urban,TRUE,TRUE,http://classic.ona.io/api/v1/files/25531965?filename=faoso/attachments/553460_Water_Sources_Data_Form_Oct_2020/1647072478337.jpg,yes,,yes,,1400,,,,,220,pvc,8,92,7.5,10,,4,,,,,,,,,,,,,,,,,,,,,Concrete/Masonry tank,30,PVC,1700,1,3,2,no,,,Submersible Pump,,11,195,Generator,Parkins,45,,,good,,yes,Colorless and odorless,32.2,8,1870,928,,Communal,yes,2021-03-12,5,0,no,,no,,,,Abdulqaadir mohamed hasan,907615376,Norwegian Refugee Council,,1. Construction of new elevated tank.,2021-03-12,"1. Fuel supporting.
3. Installation of solar power.
4. Fancing.",,,,,,,,,,,,,,,,,
2022-03-12T12:44:38.782+03:00,2022-03-21T07:34:19.556+03:00,2022-03-12,borehole,2022-03-12,"Puntland Ministry of Energy, Minerals and Water",,"Khadra
Mohamed
Barre",mudug,Gaalkacyo,Hadoodil,,,,2004-03-21,Hadoodil BH,7.2353236 47.4007961 334.6845703125 4.288,7.2353236,47.4007961,334.6845703,4.288,no,,,1,rural urban,TRUE,TRUE,http://classic.ona.io/api/v1/files/25574949?filename=faoso/attachments/553460_Water_Sources_Data_Form_Oct_2020/1647078363596.jpg,yes,,no,"1 month, pump problem ",2100,2000,,8000,0,210,pvc,8,,32,9,,0.4,,,,,,,,,,,,,,,,,,,,,Concrete/Masonry tank,76,PVC,5000,150,2,3,no,,,Submersible Pump,,7.5,180,Generator,Parkins ,45,,,poor,Absolutely poor,no,,,,,,,Communal,yes,2007-03-21,3,2,,,,,,,Bishaar abdi ali,907754618,Norwegian Refugee Council,,1. Construction of new elevated tank.,2021-03-12,"1. Installation of pump. 
2. Installation of solar power.
3. Rehabilitation of animal troughts.
4. Construction of new kiosks.
5. Trucking pipe",,,,,,,,,,,,,,,Why was water quality not checked?,,
2022-03-12T09:00:29.314+03:00,2022-03-19T07:04:12.417+03:00,2022-03-12,borehole,2022-03-12,"Puntland Ministry of Energy, Minerals and Water",,"Khadra
Mohamed 
Barre",mudug,Galdogob,Ramaas,,not_specified,PWASEN,2018-03-12,Ramaas BH,7.2135578 47.3402197 353.0714111328125 4.223,7.2135578,47.3402197,353.0714111,4.223,no,,,1,rural urban,TRUE,TRUE,http://classic.ona.io/api/v1/files/25531963?filename=faoso/attachments/553460_Water_Sources_Data_Form_Oct_2020/1647064964518.jpg,yes,,yes,,910,2000,,9000,0,220,pvc,8,,12,5,,3,,,,,,,,,,,,,,,,,,,,,Concrete/Masonry tank,30,Stainless Steel,1200,35,4,2,no,,,Submersible Pump,Lowara,15,180,Generator,Parkins,45,,,fair,,yes,Colorless and odorless,29.8,7.51,2335,1157,,Communal,yes,2018-03-12,2,2,no,,no,,,,Mohamed ahmed,907307252,,,,,"1. Rehabilitation of pump and riser pipes 
2. Installation of solar power 
3. Rehabilitation of koisks 
4. Construction of new elevated tank.",,,,,,,,,,,,,,,,,
2022-03-13T12:57:56.895+03:00,2022-03-20T06:42:12.152+03:00,2022-03-13,borehole,2022-03-13,"Puntland Ministry of Energy, Minerals and Water",,"Khadra
Mohamed 
Barre",mudug,Gaalkacyo,Horkac cagaaran,1.3,Community,,2017-03-13,Horkac BH,7.0533552 47.5178086 300.59735107421875 3.508,7.0533552,47.5178086,300.5973511,3.508,no,,,1,urban rural,TRUE,TRUE,http://classic.ona.io/api/v1/files/25554878?filename=faoso/attachments/553460_Water_Sources_Data_Form_Oct_2020/1647165614853.jpg,yes,,yes,,100,200,,800,5,226,pvc,8,,12.5,5,,0,,,,,,,,,,,,,,,,,,,,,Concrete/Masonry tank,18,Galvanised Steel,500,,1,2,no,,,Submersible Pump,Lowara,15,135,Generator,Parkins,30,,,fair,,yes,Colorless and odorless ,31.5,7.91,2535,1257,,Communal,yes,2017-03-14,3,0,no,,yes,0.1,,0.1,Abdisalam diiriye husuen,907034285,World Bank,,"1. Construction of animal troughts 
2. Construction of one koisk.
3. Rehabilitation of generator room 
4. Installation of generator and pump.",2021-02-13,"1. Installation of solar power.
2. Construction of new kiosks.
3. Construction caretaker room.",,,,,,,,,,,,,,,,,
2022-03-13T09:03:49.130+03:00,2022-03-15T21:38:18.407+03:00,2022-03-13,borehole,2022-03-13,"Puntland Ministry of Energy, Minerals and Water",,"Khadra
Mohamed
Barre",mudug,Gaalkacyo,Daarasalaam,,Community,,2002-03-13,Daarasalaam BH,7.0814702 47.4922321 315.01654052734375 4.288,7.0814702,47.4922321,315.0165405,4.288,no,,,1,rural urban,TRUE,TRUE,http://classic.ona.io/api/v1/files/25440444?filename=faoso/attachments/553460_Water_Sources_Data_Form_Oct_2020/1647151595607.jpg,yes,,yes,,3500,450,,1500,0,170,pvc,8,56,16.6,12,,2,,,,,,,,,,,,,,,,,,,,,Concrete/Masonry tank,50,PVC,1500,250,5,2,yes,2,8,Submersible Pump,Lowara,11,108,Hybrid - Solar/Generator,Parkins,45,DS572380M,16.72,good,,yes,Colorless and odorless,32.6,7.71,2470,1225,,Communal,yes,2002-03-13,3,0,yes,0.05,yes,0.05,,0.1,Bashir diiriye aw jaamaca,907891663,Norwegian Refugee Council,,"1. Construction of new elevated tank 
2. Construction of koisks",2021-02-13,"1. Extension pipelines 
2. Extension of solar power",,,,,,,,,,,,,,,,,
2022-03-13T12:04:28.633+03:00,2022-03-20T06:38:59.939+03:00,2022-03-13,borehole,2022-03-13,"Puntland Ministry of Energy, Minerals and Water",,"Khadra
Mohamed
Barre",mudug,Gaalkacyo,Cagaaran,,WDA - Water Development Agency,,1991-03-13,Cagaaran BH 1,7.0618805 47.4853827 279.0098876953125 4.288,7.0618805,47.4853827,279.0098877,4.288,no,,,3,rural urban,TRUE,TRUE,http://classic.ona.io/api/v1/files/25554871?filename=faoso/attachments/553460_Water_Sources_Data_Form_Oct_2020/1647162636158.jpg,yes,,yes,,17500,9000,100,15000,,195,pvc,8,105,18,12,,2,,,,,,,,,,,,,,,,,,,,,Concrete/Masonry tank,160,Galvanised Steel,2000,330,7,3,yes,6,8,Submersible Pump,,16,150,Hybrid - Solar/Generator,IM30,30,GPS-300-360,16.2,fair,Pipelines rehabilitation,yes,Colorless and odorless ,35.5,8.1,2543,1261,Sampled,Communal,yes,1990-03-13,7,0,yes,0.1,yes,0.05,,0.05,Sheikh Ahmed daahir,907751161,Danish Refugee Council (Regional Office),,1. Installation of solar power,2021-02-13,"1. Rehabilitation of pump and riser pipes. 
2. Rehabilitation of pipelines.
3. Extension of pipelines.
4. Rehabilitation and reconstruction of elevated water tank.
5. Construction of new kiosks.
6. Fancing.",,,,,,,,,,,,,,,,,
2022-03-13T13:49:14.828+03:00,2022-04-07T11:59:10.952+03:00,2022-03-13,borehole,2022-03-13,"Puntland Ministry of Energy, Minerals and Water",,Eng Mohamed Muse Abdi,bari,Iskushuban,Jeedal,2,United Nations Children's Fund,,2022-02-19,Jeedal borehole,10.2112917 49.5234167 647.300048828125 4.5,10.2112917,49.5234167,647.3000488,4.5,no,,,1,rural urban,TRUE,TRUE,http://classic.ona.io/api/v1/files/26015136?filename=faoso/attachments/553460_Water_Sources_Data_Form_Oct_2020/1647168780121.jpg,yes,,yes,,,,,,,260,pvc,8,,14,,,,,,,,,,,,,,,,,,,,,,,,,,,,,,,yes,25,8,Submersible Pump,Lowara,,276,Generator,Perkins,45,,,fair,"No elevated water tank
No animal troughs.
No water points.",no,,33,8.2,1350,680,,Communal,no,,,,yes,0.015,,,,,Cabdulqadir shire cali,907729534,,,"No intervention is performed, because the borehole is newer ",,"This borehole is under construction, elevated water tank, troughs and the care taker room is to be constructed soon.
Despite that they need the flowing intervention:-
1: Installation of solar power system,due to the increased fuel prices.
2: Water tank for the  town supply.
3: Distribution pipes and kiosks for the settlement.",,,,,,,,,,,"BH depth 260m, and Pump level is 276m, please clarify?",,,,,,
2022-03-13T11:30:50.096+03:00,2022-03-20T06:33:25.101+03:00,2022-03-13,borehole,2022-03-13,"Puntland Ministry of Energy, Minerals and Water",,"Khadra 
Mohamed 
Barre",mudug,Gaalkacyo,Cagaaran,,not_specified,Save the children,2021-02-13,Cagaraan BH,7.0347377 47.4901695 284.121826171875 3.573,7.0347377,47.4901695,284.1218262,3.573,no,,,2,urban rural,TRUE,TRUE,http://classic.ona.io/api/v1/files/25554868?filename=faoso/attachments/553460_Water_Sources_Data_Form_Oct_2020/1647160455843.jpg,yes,,yes,,700,,,,,180,pvc,8,95,25,12,,1.4,,,,,,,,,,,,,,,,,,,,,Concrete/Masonry tank,50,PVC,2500,,4,2,yes,7,8,Submersible Pump,,11,160,Hybrid - Solar/Generator,Parkins,45,PV800-4T30G,30,good,,yes,Colorless and odorless,35.2,8.05,2235,1115,Sampled,Communal,yes,2021-03-13,3,,no,,no,,,,Abdihakim abdulle baydaani,907795008,not_specified,Save the children,1 . Installation of solar power,2021-01-13," Fuel supporting.
Rehabilitation pipelines ",,,,,,,,,,,,,,,,,
2022-03-13T09:45:58.984+03:00,2022-03-20T06:11:13.808+03:00,2022-03-13,borehole,2022-03-13,"Puntland Ministry of Energy, Minerals and Water",,Fardaharis,mudug,Gaalkacyo,Fardaharis,,not_specified,ICNA,2021-03-13,Fardaharis BH,7.0487097 47.4276759 302.55828857421875 3.216,7.0487097,47.4276759,302.5582886,3.216,no,,,1,rural urban,TRUE,TRUE,http://classic.ona.io/api/v1/files/25554864?filename=faoso/attachments/553460_Water_Sources_Data_Form_Oct_2020/1647154276871.jpg,yes,,yes,,500,250,,800,,160,pvc,8,,15,8,,1,,,,,,,,,,,,,,,,,,,,,Concrete/Masonry tank,30,Galvanised Steel,50,,1,2,no,,,Submersible Pump,,11,105,Hybrid - Solar/Generator,Leateck,30,AS-60-28W,16.8,fair,Shortage of koisks ,yes,Colorless and odorless ,30.8,7.8,2831,1409,,Communal,yes,2021-03-13,6,0,no,,no,,,,Shucayb abdiqadir,907408380,not_specified,ICNA,1. Installation of solar power.,2021-03-13,"1. Construction of koisks 
2. Extension of pipelines 
4. Rehabilitation generator.
5. Fancing. 
6. Construction of animal troughts.",,,,,,,,,,,,,,,,,
2022-03-13T10:30:05.717+03:00,2022-03-20T06:20:39.012+03:00,2022-03-13,borehole,2022-03-13,"Puntland Ministry of Energy, Minerals and Water",,"Khadra
Mohamed
Barre",mudug,Gaalkacyo,Afar iridood,,United Nations Children's Fund,,2021-02-13,Afar iridood BH,6.9935791 47.3739121 312.48828125 4.482,6.9935791,47.3739121,312.4882813,4.482,no,,,1,rural urban,TRUE,TRUE,http://classic.ona.io/api/v1/files/25554867?filename=faoso/attachments/553460_Water_Sources_Data_Form_Oct_2020/1647156755284.jpg,yes,,no,"1 month not functioning, needs observation of borehole",1260,,,,,180,pvc,8,,12,,,,,,,,,,,,,,,,,,,,,,,,Concrete/Masonry tank,24,Galvanised Steel,50,,2,2,no,,,Submersible Pump,Lowara,11,135,Generator,CEOLMO,30,,,poor,Shortage of water supply. And borehole problemed.,no,,,,,,,Communal,yes,2021-02-13,4,2,no,,no,,,,Burhan abdi xirse,907634750,,,,,"1. Emergency to solve this problem
2. Needs camera to observation borehole problem.",,,,,,,,,,,,,,,Why was water quality not checked?,,
2022-03-14T07:19:10.487+03:00,2022-04-18T20:49:36.969+03:00,2022-03-14,borehole,2022-03-14,"Puntland Ministry of Energy, Minerals and Water",,Eng Mohamed Muse Abdi,bari,Iskushuban,Camaan,2,Other,,2020-01-29,Camaaan borehole,10.1725041 49.8349062 407.0 4.95,10.1725041,49.8349062,407,4.95,no,,,1,rural urban,TRUE,TRUE,http://classic.ona.io/api/v1/files/26204053?filename=faoso/attachments/553460_Water_Sources_Data_Form_Oct_2020/1647231922044.jpg,yes,,yes,,1500,4000,,12000,,280,pvc,8,250,12,15,,,,,,,,,,,,,,,,,,,,,,,Concrete/Masonry tank,50,Galvanised Steel,,,2,2,yes,7,9,Submersible Pump,Lowara,,,Hybrid - Solar/Generator,Perkins,45,GPS300-300,25.8,good,"But the village has no water supply, in addition to that the area is over population",no,,24.2,7.35,1950,956,,Communal,yes,2007-06-14,8,3,no,,yes,0.1,,0.1,Cabdi cabdiraxman maxamed,907760911,,,There is no intervention up to its establishment.,,"1: Replacement of main raining pipes immediately.
2: Fencing.
3: Construction of another elevated water tank due to increased demand.
4: Construction of another water troughs due increased demand of lvestock.
5: Construction of caretaker room.
6: pipe extention in order to supply the settlement.",,,,,,,,,,,,,,,,,
2022-03-14T10:54:29.493+03:00,2022-03-22T06:31:49.970+03:00,2022-03-14,borehole,2022-03-14,"Puntland Ministry of Energy, Minerals and Water",,"Khadra
Mohamed
Barre",mudug,Gaalkacyo,Margaaga,,ISRC - Islamic Relief Committee,,2009-03-14,Margaaga BH,7.2191715 47.5372463 344.2713623046875 3.216,7.2191715,47.5372463,344.2713623,3.216,no,,,1,urban rural,TRUE,TRUE,http://classic.ona.io/api/v1/files/25603559?filename=faoso/attachments/553460_Water_Sources_Data_Form_Oct_2020/1647244611588.jpg,yes,,yes,,7448,50,,2000,,194,pvc,8,80,8,12,,2,,,,,,,,,,,,,,,,,,,,,Concrete/Masonry tank,31,PVC,3000,200,8,1,no,,,Submersible Pump,Lowara,7.5,162,Hybrid - Solar/Generator,Parkins,30,BR-M300W,15,good,,yes,Colorless and odorless ,33.5,7.35,3405,1698,,Communal,yes,2012-03-14,3,4,yes,0.05,yes,0.1,,0.05,Mohamed Mohamud muse,907212836,Norwegian Refugee Council,,1. Construction of new elevated tank.,2021-02-14,"1. Installation of pump 
2. Construction animal troughts
3. Fancing
4. Fuel supporting",,,,,,,,,,,,,,,,,
2022-03-14T08:45:31.611+03:00,2022-03-23T06:19:58.820+03:00,2022-03-14,borehole,2022-03-14,"Puntland Ministry of Energy, Minerals and Water",,"Khadra
Mohamed
Barre",mudug,Gaalkacyo,Bacaadweyn ,0.8,Community,,2022-03-14,Bacaadweyn water company BH,7.21072 47.5212386 348.6949462890625 4.931,7.21072,47.5212386,348.6949463,4.931,no,,,2,rural urban,TRUE,TRUE,http://classic.ona.io/api/v1/files/25633701?filename=faoso/attachments/553460_Water_Sources_Data_Form_Oct_2020/1647236983505.jpg,yes,,yes,,21000,800,,1200,,235,pvc,8,125,22,18,,1.3,,,,,,,,,,,,,,,,,,,,,Concrete/Masonry tank,250,PVC,4000,1800,5,2,yes,25,8,Submersible Pump,,22,171,Hybrid - Solar/Generator,Parkins,60,BYD335PK-36,33.5,good,,yes,Colorless and odorless,29.2,7.81,2895,1435,,Utility/Local Authority,,,,,yes,0.05,no,,,,Ali abdusamad,906680001,Danish Refugee Council (Regional Office),,1. Installation of solar power.,2020-03-14,"1. Installation of generator 
2. Extension pipelines 
3. Rehabilitation of pipes 
4. Rehabilitation of steel tank, because its corrosive.",,,,,,,,,,,,,,,,,
2022-03-14T11:17:35.719+03:00,2022-03-22T06:35:09.169+03:00,2022-03-14,borehole,2022-03-14,Private,,"Khadra
Mohamed 
Barre",mudug,Gaalkacyo,Ceelgerdi 2,,Community,,2014-03-14,Ceelgerdi BH 2,7.2318127 47.5488879 344.2713623046875 4.824,7.2318127,47.5488879,344.2713623,4.824,no,,,1,rural,TRUE,FALSE,http://classic.ona.io/api/v1/files/25603560?filename=faoso/attachments/553460_Water_Sources_Data_Form_Oct_2020/1647246158417.jpg,yes,,yes,,350,500,,1500,40,190,pvc,8,135,13.3,8,,,,,,,,,,,,,,,,,,,,,,,Concrete/Masonry tank,16,Galvanised Steel,700,7,0,2,yes,7,8,Submersible Pump,Lowara,11,145,Generator,Parkins,45,,,fair,Supply needs rehabilitation,yes,Colorless and odorless ,34.1,7.81,3110,1550,,Communal,yes,2017-03-14,2,1,yes,0.05,no,,,,Abdirahman daahir,907796253,,,,,"1. Construction of koisks 
2. Construction of new elevated tank 
3. Installation of solar power 
4. Rehabilitation of pump and riser pipes",,,,,,,,,,,,,,"Please confirm the acreage, in Ha",,,
2022-03-14T12:30:04.314+03:00,2022-04-20T10:59:34.326+03:00,2022-03-14,spring,2022-03-14,"Puntland Ministry of Energy, Minerals and Water",,Eng Mohamed Muse Abdi,bari,Iskushuban,Iskushuban,0.5,Community,,2012-07-24,Dhalmado spring,10.2822346 50.2339662 246.5 4.96,10.2822346,50.2339662,246.5,4.96,no,,,2,urban,FALSE,TRUE,http://classic.ona.io/api/v1/files/26229355?filename=faoso/attachments/553460_Water_Sources_Data_Form_Oct_2020/1647250651657.jpg,yes,,yes,,9000,,,,,,,,,,,,,,,,,,,,,,,,,,yes,20,,,,,,Concrete/Masonry tank,,Galvanised Steel,,60,4,,yes,16,6,Submersible Pump,Lowara,,,Hybrid - Solar/Generator,Perkins,60,,,,,no,,28.2,7.1,2020,1019,,Communal,yes,2015-04-21,3,3,yes,0.02,,,,,Maxamed diraac maxamed,7607478,Community,,Construction of water kiosks,2020-12-21,"Construction of elevated water tank.
Increasing of solar panels
Extention of distribution pipes into village.",,,,,,,,,,,,,,,,,
2022-03-14T10:10:38.031+03:00,2022-03-22T06:25:25.362+03:00,2022-03-14,borehole,2022-03-14,"Puntland Ministry of Energy, Minerals and Water",,"Khadra
Mohamed
Barre",mudug,Gaalkacyo,Heema,0.3,ADA,,2004-03-14,Heema BH,7.1430376 47.5313058 344.2713623046875 4.288,7.1430376,47.5313058,344.2713623,4.288,no,,,1,urban,FALSE,TRUE,http://classic.ona.io/api/v1/files/25603554?filename=faoso/attachments/553460_Water_Sources_Data_Form_Oct_2020/1647242042453.jpg,yes,,yes,,3100,,,,,180,pvc,8,,16,14,,2.4,,,,,,,,,,,,,,,,,,,,,Concrete/Masonry tank,130,PVC,1500,70,2,2,no,,,Submersible Pump,,11,162,Generator,Lesory somer,45,,,good,,yes,Colorless and odorless ,31.8,7.85,2645,1318,,Communal,yes,2012-03-15,3,2,no,,no,,,,Hussein mohamed,907818958,Norwegian Refugee Council,,1. Construction of new elevated tank,2021-02-14,"1. Installation of solar power.
2. Panels.
3. Extension of pipelines.
4. Rehabilitation of pump and riser pipes.",,,,,,,,,,,,,,,,,
2022-03-14T11:57:51.411+03:00,2022-03-22T06:44:21.238+03:00,2022-03-14,borehole,2022-03-14,"Puntland Ministry of Energy, Minerals and Water",,"Khadra
Mohamed
Barre",mudug,Gaalkacyo,Bone,1.3,not_specified,ICNA,2019-03-14,Bone BH,7.3018054 47.5684045 362.487548828125 4.556,7.3018054,47.5684045,362.4875488,4.556,no,,,1,urban rural,TRUE,TRUE,http://classic.ona.io/api/v1/files/25603561?filename=faoso/attachments/553460_Water_Sources_Data_Form_Oct_2020/1647248424641.jpg,yes,,yes,,3500,1000,200,8000,,250,pvc,8,60,12,8,,1.4,,,,,,,,,,,,,,,,,,,,,Concrete/Masonry tank,24,Galvanised Steel,1350,,2,3,yes,15,8,Submersible Pump,,11,240,Hybrid - Solar/Generator,Parkins,45,MS350M-73,18.2,good,,yes,Colorless and odorless,35.6,7.6,1971,981,,Communal,yes,2019-03-14,5,2,no,,no,,,,Abdilahi abdirahmaan hasan,907795563,Norwegian Refugee Council,,1. Construction of new elevated tank,2021-02-14,"1. Pump and riser pipes rehabilitation.
2. Fuel supporting.
3. Operator supporting.
4. Construction of new kiosks bone IDP.",,,,,,,,,,,,,,,,,
2022-03-14T09:19:13.791+03:00,2022-03-23T06:23:44.279+03:00,2022-03-14,borehole,2022-03-14,"Puntland Ministry of Energy, Minerals and Water",,"Khadra
Mohamed
Barre",mudug,Gaalkacyo,Bacaadweyn,0.3,not_specified,Bacaadweyn water company,2019-03-14,Bacaadweyn water company BH 2,7.1840294 47.5360031 344.2713623046875 4.352,7.1840294,47.5360031,344.2713623,4.352,no,,,2,urban,FALSE,TRUE,http://classic.ona.io/api/v1/files/25633702?filename=faoso/attachments/553460_Water_Sources_Data_Form_Oct_2020/1647239087985.jpg,yes,,no,"A years, Because of lack of water supply.",,,,,,210,pvc,8,,22,,,2.4,,,,,,,,,,,,,,,,,,,,,,,,,,,,no,,,Submersible Pump,,22,180,,,,,,poor,There is no any water supply,no,,30.2,7.6,2261,1133,,Utility/Local Authority,,,,,no,,no,,,,Ali abdisamad,90668001,,,,,"1. Emergency 
2. Construction of new elevated tank 
3. Installation of generator and solar power 
4. Extension of pipelines.
5. Construction of caretaker and Generator rooms.",,,,,,,,,,,,,,,,,
2022-03-14T11:41:47.810+03:00,2022-03-24T12:24:33.570+03:00,2022-03-14,borehole,2022-03-14,"Puntland Ministry of Energy, Minerals and Water",,"Khadra
Mohamed
Barre",mudug,Gaalkacyo,Ceelgardi,0.5,,,2019-03-24,Ceelgardi BH 1,7.261886 47.572429 336.7347412109375 3.216,7.261886,47.572429,336.7347412,3.216,no,,,1,urban rural,TRUE,TRUE,http://classic.ona.io/api/v1/files/25673964?filename=faoso/attachments/553460_Water_Sources_Data_Form_Oct_2020/1647247469364.jpg,no,4,no,"For a months, Unknown problem",3000,600,,1000,0,225,pvc,8,,7.5,,,,,,,,,,,,,,,,,,,,,,,,Concrete/Masonry tank,44,Galvanised Steel,40,,5,2,yes,20,8,Submersible Pump,Lowara,,11,Hybrid - Solar/Generator,Parkins,30,,32.4,fair,,no,,,,,,,Communal,yes,2019-03-24,7,4,no,,no,,,,Mohamud abdiweli,907638478,CARE Somalia,,"1. Construction of new elevated tank 
2. Extension of pipelines 
3. Construction of new kiosks
4. Rehabilitation of pump and riser pipes",2022-03-24,1. Construction of latrine.,,,,,,,,,,,,,,,Why was water quality not checked?,,
2022-03-15T17:49:03.562+03:00,2022-03-18T15:15:10.481+03:00,2022-03-15,spring,2022-03-15,"Puntland Ministry of Energy, Minerals and Water",,Eng Mohamed Muse Abdi,bari,Iskushuban,Iskorsaar,0.4,Community_,,2014-07-23,Iskorsaar spring.,9.9572419 50.7000843 244.5 4.7,9.9572419,50.7000843,244.5,4.7,no,,,1,rural urban,TRUE,TRUE,http://classic.ona.io/api/v1/files/25509759?filename=faoso/attachments/553460_Water_Sources_Data_Form_Oct_2020/1647355904731.jpg,yes,,yes,,1200,100,,800,,,,,,,,,,,,,,,,,,,,,,,no,4,,,,,,Concrete/Masonry tank,10,Galvanised Steel,,,3,1,yes,4,6,Submersible Pump,Lowara,,,Solar,,,,,poor,"The iskorsaar spring distribute water to the elevated water tank.
The elevated water tank distribute water to the kiosks in the village and animal troughs.
At this time the submersible pump has no functioning.
Water can not reach to the tank, and kiosks in the village.",no,,27.8,7.4,2640,1333,,Communal,yes,2016-08-24,4,3,yes,0.02,yes,0.1,,0.5,Shaafici awmuse awcali,907419170,"Puntland Ministry of Energy, Minerals and Water",,Replacement of submersible pump.,2018-06-17,"1: Installation of submersible pump and distribution pipe lines.
2: Generator.
3: Opening the mouth of spring, in order to increase the yield.
4: Construction of spring protection and storage which collect water from spring.
5: Installation of solar power system.
6: Construction of another elevated water tank due demand of animals and society.
7: Construction of caretaker room.",,,,,,,,,,,,,,,,,
2022-03-15T10:30:54.219+03:00,2022-03-22T07:00:08.008+03:00,2022-03-15,borehole,2022-03-15,"Puntland Ministry of Energy, Minerals and Water",,"Khadra
Mohamed
Barre",mudug,Gaalkacyo,Xarfo,0.5,CARE Somalia,,2011-03-15,Xafro BH 3,7.357073 47.6260741 375.135498046875 4.288,7.357073,47.6260741,375.135498,4.288,no,,,5,urban rural,TRUE,TRUE,http://classic.ona.io/api/v1/files/25603690?filename=faoso/attachments/553460_Water_Sources_Data_Form_Oct_2020/1647329646974.jpg,yes,,yes,,6300,500,,1500,0,250,pvc,8,,8,16,,3,,,,,,,,,,,,,,,,,,,,,Concrete/Masonry tank,140,PVC,3500,900,0,0,no,,,Submersible Pump,Lowara,15,220,Generator,Parkins,45,,,fair,,no,,,,,,,Utility/Local Authority,,,,,yes,0.05,yes,0.1,,0.1,Mohamed jama warsame,907791274,,,,,1. Full rehabilitation.,,,,,,,,,,,,,,,Why was water quality not checked?,,
2022-03-15T11:31:16.908+03:00,2022-03-24T11:28:58.240+03:00,2022-03-15,borehole,2022-03-15,"Puntland Ministry of Energy, Minerals and Water",,"Khadra
Mohamed 
Barre",nugaal,Burtinle,Faratooyo,1.5,United Nations Children's Fund,,2021-10-15,Faratooyo BH,7.5458481 47.7593569 367.5533447265625 3.216,7.5458481,47.7593569,367.5533447,3.216,no,,,1,urban rural,TRUE,TRUE,http://classic.ona.io/api/v1/files/25673996?filename=faoso/attachments/553460_Water_Sources_Data_Form_Oct_2020/1647333687416.jpg,yes,,yes,,3500,1500,,5000,0,300,pvc,8,168,14.4,15,,3,,,,,,,,,,,,,,,,,,,,,Concrete/Masonry tank,20,Galvanised Steel,50,,3,2,yes,10,8,Submersible Pump,Lowara,15,264,Hybrid - Solar/Generator,Parkins,45,CN-TY-M350,25.2,good,,yes,Colorless and odorless,35.5,7.61,3050,1523,,Communal,no,,,,yes,0.05,yes,0.1,,0.1,,,United Nations Children's Fund,,"1. Construction of elevated water tank, koisks and animal troughts and installation of solar power.",2021-08-24,,,,,,,,,,,,,,,,,,
2022-03-15T12:35:26.682+03:00,2022-03-23T06:39:44.848+03:00,2022-03-15,borehole,2022-03-15,"Puntland Ministry of Energy, Minerals and Water",,"Khadra
Mohamed
Barre",nugaal,Burtinle,Godobyar,1.3,International Rescue Committee,,2021-03-15,Godobyar BH,7.6284364 47.6309913 451.87158203125 4.288,7.6284364,47.6309913,451.871582,4.288,no,,,1,rural urban,TRUE,TRUE,http://classic.ona.io/api/v1/files/25633704?filename=faoso/attachments/553460_Water_Sources_Data_Form_Oct_2020/1647337127041.jpg,yes,,yes,,14000,1200,,5000,0,282,pvc,8,150,13.85,12,216,3,,,,,,,,,,,,,,,,,,,,,Concrete/Masonry tank,34,Stainless Steel,3000,25,3,2,yes,6,8,Submersible Pump,Lowara,11,243,Hybrid - Solar/Generator,Parkins,45,CN-TY-M350,25.2,good,,yes,Colorless and odorless ,36.1,7.1,3100,1590,,Communal,yes,2021-03-15,3,2,yes,0.05,yes,0.1,,0.1,Said Mohamud farah,907782853,International Rescue Committee,,"1. Construction of koisks, water tank and animal troughts",2021-03-15,1. Fuel supporting.,,,,,,,,,,,,,,,,,
2022-03-15T08:18:17.762+03:00,2022-03-22T06:48:39.640+03:00,2022-03-15,borehole,2022-03-15,"Puntland Ministry of Energy, Minerals and Water",,"Khadra
Mohamed
Barre",mudug,Gaalkacyo,Beer dhagaxtuur,700,Private,,2019-03-15,Dhagaxtuur BH,7.4595648 47.4101372 408.9759521484375 4.716,7.4595648,47.4101372,408.9759521,4.716,no,,,1,urban rural,TRUE,TRUE,http://classic.ona.io/api/v1/files/25603562?filename=faoso/attachments/553460_Water_Sources_Data_Form_Oct_2020/1647321722521.jpg,yes,,yes,,4900,500,,1200,0,340,pvc,8,,11,12,,3,,,,,,,,,,,,,,,,,,,,,Concrete/Masonry tank,20,PVC,1300,21,1,1,yes,4,8,Submersible Pump,Lowara,16.5,250,Hybrid - Solar/Generator,Parkins,45,BR_M330W,23.1,fair,Poor of koisks and animal troughts,yes,Colorless and odorless,28.6,7.72,1545,765,,Communal,yes,2019-03-15,7,0,yes,0.05,yes,0.1,,0.1,Geelle mire farah,907420163,Norwegian Refugee Council,,"1. Construction of new elevated tank 
2. Construction of koisk.
3. Construction generator room.",2021-03-15,"1. Construction of animal troughts 
2. Construction of koisks
3. Extension pipelines.",," the sources is 700 Km, away how is this possible?",,,,,,,,,,,,,,,
2022-03-15T14:34:18.858+03:00,2022-04-06T13:44:39.556+03:00,2022-03-15,dugwell,2022-03-15,"Puntland Ministry of Energy, Minerals and Water",,Eng Mohamed Muse Abdi,bari,Bandarbeyla,Biyo guduud,0.3,"Puntland Ministry of Energy, Minerals and Water",,2014-08-15,Biyo guduud dug well,9.8131617 50.5917667 271.90000000000003 5.0,9.8131617,50.5917667,271.9,5,no,,,1,rural urban,TRUE,TRUE,http://classic.ona.io/api/v1/files/25997166?filename=faoso/attachments/553460_Water_Sources_Data_Form_Oct_2020/1647347021031.jpg,yes,,yes,,600,150,,700,,,,,,,,,,9,8.5,yes,2,10,,,,,,,,,,,,,,,,Concrete/Masonry tank,18,PVC,100,,4,2,no,,,Submersible Pump,Lowara,,6,Hybrid - Solar/Generator,KINGMAN,11.5,,,poor,"The yield is low.
The village has no water supply",no,,30.9,7.9,827,413,,Communal,no,,,,no,,yes,0.1,,0.1,Ayaanle saciid cali,907601773,Islamic Relief Somalia,,"1.Construction of two rooms, full rehabilitation of pipelines and kiosks and troughs,
2.Supplied solar power system and generator.",2021-08-08,"1.To digg the current well deep in order to increase its yield.
2. Another water tank, the current water tank is not enough.
3.the solar Fencing is plastic and they asked for a wire Fencing.",,,,,,,,,,,,,,,,,
2022-03-15T10:19:03.897+03:00,2022-03-22T06:52:31.688+03:00,2022-03-15,borehole,2022-03-15,"Puntland Ministry of Energy, Minerals and Water",,"Khdra
Mohamed
Barre",mudug,Gaalkacyo,Xarfo,,WDA - Water Development Agency,,1986-03-15,Xarfo BH 1,7.3554649 47.6261302 382.09942626953125 4.716,7.3554649,47.6261302,382.0994263,4.716,no,,,4,urban rural,TRUE,TRUE,http://classic.ona.io/api/v1/files/25603689?filename=faoso/attachments/553460_Water_Sources_Data_Form_Oct_2020/1647328880808.jpg,yes,,yes,,6300,950,,2000,0,196,pvc,8,45,12,20,,2,,,,,,,,,,,,,,,,,,,,,Concrete/Masonry tank,140,PVC,4000,900,1,4,yes,40,8,Submersible Pump,Lowara,15,165,Hybrid - Solar/Generator,Parkins,45,JY400M72-H,24,fair,,yes,Colorless and odorless,32.8,7.28,2845,1435,,Utility/Local Authority,,,,,yes,0.05,no,,,,Mohamud daad ali,907706676,,,,,"1. Rehabilitation of generator 
2. Construction of koisks 
3. Extension pipelines",,,,,,,,,,,,,,,,,
2022-03-15T09:47:28.552+03:00,2022-03-23T06:44:17.723+03:00,2022-03-15,borehole,2022-03-15,"Puntland Ministry of Energy, Minerals and Water",,"Khadra
Mohamed 
Barre
",mudug,Gaalkacyo,Xarfo,,United Nations Children's Fund,,2021-02-15,Xafro BH 4,7.3565719 47.615313 371.2220458984375 3.216,7.3565719,47.615313,371.2220459,3.216,no,,,4,urban,FALSE,TRUE,http://classic.ona.io/api/v1/files/25633703?filename=faoso/attachments/553460_Water_Sources_Data_Form_Oct_2020/1647327038523.jpg,yes,,yes,,6300,,,,,220,pvc,8,140,14,10,,0,,,,,,,,,,,,,,,,,,,,,Concrete/Masonry tank,300,PVC,2500,900,0,0,no,,,Submersible Pump,Grandfoss,15,180,Generator,CEOLMO,45,,,good,,yes,Colorless and odorless,31.5,7.81,1800,895,,Utility/Local Authority,,,,,yes,0.05,no,,,,Mohamud jama warsame,907791274,United Nations Children's Fund,,1. Construction of elevated water tank,2021-09-15,"1. Fancing.
2. Installation of solar power.
3. Fuel supporting.",,,,,,,,,,,,,,,,,
2022-03-15T10:49:36.880+03:00,2022-03-23T08:06:56.403+03:00,2022-03-15,borehole,2022-03-15,"Puntland Ministry of Energy, Minerals and Water",,"Khadra
Mohamed
Barre",mudug,Gaalkacyo,Xarfo,,ISRC - Islamic Relief Committee,,2010-03-23,GCepd,7.3479946 47.6172799 367.3372802734375 4.015,7.3479946,47.6172799,367.3372803,4.015,no,,,4,urban rural,TRUE,TRUE,http://classic.ona.io/api/v1/files/25634841?filename=faoso/attachments/553460_Water_Sources_Data_Form_Oct_2020/1647330992904.jpg,yes,,yes,,600,0,0,0,40,185,pvc,8,,4.5,12,,8,,,,,,,,,,,,,,,,,,,,,Concrete/Masonry tank,20,Galvanised Steel,560,5,1,0,no,,,Submersible Pump,Lowara,7.5,150,Generator,IVECO ,30,,,poor,,yes,Colorless and odorless ,34.1,8.1,2405,1611,,Private/Individual,,,,,no,,no,,,,Khalif diiriye cusmaan,907788968,,,,,"1. Poor yield flanching borehole.
2.  Rehabilitation of riser pipes.
3. Observation of borehole.
4. Operation tools.
5. Construction of generator room and caretaker room.
",,,,,,,,,,,,,,"Please confirm the acreage, in Ha",,,
2022-03-15T10:03:39.621+03:00,2022-03-22T06:55:24.011+03:00,2022-03-15,borehole,2022-03-15,"Puntland Ministry of Energy, Minerals and Water",,"Khadra
M9hamed
Barre",mudug,Gaalkacyo,Xarfo,,WDA - Water Development Agency,,1986-03-15,Xarfo BH 2,7.3467858 47.6165108 372.831298828125 4.459,7.3467858,47.6165108,372.8312988,4.459,no,,,4,urban,FALSE,TRUE,http://classic.ona.io/api/v1/files/25603686?filename=faoso/attachments/553460_Water_Sources_Data_Form_Oct_2020/1647327962983.jpg,yes,,yes,,6300,,,,,193,pvc,8,,4,5,,5,,,,,,,,,,,,,,,,,,,,,Concrete/Masonry tank,16,PVC,2500,900,0,0,yes,5,8,Submersible Pump,,7.5,170,Generator,Parkins,30,,,poor,Poor water supply,yes,Colorless and odorless,32.5,7.68,2295,1145,,Utility/Local Authority,,,,,no,,no,,,,Abdiqaadir muse hasan,907281781,,,,,"1. Drilling new borehole.
2. Full rehabilitation of water supply.
3. Installation of solar power.",,,,,,,,,,,,,,,,,
2022-03-15T09:21:19.735+03:00,2022-03-18T16:03:27.282+03:00,2022-03-15,spring,2022-03-15,"Puntland Ministry of Energy, Minerals and Water",,Eng Mohamed Muse abdi,bari,Iskushuban,Jaceel,0.5,not_specified,Natural spring.,,Jaceel spring.,10.2863653 50.2337858 232.10000000000002 3.85,10.2863653,50.2337858,232.1,3.85,no,,,3,rural,TRUE,FALSE,http://classic.ona.io/api/v1/files/25510534?filename=faoso/attachments/553460_Water_Sources_Data_Form_Oct_2020/1647325569683.jpg,yes,,yes,,1800,250,,3000,1,,,,,,,,,,,,,,,,,,,,,,no,15,,,,,,,,,,,,,yes,15,9,,,,,,,,,,poor,"The jaceel spring is used water trucking only.
There is no distribution pipe lines, elevated water tank.
No submersible pump.",no,,29,7.9,2000,1000,,,,,,,no,,no,,,,,,,,,,It's required To make sure the hygiene of the spring crucial.,,,,,,,,,,,,,,,,,
2022-03-16T14:36:45.601+03:00,2022-03-27T06:03:10.930+03:00,2022-03-16,borehole,2022-03-16,"Puntland Ministry of Energy, Minerals and Water",,"Khadra
Mohamed 
Barre",nugaal,Burtinle,Jalam,0.7,ISRC - Islamic Relief Committee,,2018-03-16,Jalam BH,7.8375586 48.0107914 557.082275390625 4.288,7.8375586,48.0107914,557.0822754,4.288,no,,,1,urban rural,TRUE,TRUE,http://classic.ona.io/api/v1/files/25757357?filename=faoso/attachments/553460_Water_Sources_Data_Form_Oct_2020/1647430775268.jpg,yes,,yes,,4000,1500,0,2500,,400,pvc,8,,9,16,,3,,,,,,,,,,,,,,,,,,,,,Concrete/Masonry tank,24,Galvanised Steel,50,,1,2,yes,16,8,Submersible Pump,Lowara,15,360,Hybrid - Solar/Generator,Parkins,60,SZYL-M330-36,23.1,fair,,yes,Colorless and odorless ,34.1,6.8,5405,2708,Sampled,Communal,no,,,,yes,0.05,yes,0.2,,0.2,Ali mohamed ismaail,907713629,not_specified,,1. Installation of solar power,2016-03-16,"1. Rehabilitation of pump.
2. Rehabilitation of generator.
3. Construction of koisks.",,,,,,,,,,,,,,,,,
2022-03-16T10:56:44.314+03:00,2022-03-23T07:05:08.755+03:00,2022-03-16,borehole,2022-03-16,"Puntland Ministry of Energy, Minerals and Water",,"Khadra
M9hamed
Barre",nugaal,Burtinle,Burtinle,,World Vision,,2012-03-16,Burtinle BH hanad 2,7.6404808 47.8134757 442.333251953125 4.824,7.6404808,47.8134757,442.333252,4.824,no,,,3,rural urban,TRUE,TRUE,http://classic.ona.io/api/v1/files/25634085?filename=faoso/attachments/553460_Water_Sources_Data_Form_Oct_2020/1647417571167.jpg,yes,,yes,,20000,5000,500,2000,0,420,pvc,8,,12,20,,3.3,,,,,,,,,,,,,,,,,,,,,Concrete/Masonry tank,375,PVC,5000,3200,,2,yes,10,8,Submersible Pump,Lowara,22,322,Generator,Parkins,65,,,fair,Needs rehabilitation of animal troughts,yes,Colorless and odorless,31.5,7.8,2200,1474,,Private-Public-Partnership,,,,,yes,0.05,yes,0.1,0.1,0.1,Muxyadiin mogamed xaashi,907754711,,,,,"1. Rehabilitation of pump and riser pipes 
2. Rehabilitation of cables.",,,,,,,,,,,,,,,,,
2022-03-16T08:54:36.238+03:00,2022-04-08T17:14:44.260+03:00,2022-03-16,spring,2022-03-16,"Puntland Ministry of Energy, Minerals and Water",,Eng Mohamed Muse Abdi,bari,Iskushuban,Baar madoobe,3,Community,,2014-08-18,Qansax spring.,10.0566885 50.8887453 -34.0 4.62,10.0566885,50.8887453,-34,4.62,no,,,1,urban,FALSE,TRUE,http://classic.ona.io/api/v1/files/26041572?filename=faoso/attachments/553460_Water_Sources_Data_Form_Oct_2020/1647412775877.jpg,yes,,yes,,600,,,,,,,,,,,,,,,,,,,,,,,,,,no,1,,,,,,Concrete/Masonry tank,12,PVC,,,,,no,,,,,,,,,,,,poor,"The yield is very low.
The diameter of distribution pipe line is very low.
No kiosks.
No elevated water tank.",no,,27.9,8.9,2590,1296,,Private/Individual,,,,,yes,0.2,,,,,Cabdi Cumar Xaji Nuux,907356537,Community,,Placement of 0.5 diameter PVC  distribution pipe line.,2013-06-18,"1: Construction of storage water tank.
2: Digging the deep of the spring in order to increase yield.
3: Pipe lines.
4: emergency water trucking.
5: Construction of another borehole",,,,,,,,,,,,,,,,,
2022-03-16T16:11:01.800+03:00,2022-03-18T15:41:03.942+03:00,2022-03-16,spring,2022-03-16,"Puntland Ministry of Energy, Minerals and Water",,Eng Mohamed Muse Abdi,bari,Iskushuban,Foocaar,7,United Nations Children's Fund,,2005-09-21,Lodhuda spring,10.3309356 50.8652081 9.5 4.94,10.3309356,50.8652081,9.5,4.94,no,,,4,urban rural,TRUE,TRUE,http://classic.ona.io/api/v1/files/25509772?filename=faoso/attachments/553460_Water_Sources_Data_Form_Oct_2020/1647437137096.jpg,yes,,yes,,1500,200,,1000,,,,,,,,,,,,,,,,,,,,,,,yes,0.5,,,,,,Concrete/Masonry tank,10,Galvanised Steel,,,,,no,,,,,,,,,,,,poor,"The yield is low.
No submersible pump, solar power installation and generator.
",no,,29.6,7.6,1740,875,,Communal,no,,,,yes,0.1,no,,,,Burhaan koore cumar,907445917,"Puntland Ministry of Energy, Minerals and Water",,Replacement of distribution pipe lines.,2019-10-24,"1: To asset a way of increasing the yield of water, or provide another way of water sources.
2: Distribution pipe line and its accessories such as valves, tee, elbow, couple.
3: Construction of a dug well or distribution of water from another spring which is far from the village to 10 kilometer, due to water demand 
5: Construction of elevated water tank and kiosks.",,,,,,,,,,,,,,,,,
2022-03-16T11:12:24.023+03:00,2022-03-23T06:58:25.903+03:00,2022-03-16,borehole,2022-03-16,"Puntland Ministry of Energy, Minerals and Water",,"Khadra
Mohamed Barre",nugaal,Burtinle,Burtinle,0.8,not_specified,MAWASU,2015-03-16,Hanad 1,7.6383332 47.8092241 476.18115234375 4.824,7.6383332,47.8092241,476.1811523,4.824,no,,,3,urban,FALSE,TRUE,http://classic.ona.io/api/v1/files/25634087?filename=faoso/attachments/553460_Water_Sources_Data_Form_Oct_2020/1647418546090.jpg,yes,,yes,,22400,,,,,430,pvc,8,,15,20,,3,,,,,,,,,,,,,,,,,,,,,Concrete/Masonry tank,350,PVC,3000,3200,,,yes,10,8,Submersible Pump,Lowara,26.5,322,Hybrid - Solar/Generator,Parkins,100,GPS-300-360,37.8,fair,,yes,Colorless and odorless ,33.8,7.51,2050,1373.5,,Private-Public-Partnership,,,,,yes,0.05,no,,,,Muxyadiin mohamed xaashi,907754711,KAALO Relief and Development,,1. Installation of solar power.,2020-01-16,"1. Construction of new elevated tank 
2. Rehabilitation of pump and riser pipes 
3. Construction of animal troughts.
4. Rehabilitation of generator",,,,,,,,,,,,,,,,,
2022-03-16T11:26:45.613+03:00,2022-03-27T05:56:04.064+03:00,2022-03-16,borehole,2022-03-16,"Puntland Ministry of Energy, Minerals and Water",,"Khadra
Mohamed
Barre",nugaal,Burtinle,Burtinle,1.5,United Nations Children's Fund,,2020-03-16,Hanad BH 3,7.646383 47.8075501 482.8145751953125 4.502,7.646383,47.8075501,482.8145752,4.502,no,,,3,urban,FALSE,TRUE,http://classic.ona.io/api/v1/files/25757353?filename=faoso/attachments/553460_Water_Sources_Data_Form_Oct_2020/1647419308214.jpg,yes,,yes,,22000,,,,,408,pvc,8,244,12,18,69,3,,,,,,,,,,,,,,,,,,,,,Concrete/Masonry tank,375,PVC,2500,3500,0,0,yes,8,8,Submersible Pump,Lowara,22,360,Hybrid - Solar/Generator,Parkins,65,BYD400MIK-36,43.2,good,,yes,Colorless and odorless,36.2,7.32,2380,1205,Sampled,Private-Public-Partnership,,,,,yes,0.05,no,,,,Muxyadiin mohamed haashi,907754711,,,1. Installation of solar power,2021-03-27,1. Fencing around borehole,,,,,,,,,,,,,,,,,
2022-03-16T07:32:15.915+03:00,2022-03-21T07:00:08.073+03:00,2022-03-16,borehole,2022-03-16,"Puntland Ministry of Energy, Minerals and Water",,"Khadra
Mohamed
Barre",mudug,Gaalkacyo,Ballanbal,1.5,not_specified,Charity,2018-03-16,Ballanbal BH,7.4375285 48.140286 426.6119384765625 3.216,7.4375285,48.140286,426.6119385,3.216,no,,,1,rural urban,TRUE,TRUE,http://classic.ona.io/api/v1/files/25574981?filename=faoso/attachments/553460_Water_Sources_Data_Form_Oct_2020/1647405489453.jpg,yes,,yes,,3500,300,,1500,0,354,pvc,8,,9,12,,3,,,,,,,,,,,,,,,,,,,,,Concrete/Masonry tank,44,Galvanised Steel,50,,1,2,yes,10,8,Submersible Pump,Lowara,18.5,339,Hybrid - Solar/Generator,Parkins,100,GPS-300-360,37.8,poor,Shortage of koisks and pipelines ,yes,"Turbidity greater than 10, colorness",33.8,7.51,2050,1015,Sampled,Communal,no,,,,yes,0.05,no,,,,Abdi guuleed,907390232,,,,,"1. Rehabilitation of generator. 
2. Rehabilitation of pump and riser pipes. 
3. Installation of solar power 
4. Construction of koisks. And extension of pipelines.
5. Fuel supporting.
6. Operator supporting.",,,,,,,,,,,,,,,,,
2022-03-16T11:59:42.781+03:00,2022-03-23T07:16:40.636+03:00,2022-03-16,borehole,2022-03-16,"Puntland Ministry of Energy, Minerals and Water",,"Khadra
Mohamed
Barre",nugaal,Burtinle,Burtinle,1.5,,,2007-03-16,Ceel weyne Burtinle BH,7.6233361 47.8358061 414.3999938964844 4.288,7.6233361,47.8358061,414.3999939,4.288,no,,,1,urban rural,TRUE,TRUE,http://classic.ona.io/api/v1/files/25634089?filename=faoso/attachments/553460_Water_Sources_Data_Form_Oct_2020/1647421417748.jpg,yes,,no,Because of generator less than month,1000,800,,1500,,375,pvc,8,,18,,,2,,,,,,,,,,,,,,,,,,,,,Concrete/Masonry tank,26,Galvanised Steel,50,,1,1,yes,,,Submersible Pump,Lowara,15,332,Generator,Parkins,45,,,poor,Strong rehabilitation needed,no,,,,,,,Private/Individual,,,,,yes,0.05,no,,,,Shirdoon jama cawl,907771796,,,,,"1. Emergency ( absolutely needed strong rehabilitation).
2. Rehabilitation of generator 
3. Rehabilitation of pipes and pump.
4. Fancing.
5. Construction of animal troughts 
6. Fuel supporting.
7. Installation of solar power.",,,,,,,,,,,,,,,Why was water quality not checked?,,
2022-03-16T16:34:26.389+03:00,2022-03-27T06:06:05.572+03:00,2022-03-16,borehole,2022-03-16,"Puntland Ministry of Energy, Minerals and Water",,"Khadra
Mohamed
Barre",nugaal,Garowe,Kalabayr,1.3,ISRC - Islamic Relief Committee,,2018-03-16,Kalabayr BH,7.9637445 48.0953098 648.3424072265625 4.556,7.9637445,48.0953098,648.3424072,4.556,no,,,2,urban rural,TRUE,TRUE,http://classic.ona.io/api/v1/files/25757358?filename=faoso/attachments/553460_Water_Sources_Data_Form_Oct_2020/1647438049953.jpg,no,,abandoned,"Since a years, for borehole problem",,,,,,,,,,,,,,,,,,,,,,,,,,,,,,,,,,,,,,,,,,,,,,,,,,,,,,,no,,,,,,,Communal,no,,,,no,,,,,,,,,,,,,,,,,,,,,,,,,,,Why was water quality not checked?,,
2022-03-16T17:04:49.266+03:00,2022-04-06T14:36:56.898+03:00,2022-03-16,dugwell,2022-03-16,"Puntland Ministry of Energy, Minerals and Water",,Eng Mohamed Muse Abdi,bari,Iskushuban,Foocaar,1,Community_,,2010-06-09,Foocar dugwell,10.3218048 50.9010681 -45.7 4.92,10.3218048,50.9010681,-45.7,4.92,no,,,4,rural urban,TRUE,TRUE,http://classic.ona.io/api/v1/files/25998776?filename=faoso/attachments/553460_Water_Sources_Data_Form_Oct_2020/1647439672368.jpg,yes,,no,"15/06/2021
Due to the drought the dugwell become unfunctioning.",,300,,700,,,,,,,,,,2,,no,2,,,,,,,,,,,,,,,,,,,,,,,,,,,,,,,,,,,,poor,"The yield is low.
No solar power system.
No generator 
No storage tank.",no,,,,,,,,,,,,no,,no,,,,,,Community_e,,Cleaning the deep of the dug well,2021-01-06,"1: Digging the deep of the well in order to increase the yield.
2: Solar power installation
3: Generator 
4: Construction of elevated water tank.
5: Installation of submersible and raising pipes
6: Extention of distribution pipe line in to the village",,,,,,,,,,,,,,,Why was water quality not checked?,,
2022-03-16T13:50:46.756+03:00,2022-03-27T06:00:04.561+03:00,2022-03-16,borehole,2022-03-16,"Puntland Ministry of Energy, Minerals and Water",,"Khadra
Mohamed
Barre",nugaal,Burtinle,Xaar-xaar,0.8,ISRC - Islamic Relief Committee,,2018-03-16,Xaar-xaar BH,7.7855921 47.9840695 474.651123046875 4.824,7.7855921,47.9840695,474.651123,4.824,no,,,1,urban rural,TRUE,TRUE,http://classic.ona.io/api/v1/files/25757355?filename=faoso/attachments/553460_Water_Sources_Data_Form_Oct_2020/1647428014768.jpg,no,2,abandoned,"Since 2019, by borehole problem and depletion of yield.",4200,,,,,430,pvc,8,,,,,3,,,,,,,,,,,,,,,,,,,,,Concrete/Masonry tank,36,Galvanised Steel,2000,,5,2,no,,,Submersible Pump,Lowara,18,335,Hybrid - Solar/Generator,Parkins ,60,Yl_300p-35b,28.8,poor,,no,,,,,,,Communal,yes,2017-03-16,6,1,no,,no,,,,Mohamud ahmed geelle,907447823,Norwegian Refugee Council,,1. Rehabilitation of pump and cables.,2021-03-16,1. Emergency,,,,,,,,,,,,,,,Why was water quality not checked?,,
2022-03-16T12:24:52.485+03:00,2022-03-23T07:44:07.188+03:00,2022-03-16,borehole,2022-03-16,"Puntland Ministry of Energy, Minerals and Water",,"Khadra
Mohamed
Barre",nugaal,Burtinle,Burtinle,0.5,World Vision,,,Burtinle BH 5,7.6277806 47.8278065 414.3999938964844 4.824,7.6277806,47.8278065,414.3999939,4.824,no,,,5,urban,FALSE,TRUE,http://classic.ona.io/api/v1/files/25634224?filename=faoso/attachments/553460_Water_Sources_Data_Form_Oct_2020/1647422852664.jpg,no,12,abandoned,"  Ayeays,  by Unknown problem.",,,,,,,,,,,,,,,,,,,,,,,,,,,,,,,,,,,,,,,,,,,,,,,,,,,,,,,no,,,,,,,,,,,,,,,,,,,,,,,,,,,,,,,,"not permanent and used 12 months, please clarify?",,,,,,,Why was water quality not checked?,,
2022-03-17T07:53:29.438+03:00,2022-04-06T14:46:29.042+03:00,2022-03-17,dugwell,2022-03-17,"Puntland Ministry of Energy, Minerals and Water",,Team bari and sanag,bari,Iskushuban,Dardaare village,1,"Puntland Ministry of Energy, Minerals and Water",,2010-12-18,Dardaare dug well,10.4237422 50.9179111 -8.399999999999999 4.98,10.4237422,50.9179111,-8.4,4.98,no,,,2,urban rural,TRUE,TRUE,http://classic.ona.io/api/v1/files/25998942?filename=faoso/attachments/553460_Water_Sources_Data_Form_Oct_2020/1647493267053.jpg,yes,,yes,,900,150,,900,,,,,,,,,,10,8,yes,4,10,,,,,,,,,,,,,,,,Concrete/Masonry tank,24,PVC,1000,,9,1,no,,,Submersible Pump,Grundforse,,9,Hybrid - Solar/Generator,KAMA,4,,,fair,"The yield of dug well is very low.
The solar power system has no more KVA.",no,,27.9,7.3,3530,1776,,Communal,yes,2012-07-21,4,3,yes,0.04,no,,,,Maxamed dharaar ismaacil,907572021,CARE Somalia,,"Construction of elevated water tank.
Construction of 2 kiosks.",2022-02-16,"1: The dug well is located near to the river, thus construction of retaining wall which protect the dug well is necessary.
2: Construction of kiosks.
3: extension of pipe lines to the village.
4: submersible pump.
5: Construction of animal troughs.",,,,,,,,,,,,,,,,,
2022-03-19T13:45:03.661+03:00,2022-04-06T17:16:27.672+03:00,2022-03-19,dugwell,2022-03-19,"Puntland Ministry of Energy, Minerals and Water",,Team bari and sanag,bari,Iskushuban,Xandha,0.2,not_specified,Shilcon,2004-07-22,Xandha dug well,10.6524476 51.1366167 -27.200000000000003 4.08,10.6524476,51.1366167,-27.2,4.08,no,,,1,rural urban,TRUE,TRUE,http://classic.ona.io/api/v1/files/26001950?filename=faoso/attachments/553460_Water_Sources_Data_Form_Oct_2020/1647687074861.jpg,yes,,yes,,3600,3000,,7000,,,,,,,,,,3,2.5,yes,3.5,12,,,,,,,,,,,,,,,,Concrete/Masonry tank,20,Galvanised Steel,500,4,4,3,yes,4,,Submersible Pump,Lowara,,3,Hybrid - Solar/Generator,KAMA,,,,poor,"The yield is low.
The community that depend on are too much.
The livestock that depend on are too much.",no,,33.5,8.3,1200,600,,Communal,yes,2004-06-19,4,3,yes,0.3,yes,0.1,,0.2,Xuseen siciid muumin,907281832,CARE Somalia,,"1: Pipe line distribution.
2: Construction 3 kiosks and caretaker room and generator room.
3: Rehabilitation of water tank.
4: Supplied Generator 
5: Installation of solar power system.
6: Construction of top cover protection of dug well.",2019-11-24,"1: Replacement of rusted iron pipes.
2: Replacement of submersible pump.
3: Construction of another elevated water tank.
4: Construction of remaining wall which protect the cover of the dug well.
5: Construction of another kiosks.",,,,,,,,,,,,,,,,,
2022-03-18T16:51:42.344+03:00,2022-04-04T17:13:45.063+03:00,2022-03-18,dugwell,2022-03-19,"Puntland Ministry of Energy, Minerals and Water",,Team bari and sanag,bari,Iskushuban,Xaafun,6,not_specified,Save the children,2015-06-22,Matakiini 2,10.4353928 51.2490906 -36.699999999999996 3.38,10.4353928,51.2490906,-36.7,3.38,no,,,3,rural urban,TRUE,TRUE,http://classic.ona.io/api/v1/files/25971947?filename=faoso/attachments/553460_Water_Sources_Data_Form_Oct_2020/1647668801790.jpg,yes,,yes,,1500,200,,2500,,,,,,,,,,8,7,yes,1,6,,,,,,,,,,,,,,,,Concrete/Masonry tank,18,PVC,,4,8,1,no,,,Submersible Pump,Lowara,,8,Solar,,,HE305-72P,4.27,poor,"The yield is very low.
Xaafun have two dug well, both they distribute water to 1 elevated water tank.
The water tank distribute water to the kiosks in the village and animal troughs.",no,,27.8,9,3250,1624,,Communal,yes,2021-07-18,4,3,yes,0.1,no,,,,Siciid ismaaciil siciid,907361878,CARE Somalia,,"1: Installation of solar power system.
2: Supplied submersible pump.
3: Rehabilation of elevated water tank in order to stop water leaking.
4: Rehabilitation of caretaker room",2022-02-17,"1: Construction of another borehole.
2: Generator.
3: animal troughs.
4: Distribution pipe lines.
5: Construction of 4 kiosks in the school.",,,,,,,,,,,,,,,,,
2022-03-18T17:20:45.746+03:00,2022-04-04T17:01:44.590+03:00,2022-03-18,dugwell,2022-03-19,"Puntland Ministry of Energy, Minerals and Water",,Team bari and sanag,bari,Iskushuban,Xaafuun,6,Community_,,2005-09-19,Mutakiini 1,10.4381589 51.2515067 -18.2 4.98,10.4381589,51.2515067,-18.2,4.98,no,,,3,rural urban,TRUE,TRUE,http://classic.ona.io/api/v1/files/25971952?filename=faoso/attachments/553460_Water_Sources_Data_Form_Oct_2020/1647667931328.jpg,yes,,yes,,1500,200,,2000,,,,,,,,,,11,10,yes,0.5,6,,,,,,,,,,,,,,,,Concrete/Masonry tank,18,PVC,,4,8,,no,,,Submersible Pump,Lowara,,10,Hybrid - Solar/Generator,FG wilson,33,JCNS-M36V360W,2.16,poor,"The yield is very low.
Both dug well distribute water to 1 elevated water tank.",no,,27.8,9,3250,1624,,Communal,yes,,4,3,yes,0.1,no,,,,Siciid ismaciil siciid.,907361878,"Puntland Ministry of Energy, Minerals and Water",,"1: Installation of solar power system.
2: Supplied generator",2012-08-20,"1: Replacement of main raising pipes and submersible pump.
2: Digging the deep of the well in order to increase yield.
3: Construction of animal troughs.",,,,,,,,,,,,,,,,,
2022-03-19T16:48:52.421+03:00,2022-04-07T11:28:42.948+03:00,2022-03-19,dugwell,2022-03-19,"Puntland Ministry of Energy, Minerals and Water",,Team bari and sanag,bari,Iskushuban,Gumbax,0.25,CARE Somalia,,2013-02-22,Gumbax dug well,10.8849252 51.1128905 -40.0 4.2,10.8849252,51.1128905,-40,4.2,no,,,4,rural urban,TRUE,TRUE,http://classic.ona.io/api/v1/files/26014719?filename=faoso/attachments/553460_Water_Sources_Data_Form_Oct_2020/1647697915661.jpg,yes,,yes,,1080,,,,,,,,,,,,,3,2,yes,0.5,8,,,,,,,,,,,,,,,,Concrete/Masonry tank,6,PVC,300,48,4,1,no,,,Submersible Pump,Lowara,,3,Hybrid - Solar/Generator,KAMA,,,,poor,Yield is very low.,no,,28,7.75,4140,2070,,Communal,yes,2019-09-21,3,2,yes,0.02,no,,,,Maxamed siciid nuur,907673756,CARE Somalia,,"1: Installation of solar power system.
2: Installation of submersible pump and raising pipes.
3: Rehabilitation of generator room.
4: Generator.",2021-01-23,"1: Sub surface dam.
2:  Construction of water kiosks.
3: Construction of another elevated water tank due to demand of society.",,,,,,,,,,,,,,,,,
2022-03-19T08:06:32.484+03:00,2022-04-07T11:18:15.525+03:00,2022-03-19,dugwell,2022-03-19,"Puntland Ministry of Energy, Minerals and Water",,Team bari and sanag,bari,Iskushuban,Xaafun,3,not_specified,Gift of governance,2006-12-20,Afdicin dug well,10.4558954 51.2722594 -5.899999999999999 4.94,10.4558954,51.2722594,-5.9,4.94,no,,,3,rural urban,TRUE,TRUE,http://classic.ona.io/api/v1/files/26014580?filename=faoso/attachments/553460_Water_Sources_Data_Form_Oct_2020/1647666581937.jpg,yes,,yes,,300,150,,500,,,,,,,,,,12,10,no,4,,,,,,,,,,,,,,,,,,,,,,,,yes,4,6,,,,,,,,,,poor,"No sufficient yield.
No submersible pump.
No solar power and generator.
No raising pipe line and distribution pipe line",no,,31.3,7.7,1320,660,,,,,,,no,,no,,,,,,Community_e,,Cleaning of the site which the dug well is located.,2020-11-20,"1: Digging the deep of well in order to increase yield.
2: installation of raising pipes and submersible pump.
3: Construction of elevated water tank.
4: Installation of solar power system.",,,,,,,,,,,,,,,,,
2022-03-19T17:31:32.561+03:00,2022-04-20T11:10:18.563+03:00,2022-03-19,dugwell,2022-03-19,"Puntland Ministry of Energy, Minerals and Water",,Eng mohamed muse abdi,bari,Iskushuban,Gumbax,0.5,Community_,,2019-05-24,Xaajiyada dug well,10.8843349 51.1113377 -60.5 4.02,10.8843349,51.1113377,-60.5,4.02,no,,,4,rural urban,TRUE,TRUE,http://classic.ona.io/api/v1/files/26229607?filename=faoso/attachments/553460_Water_Sources_Data_Form_Oct_2020/1647700499133.jpg,yes,,yes,,1800,,,200,,,,,,,,,,3,2,no,,,,,,,,,,,,,,,,,,,,,,,,,yes,6,6,,,,,,,,,,fair,"No storage tank
No water kiosks.
No distribution pipe lines",no,,28.2,8.1,508,254,,Communal,yes,2020-06-19,3,2,no,,no,,,,,,Community_e,,Cleaning the site of the dugwell,2020-08-25,Construction of animal water troughs.,,,,,,,,,,,,,,,,,
2022-03-20T07:12:35.250+03:00,2022-04-06T15:03:54.038+03:00,2022-03-20,dugwell,2022-03-20,"Puntland Ministry of Energy, Minerals and Water",,Team bari and sanag,bari,Iskushuban,Cadayo,0.5,Islamic Relief Somalia,,2021-06-20,Cadayo dug well,11.003073 51.0976064 -49.6 4.6,11.003073,51.0976064,-49.6,4.6,no,,,1,rural urban,TRUE,TRUE,http://classic.ona.io/api/v1/files/25999614?filename=faoso/attachments/553460_Water_Sources_Data_Form_Oct_2020/1647750863182.jpg,yes,,yes,,360,600,,2000,0.25,,,,,,,,,8,7,no,6,6,,,,,,,,,,,,,,,,Concrete/Masonry tank,36,PVC,600,,3,2,yes,7,6,Submersible Pump,Lowara,,8,Hybrid - Solar/Generator,Kama,,,,fair,"The yield of dug well is low.
The water demand of the village and surrounding area is very high.",no,,28,7.9,1699,849,,Communal,yes,2021-12-20,3,2,yes,0.2,no,,,,Abshir maxamed nuur,907730573,Islamic Relief Somalia,,Installation of solar power system.,2021-11-20,"1: Replacement of main raising pipes.
2: electric cable 
3: Construction of dug well cover protection.
4: Construction of another 3 kiosks in the village.
5: Construction of caretaker room and toilet.",,,,,,,,,,,,,,,,,
2022-03-20T14:53:48.440+03:00,2022-04-06T16:57:44.948+03:00,2022-03-20,dugwell,2022-03-20,Africa Muslims Agency,,Team bari and sanag,bari,Iskushuban,Waadi khayr,0.1,Community_,,1991-03-20,Waadi khayr dug well,11.128186 51.0563147 -26.0 4.8,11.128186,51.0563147,-26,4.8,no,,,1,urban rural,TRUE,TRUE,http://classic.ona.io/api/v1/files/26001471?filename=faoso/attachments/553460_Water_Sources_Data_Form_Oct_2020/1647778985845.jpg,yes,,yes,,900,500,,1000,,,,,,,,,,8,6,yes,4,4,,,,,,,,,,,,,,,,Concrete/Masonry tank,8,PVC,,15,6,2,yes,3,2,Submersible Pump,Lowara,,7,Hybrid - Solar/Generator,Diesel generator ,,,,fair,"There is no good yield.
The elevated water tank is  very ismall",no,,27.8,8,1857,928,,Communal,yes,2019-09-21,3,2,yes,0.2,no,,,,Mahad ismacil cumar,907947558,CARE Somalia,,"Installation of solar power system.
Installation of pump and raising pipes.
Construction 6 kiosks and it's distribution pipe line.
Construction of generator room",2021-10-20,"Construction of another kiosks in the village
Digging the deep of the well in order to increase the yield
Construction of another elevated water tank",,,,,,,,,,,,,,,,,
2022-03-20T11:05:54.662+03:00,2022-04-06T14:09:33.794+03:00,2022-03-20,borehole,2022-03-20,"Puntland Ministry of Energy, Minerals and Water",,Team bari and sanag,bari,Iskushuban,Baargaal,1,Former Somali Government,,1986-05-21,Bargaal borehole 1,11.2839238 51.0707089 -27.799999999999997 3.92,11.2839238,51.0707089,-27.8,3.92,no,,,2,rural urban,TRUE,TRUE,http://classic.ona.io/api/v1/files/25997937?filename=faoso/attachments/553460_Water_Sources_Data_Form_Oct_2020/1647764471537.jpg,yes,,yes,,6000,200,,3500,,24,gi,8,15,8,14,,,,,,,,,,,,,,,,,,,,,,,Concrete/Masonry tank,40,PVC,,400,2,2,yes,4,3,Submersible Pump,Lowara,,17,Hybrid - Solar/Generator,Perkins,66,GPS-300-380,,fair,"There is no good yield.
The power of solar is very low.",no,,31.1,7.8,1077,533,,Communal,yes,1993-08-21,7,0,yes,0.05,no,,,,Siciid Yusuf cabdiraxman,907613260,Norwegian Refugee Council,,"1: Installation of solar power system.
2: Replacement of  submersible pump, main raising pipes, and some distribution pipe lines.
3: Construction of caretaker room.
4: Rehabilitation of elevated water tank.",2021-10-09,"1: Generator.
2: extension of distribution pipe line in order to supply water to the city.
3: Construction generator room and toilet.
4: Fuel.",,,,,,,,,,,,,,,,,
2022-03-20T11:46:47.697+03:00,2022-04-06T14:13:57.897+03:00,2022-03-20,borehole,2022-03-20,"Puntland Ministry of Energy, Minerals and Water",,Team bari and sanag,bari,Iskushuban,Baargaal,1,Community_,,2021-02-18,Baargal borehole 2,11.2846495 51.0714189 30.000000000000007 4.76,11.2846495,51.0714189,30,4.76,no,,,2,rural urban,TRUE,TRUE,http://classic.ona.io/api/v1/files/25997938?filename=faoso/attachments/553460_Water_Sources_Data_Form_Oct_2020/1647766194134.jpg,yes,,yes,,,,,,,24,pvc,8,15,12,,,,,,,,,,,,,,,,,,,,,,,,,,,,,,,,,,Submersible Pump,Lowara,,18,,,,,,fair,"No storage water tank
No distribution pipe line
The bore hole is new and has no water structures.",no,,27.9,7.8,1077,533,,Communal,yes,1993-08-21,7,0,,,,,,,Siciid Yusuf cabdiraxman,907613260,,,No intervention is performed because the borehole is new.,,"1: Elevated water tank
2: Distribution pipe line.
3: Installation of solar power system.",,,,,,,,,,,,,,,,,
2022-03-21T12:11:09.776+03:00,2022-04-24T10:53:08.443+03:00,2022-03-21,borehole,2022-03-21,"Puntland Ministry of Energy, Minerals and Water",,Eng Yusuf Salad ,bari,Iskushuban,Dhuumoodle ,2,Community_,,2015-03-21,Dhuumoodle 1,10.4797765 50.4141208 283.5 4.86,10.4797765,50.4141208,283.5,4.86,no,,,2,rural urban,TRUE,TRUE,http://classic.ona.io/api/v1/files/26291093?filename=faoso/attachments/553460_Water_Sources_Data_Form_Oct_2020/1647856013547.jpg,yes,,yes,,9000,16000,,30000,3,120,pvc,8,40,56,24,,,,,,,,,,,,,,,,,,,,,,,Concrete/Masonry tank,40,PVC,500,,1,2,yes,48,8,Submersible Pump,Luwara,,70,Hybrid - Solar/Generator,Perkins ,50,,21.6,poor,"1.Main raising pipes are rusted and leaking 
2.the elevated water tank is not enough 
3.Generator is malfunctioning 
4.solar system are too weak to generate enough power ",no,,28.3,7.75,2370,1180,,Private/Individual,,,,,yes,0.05,yes,0.1,,0.1,Ciise yulux,907725577,CARE Somalia,,Elevated water tank and troughs ,2019-01-01,"1. Immediate change of main raising pipes and the submersible pump before it stops functioning and get cut-off. 
2.Solar-power with battery storage and Generator 
3. A Larger capacity of water tank 
4. 3 more troughs ",,,,,,,,,,,,,,,,,
2022-03-21T13:00:32.054+03:00,2022-04-07T13:28:28.768+03:00,2022-03-21,borehole,2022-03-21,"Puntland Ministry of Energy, Minerals and Water",,Team bari and sanag,bari,Iskushuban,Timirshe,0.1,Former Somali Government,,1986-12-21,Timirshe borehole 1,10.5612376 50.42519 271.5 4.7,10.5612376,50.42519,271.5,4.7,no,,,2,rural urban,TRUE,TRUE,http://classic.ona.io/api/v1/files/26016526?filename=faoso/attachments/553460_Water_Sources_Data_Form_Oct_2020/1647858973914.jpg,yes,,yes,,6000,300,,4500,,90,pvc,10,45,7.5,19,,3,,,,,,,,,,,,,,,,,,,,,Concrete/Masonry tank,44,Galvanised Steel,,50,3,2,yes,6,6,Submersible Pump,Lowara,,74,Hybrid - Solar/Generator,Perkins,45,,,fair,"Yield is low 
Pipes are rusted.",no,,28.5,7.74,1732,868,,Communal,yes,2015-07-21,4,3,yes,0.03,yes,0.1,,0.1,Cabduqaadir maxamed maxamuud,907329945,not_specified,Save the children ,Installation of solar power system.,2017-11-19,"1: Replacement of main raising pipes and submersible pump immediately.
2: Replacement of rusted iron pipes
3: Extention of water supply pipe lines
4: construction of another kiosks",,,,,,,,,,,,,,,,,
2022-03-21T13:42:49.586+03:00,2022-04-07T13:33:07.396+03:00,2022-03-21,borehole,2022-03-21,"Puntland Ministry of Energy, Minerals and Water",,Team bari and sanag,bari,Iskushuban,Timirshe,0.15,Community_,,2000-05-21,Timirshe borehole 2,10.5613413 50.4252462 269.79999999999995 4.78,10.5613413,50.4252462,269.8,4.78,no,,,2,rural urban,TRUE,TRUE,http://classic.ona.io/api/v1/files/26016578?filename=faoso/attachments/553460_Water_Sources_Data_Form_Oct_2020/1647859558625.jpg,yes,,yes,,480,200,,400,,84,pvc,8,40,3,12,,,,,,,,,,,,,,,,,,,,,,,Concrete/Masonry tank,40,Galvanised Steel,,20,6,3,yes,3,6,Submersible Pump,Lowara,,63,Solar,,,,,fair,Yield is low.,no,,31,7.7,1732,860,,Communal,yes,2015-07-21,4,3,yes,0.03,yes,0.1,,0.1,Cabduqaadir maxamed maxamuud,907329945,CARE Somalia,,Replacement of main raising pipes and submersible pump,2022-02-01,"1: Generator 
2: Rehabilitation of solar power system.",,,,,,,,,,,,,,,,,
2022-03-21T12:34:54.674+03:00,2022-04-24T11:37:20.375+03:00,2022-03-21,borehole,2022-03-21,"Puntland Ministry of Energy, Minerals and Water",,Eng Yusuf Salad ,bari,Iskushuban,Dhumoodle,,Community_,,2022-01-01,Dhuumoodle 2,10.473564 50.4206004 284.59999999999997 4.78,10.473564,50.4206004,284.6,4.78,no,,,2,rural urban,TRUE,TRUE,http://classic.ona.io/api/v1/files/26291280?filename=faoso/attachments/553460_Water_Sources_Data_Form_Oct_2020/1647855574245.jpg,yes,,yes,,9000,16000,,30000,3,100,pvc,8,25,72,24,,,,,,,,,,,,,,,,,,,,,,,Concrete/Masonry tank,300,Galvanised Steel,500,,0,0,yes,48,8,Submersible Pump,Luwara ,,60,Generator,Perkins ,50,,,poor,"1.No Generator of its own it shares a Generator with the dhumoodle 1
2. Its a ground masonry tank, and its leaking 
",no,,28.3,7.5,2300,1140,,Communal,,,,,yes,0.025,yes,0.1,,0.1,Ciise Yulux,907725577,,,,,"1. Power source, Generator and solar with battery storage.
2. Large capacity of water tank
3. Main raising pipes and submersible pump.
N.B
*immediate full intervention and  complete equipment.",,,,,,,,,,,,,,,,,
2022-03-21T06:14:15.107+03:00,2022-04-06T17:29:47.812+03:00,2022-03-21,borehole,2022-03-21,"Puntland Ministry of Energy, Minerals and Water",,Eng Yusuf Salad,bari,Iskushuban,Taageer,4,Red Crescent Society for United Arab Emirates,,2007-06-06,Taageer Borehole,10.9658347 50.9198765 131.4 4.0,10.9658347,50.9198765,131.4,4,no,,,1,rural urban,TRUE,TRUE,http://classic.ona.io/api/v1/files/26002186?filename=faoso/attachments/553460_Water_Sources_Data_Form_Oct_2020/1647832886764.jpg,yes,,yes,,6000,400,,7000,,168,gi,8,122,11,10,,,,,,,,,,,,,,,,,,,,,,,Concrete/Masonry tank,34,Galvanised Steel,4000,20,5,4,yes,4,6,Submersible Pump,Lowara,,156,Hybrid - Solar/Generator,"3
Perkins Generator,50+45+45 kva",140,,17.5,poor,"1.Main raising pipes are old and rusted, and need changing immediately.
2. Pipelines are leaking. 
3.Generators are not working.
4.",no,,28.2,7.5,652,326,,Communal,no,,,,yes,0.1,yes,0.1,,0.02,Cabdilaahi cannabis muse,907595959,CARE Somalia,,Changed main raising pipes.,2017-05-02,"1. Immediate Replacement of main raising pipes and the submersible pump.
2. 1Km Pipeline extension and changing of the rusted pipes.
3. Rehabilitation of the generators, 
4. Construction of more Kiosks and another elevated water tank due to the settlement expansion.",,,,,,,,,,,,,,,,,
2022-03-21T09:51:02.696+03:00,2022-04-06T15:20:31.649+03:00,2022-03-21,dugwell,2022-03-21,"Puntland Ministry of Energy, Minerals and Water",,Eng Yusuf Salad,bari,Iskushuban,Gargoore,0.1,Community_,,2012-01-10,Gargoore duggwell,10.4938131 50.6961789 66.4 4.883,10.4938131,50.6961789,66.4,4.883,no,,,3,urban,FALSE,TRUE,http://classic.ona.io/api/v1/files/25999828?filename=faoso/attachments/553460_Water_Sources_Data_Form_Oct_2020/1647846939685.jpg,yes,,yes,,2000,,,,,,,,,,,,,6,3,yes,2,6,,,,,,,,,,,,,,,,Concrete/Masonry tank,6,Galvanised Steel,1200,30,6,,no,,,Submersible Pump,Lowara,,6,Solar,,,,,fair,"Yield is very low.
The tank is small.
The rate of solar is low.",no,,28,7.8,1094,547,,Communal,yes,2019-07-21,2,3,yes,0.05,no,,,,Jaamac axmed siciid,906466152,CARE Somalia,,"Replacement of distribution pipe line.
Construction of 6 kiosks.
Generator 
Pump.",2019-11-24,"Construction of elevated water tank.
Increasing of solar panels.
Construction of caretaker room.",,,,,,,,,,,,,,,,,
2022-03-21T14:49:58.666+03:00,2022-04-24T11:49:26.233+03:00,2022-03-21,borehole,2022-03-21,"Puntland Ministry of Energy, Minerals and Water",,Eng Yusuf salad,bari,Iskushuban,Tuulo ciise,0.6,Community_,,2022-02-15,Tuulo ciise borehole,10.4278199 50.1535221 334.7 4.9,10.4278199,50.1535221,334.7,4.9,no,,,1,,,,http://classic.ona.io/api/v1/files/26291378?filename=faoso/attachments/553460_Water_Sources_Data_Form_Oct_2020/1647863044042.jpg,yes,,no,The source has a potential high yield and its a new borehole and doesn't have the equipment to function and also there is no water tank.,,,,,,127,,8,50,64,,,,,,,,,,,,,,,,,,,,,,,,,,,,,,,,,,,,,,,,,,,poor,No storage no pipelines ,no,,,,,,,Communal,,,,,,,,,,,Ciise Yulux,907725577,,,,,"1. Immediate complete equipment.
A. GI pipes,  submersible pump, power source and elevated water tank and caretaker room and storage room.",,,,Water Usage type (urban/rural) is not indicated,,,,,,,,,,,Why was water quality not checked?,,
2022-03-22T09:52:06.960+03:00,2022-03-29T18:19:33.570+03:00,2022-03-22,borehole,2022-03-22,"Puntland Ministry of Energy, Minerals and Water",,Eng Yusuf Salad,bari,Iskushuban,Moqor,1,International Committee of The Red Cross,,2013-01-01,Moqor borehole,10.6593991 49.9420605 496.70000000000005 4.92,10.6593991,49.9420605,496.7,4.92,no,,,1,rural urban,TRUE,TRUE,http://classic.ona.io/api/v1/files/25823636?filename=faoso/attachments/553460_Water_Sources_Data_Form_Oct_2020/1647932400104.jpg,yes,,yes,,2000,1000,,3000,,304,pvc,8,260,3,6,,2,,,,,,,,,,,,,,,,,,,,,Concrete/Masonry tank,18,Galvanised Steel,1000,,4,2,no,,,Submersible Pump,,,290,Generator,Perkins,33,,,good,"The condition of supply system is Good but the yield is very low 
1.Due to low yield of the borehole the kiosks don't function 
2. Due to the low yield the demand is too much. ",no,,28.3,7.7,888,443,,Communal,no,,,,yes,0.1,yes,0.2,,0.3,Khalid Mire Faarax,907742043,"Puntland Ministry of Energy, Minerals and Water",,Changed the submersible pump,2018-01-01,"1.Solar
2. Large capacity water tank
3.Fencing 
4. Replacement of main raising pipes 
5. Replacement of submersible pump. 
6. More troughs.
7. Care taker room.
8. Currently they Need Water trucking.
9.A high yeild borehole.",,,,,,,,,,,,,,,,,
2022-03-22T07:49:12.732+03:00,2022-03-29T18:01:42.616+03:00,2022-03-22,borehole,2022-03-22,"Puntland Ministry of Energy, Minerals and Water",,Eng Yusuf Salad,bari,Iskushuban,Dawacaaley,2,not_specified,Save the children,2020-01-01,Dawacaaley borehole,10.5667937 50.0366927 387.3 4.7,10.5667937,50.0366927,387.3,4.7,no,,,1,rural urban,TRUE,TRUE,http://classic.ona.io/api/v1/files/25823168?filename=faoso/attachments/553460_Water_Sources_Data_Form_Oct_2020/1647925009304.jpg,yes,,no,"15 March 2021
The main raising pipes are rusted and the pump stopped working.",5000,20000,,40000,,275,pvc,8,,,8,,,,,,,,,,,,,,,,,,,,,,,Concrete/Masonry tank,40,PVC,2200,40,2,2,yes,10,8,Submersible Pump,,,,Hybrid - Solar/Generator,Perkins,45,BR-M300,22.8,poor,"1.The pump stopped working 
2.the main raising pipes need changing they were inside the borehole for more than two years and they are rusted.
3.The plastic pipes that supplies the village are broken and wasting the water.",no,,,,,,,Communal,no,,,,yes,0.05,yes,0.15,,0.1,Cali Muse Ibrahim,907434752,,,No intervention was carried out since the borehole started working.,,"1. Immediate change (Rehabilitation) of main raising pipes and the submersible pump.
2.full pipeline Rehabilitation 
3. Another water tank
4. 3 more kiosks 
5. 2 more troughs 
6. Control valves (supply stations).
7. Storage room",,,,,,,,,,,,,,,Why was water quality not checked?,,
2022-03-22T11:05:04.457+03:00,2022-04-06T17:12:20.235+03:00,2022-03-22,spring,2022-03-23,"Puntland Ministry of Energy, Minerals and Water",,Eng Yusuf Salad,bari,Iskushuban,Ufeyn,18,Former Somali Government,,1950-01-01,Ufeyn Spring,10.7305293 49.8045026 570.0 5.0,10.7305293,49.8045026,570,5,no,,,1,rural urban,TRUE,TRUE,http://classic.ona.io/api/v1/files/26001823?filename=faoso/attachments/553460_Water_Sources_Data_Form_Oct_2020/1648016017068.jpg,yes,,yes,,24000,4000,,9000,15,,,,,,,,,,,,,,,,,,,,,,yes,80,,,,,,Concrete/Masonry tank,320,PVC,,,1,1,yes,20,8,No Pump,,,,,,,,,fair,"1.Pipe lines are rusted 
2. Water Tanks are leaking 
3.there is no enough kiosks and troughs.",no,,28.1,7.6,815,406,,Communal,yes,2008-01-20,13,3,yes,0.001,no,,,,Yaxye jamac jibriil,907759174,"Puntland Ministry of Energy, Minerals and Water",,1.    Rehabilitation of water tank ,2020-06-01,"1. 4km GI 3inch Pipes,14km  6inch PVC pipes and central Storage.
2. Large water Storage Tanks
3. Flooding protection mechanism for Pipelines 
4.the town needs Pipeline system connected to each house hold.
5. Outside the town Troughs for animal.
6.specefic water tank for irrigation.
7. Warehouse for the accessories Storage.",,"the souces is 18 Km away, how is this possible?",,,,,,,,,,,,,,,
2022-03-21T15:07:19.070+03:00,2022-04-07T11:03:38.276+03:00,2022-03-21,borehole,2022-03-24,"Puntland Ministry of Energy, Minerals and Water",,Eng Yusuf Salad,bari,Iskushuban,Dharjaale,0.7,International Committee of The Red Cross,,2016-06-10,Dharjaale borehole,10.4808913 50.0205457 332.1 4.633,10.4808913,50.0205457,332.1,4.633,no,,,1,rural urban,TRUE,TRUE,http://classic.ona.io/api/v1/files/26014335?filename=faoso/attachments/553460_Water_Sources_Data_Form_Oct_2020/1647865559685.jpg,yes,,yes,,5000,700,,5000,1,266,pvc,8,166,12,6,,,,,,,,,,,,,,,,,,,,,,,Concrete/Masonry tank,66,Galvanised Steel,1000,,11,4,yes,5,6,Submersible Pump,Grundfose,,125,Hybrid - Solar/Generator,Perkins,45,,16.8,fair,Pipeline supply are malfunctioning,no,,28,8,2310,1168,,Communal,yes,2017-10-21,4,3,yes,0.05,yes,0.1,,0.1,Cabdi Cumar Ismacil,906266820,KAALO Relief and Development,,"1: Replacement of main raising pipes and submersible pump.
2: Constructed a new elevated water tank.
3: Constructed two kiosks.",2021-06-21,"1: Construction of  another borehole.
2: Replacement of main raising pipes.
3: Distribution and change of pipeline,
4:battery storage 
5:Construction of rooms for caretaker and toilets.
6:due to the inflation and the gasoline prices increase they asked for support, & the community are unable to afford.",,,,,,,,,,,,,,,,,
2022-03-26T13:24:27.640+03:00,2022-03-27T06:27:01.731+03:00,2022-03-26,borehole,2022-03-26,"Puntland Ministry of Energy, Minerals and Water",,"Khadra
Mohamed 
Barre",nugaal,Garowe,Salaama,0.7,Italian Government,,1987-03-26,Salaama BH,8.5918703 49.0667824 367.69677734375 4.109,8.5918703,49.0667824,367.6967773,4.109,no,,,1,rural urban,TRUE,TRUE,http://classic.ona.io/api/v1/files/25757399?filename=faoso/attachments/553460_Water_Sources_Data_Form_Oct_2020/1648290433386.jpg,yes,,yes,,1750,200,,2000,15,150,gi,6,,20,8,,1.4,,,,,,,,,,,,,,,,,,,,,Concrete/Masonry tank,30,PVC,1000,10,1,3,yes,4,8,Submersible Pump,Lowara,15,60,Hybrid - Solar/Generator,Parkins,35,,15,good,,yes,Colorless and odorless ,36.3,7.71,3900,1930,,Communal,yes,2017-03-26,4,3,yes,0.05,yes,0.1,,0.1,Daahir mohamed farah,907747552,KAALO Relief and Development,,1. Installation of solar power,2021-10-26,"1. Rehabilitation of animal troughts 
2. Rehabilitation pipelines 
3. Construction of koisks.",,,,,,,,,,,,,,,,,
2022-03-26T14:02:16.494+03:00,2022-03-27T06:30:04.520+03:00,2022-03-26,borehole,2022-03-26,"Puntland Ministry of Energy, Minerals and Water",,"Khadra 
Mohamed
Barre",nugaal,Garowe,Libaaxo,1,Italian Government,,1987-03-26,Libaaxo BH,8.5996298 49.1886085 420.9847412109375 4.466,8.5996298,49.1886085,420.9847412,4.466,no,,,1,rural urban,TRUE,TRUE,http://classic.ona.io/api/v1/files/25757400?filename=faoso/attachments/553460_Water_Sources_Data_Form_Oct_2020/1648292787032.jpg,yes,,yes,,1400,500,,800,0,120,gi,6,,14,8,,2,,,,,,,,,,,,,,,,,,,,,Concrete/Masonry tank,46,PVC,1050,2,2,3,yes,3,8,Submersible Pump,Lowara,7.5,90,Hybrid - Solar/Generator,Parkins,45,GPS-300-330,13.86,good,,yes,Colorless and odorless ,37.5,7.41,3420,1713,,Communal,no,,,,yes,0.05,yes,0.1,,0.1,Mohamed muse,907368650,,,1. Installation of solar power,2019-03-26,"1. Rehabilitation riser pipes 
2. Rehabilitation of steel tank",,,,,,,,,,,,,,,,,
2022-03-26T11:48:08.934+03:00,2022-03-30T05:57:34.014+03:00,2022-03-26,borehole,2022-03-26,"Puntland Ministry of Energy, Minerals and Water",,"Khadra
Mohamed 
Barre",nugaal,Garowe,Sinujiif,,,,2012-03-30,Sinujiif BH,8.5382841 48.9870031 326.8734130859375 4.645,8.5382841,48.9870031,326.8734131,4.645,no,,,1,rural urban,TRUE,TRUE,http://classic.ona.io/api/v1/files/25834815?filename=faoso/attachments/553460_Water_Sources_Data_Form_Oct_2020/1648284745635.jpg,yes,,yes,,21000,,,,8,100,gi,8,12,8,10,,2,,,,,,,,,,,,,,,,,,,,,Concrete/Masonry tank,74,PVC,4000,400,4,0,yes,10,10,Submersible Pump,Lowara,7.5,50,Hybrid - Solar/Generator,Parkins,15,YL320P-35p,11.5,fair,,yes,Colorless and odorless ,35.2,8,3055,1525,,Communal,no,,,,yes,0.1,no,,,,Abdirazak xaashi,907634783,Community,,1. Installation of solar power,2021-03-26,"1. Rehabilitation of pipesand pump 
2. Extension of pipelines.
3. Rehabilitation of pipelines.",,,,,,,,,,,,,,,,,
2022-03-26T10:11:34.099+03:00,2022-03-30T06:12:41.628+03:00,2022-03-26,borehole,2022-03-26,"Puntland Ministry of Energy, Minerals and Water",,"Khadra
Mohamed
Barre",nugaal,Garowe,Laanta Hawada,0,ISRC - Islamic Relief Committee,,2020-11-26,Laanta hawada BH,8.4453609 48.5708308 401.9903564453125 4.288,8.4453609,48.5708308,401.9903564,4.288,no,,,1,urban rural,TRUE,TRUE,http://classic.ona.io/api/v1/files/25834813?filename=faoso/attachments/553460_Water_Sources_Data_Form_Oct_2020/1648304968964.jpg,yes,,yes,,900,500,,1500,0,200,pvc,8,43.8,16,12,85.9,2,,,,,,,,,,,,,,,,,,,,,Concrete/Masonry tank,25,PVC,550,11,3,2,yes,6,8,Submersible Pump,Lowara,11,159,Hybrid - Solar/Generator,Parkins,30,BR-M300W,16.2,good,,yes,Colorless and odorless ,32.1,8.1,3960,1965,,Communal,yes,2020-01-29,3,1,yes,0.05,no,,,,Abdinur ,907152805,ISRC - Islamic Relief Committee,,1. Installation of solar power ,2020-01-29,Currently there is no any intervention ,,,,,,,,,,,,,,,,,
2022-03-26T16:29:35.053+03:00,2022-03-27T05:48:26.052+03:00,2022-03-26,borehole,2022-03-26,"Puntland Ministry of Energy, Minerals and Water",,"Khadra
M9hamed 
Barre",nugaal,Garowe,Balley,,,,2022-03-26,Baley BH ,8.5029119 48.6038657 381.48388671875 4.824,8.5029119,48.6038657,381.4838867,4.824,no,,,1,urban rural,TRUE,TRUE,http://classic.ona.io/api/v1/files/25757359?filename=faoso/attachments/553460_Water_Sources_Data_Form_Oct_2020/1648301545518.jpg,yes,,yes,,5000,1000,500,5000,0.4,102,pvc,8,0,9,20,,3,,,,,,,,,,,,,,,,,,,,,Concrete/Masonry tank,43,PVC,1500,500,5,0,yes,10,8,Submersible Pump,Luwara,7.5,80,Solar,,,,9.1,fair,,yes,Colorless and odorless ,32.2,7.51,3280,1635,,Communal,yes,2018-03-26,4,2,no,,no,,,,Jaamac abdrizak ali,907734031,Community,,1. Installation of solar power ,2021-05-27,"Rehabilitation pump and river pipes 
Fencing around borehole
 Rehabilitation  generator 
Construction of generator room 
 Construction Animals troughts and koisks ",,,,,,,,,,,,,,,,,
2022-03-26T10:40:57.513+03:00,2022-03-27T06:24:18.277+03:00,2022-03-26,borehole,2022-03-26,"Puntland Ministry of Energy, Minerals and Water",,"Khadra
Mohamed
Barre",nugaal,Garowe,Labo iyo labaatanaan,0.3,Italian Government,,1986-03-26,Labo iyo labaatanaad BH,8.4792037 48.6502162 407.006103515625 4.288,8.4792037,48.6502162,407.0061035,4.288,no,,,1,urban rural,TRUE,TRUE,http://classic.ona.io/api/v1/files/25757371?filename=faoso/attachments/553460_Water_Sources_Data_Form_Oct_2020/1648280860261.jpg,yes,,yes,,1200,250,,500,0,90,gi,6,,16,6,,2,,,,,,,,,,,,,,,,,,,,,Concrete/Masonry tank,24,PVC,500,,1,4,no,,,Submersible Pump,,11,60,Generator,Parkins,42,,,poor,Needed full rehabilitation,yes,Colorless and odorless ,34.2,7.81,3250,1630,,Communal,no,,,,no,,no,,,,Abdi ciise mohamud,907705009,,,,,"1. Full rehabilitation 
2. Rehabilitation of generator room 
3. Rehabilitation of generator 
4. Construction of new elevated tank.",,,,,,,,,,,,,,,,,
2022-03-26T15:44:57.157+03:00,2022-03-27T06:21:31.431+03:00,2022-03-26,borehole,2022-03-26,not_specified,Community,"Khadra
Mohamed
Barre",nugaal,Garowe,Isku faruuran,0.5,Community,,2022-03-26,Iskufaruuran BH ,8.4692287 48.6500911 377.8634033203125 3.394,8.4692287,48.6500911,377.8634033,3.394,no,,,2,urban,FALSE,TRUE,http://classic.ona.io/api/v1/files/25757401?filename=faoso/attachments/553460_Water_Sources_Data_Form_Oct_2020/1648298984143.jpg,yes,,yes,,120,,,,,70,pvc,8,,12,6,,2,,,,,,,,,,,,,,,,,,,,,Concrete/Masonry tank,20,Stainless Steel,500,10,0,0,no,,,Submersible Pump,Lowara ,7.5,55,,,,,,poor,Absolutely needed full rehabilitation ,no,,,,,,,Communal,no,,,,no,,no,,,,Axmed siciid cali,906881755,,,No,," 1. Installation  of Solar power 
2. Insstallation Genetor 
3. Construction Koisks 
4.Fence around borehole.
",,,,,,,,,,,,,,,Why was water quality not checked?,,
2022-03-27T10:54:01.828+03:00,2022-03-28T19:19:21.965+03:00,2022-03-27,borehole,2022-03-27,"Puntland Ministry of Energy, Minerals and Water",,"Khadra
M9hamed 
Barre",nugaal,Garowe,Garowe,,WDA - Water Development Agency,,1980-03-27,Ceelka weyn BH,8.3952081 48.4706045 436.0 4.645,8.3952081,48.4706045,436,4.645,no,,,10,urban,FALSE,TRUE,http://classic.ona.io/api/v1/files/25809908?filename=faoso/attachments/553460_Water_Sources_Data_Form_Oct_2020/1648367787307.jpg,yes,,yes,,18200,,,,,140,gi,6,,60,24,,1,,,,,,,,,,,,,,,,,,,,,Concrete/Masonry tank,777,PVC,10000,2600,1,0,yes,6,8,Submersible Pump,Lowara,18.5,132,Generator,"Parkins, iveco",160,,,fair,,yes,Colorless and odorless ,32.5,7.51,3910,1950,,Private-Public-Partnership,,,,,yes,0.05,no,,,,Abdinur siciid ismacil,907794818,,,,,,,,,,,,,,,,,"Confirm the capacity, in m3",,,,,
2022-03-27T10:14:35.794+03:00,2022-03-28T19:12:02.612+03:00,2022-03-27,borehole,2022-03-27,"Puntland Ministry of Energy, Minerals and Water",,"Khadra
Mohamed 
Barre",nugaal,Garowe,Garowe,2,NUWACO Water Company,,2019-03-27,Ligle BH 1,8.3646775 48.4496099 453.0577392578125 4.288,8.3646775,48.4496099,453.0577393,4.288,no,,,4,urban,FALSE,TRUE,http://classic.ona.io/api/v1/files/25809905?filename=faoso/attachments/553460_Water_Sources_Data_Form_Oct_2020/1648365394213.jpg,yes,,yes,,9100,,,,,160,pvc,8,11,40,24,,4,,,,,,,,,,,,,,,,,,,,,Concrete/Masonry tank,,PVC,5000,1300,0,0,no,,,Submersible Pump,Lowara,22,60,Generator,"Parkins, Iveco",250,,,good,,yes,Colorless and odorless,31.8,7.6,3230,1613,,Private-Public-Partnership,,,,,yes,0.05,no,,,,Abdinur siciid ismacil,907794818,,,,,,,,,,,,,,,,,,,,,,
2022-03-27T10:20:38.182+03:00,2022-03-28T19:14:51.606+03:00,2022-03-27,borehole,2022-03-27,"Puntland Ministry of Energy, Minerals and Water",,"Khadra 
Mohamed 
Barre",nugaal,Garowe,Garowe,1.5,NUWACO Water Company,,2019-03-27,Ligle BH 2,8.3643642 48.4499869 436.0 4.294,8.3643642,48.4499869,436,4.294,no,,,4,urban,FALSE,TRUE,http://classic.ona.io/api/v1/files/25809906?filename=faoso/attachments/553460_Water_Sources_Data_Form_Oct_2020/1648365727674.jpg,yes,,yes,,9100,,,,,160,pvc,8,11,40,24,,1,,,,,,,,,,,,,,,,,,,,,,,PVC,10000,1300,0,0,no,,,Submersible Pump,Lowara,18.5,60,Generator,Parkins,150,,,good,,yes,Colorless and odorless ,32,7.4,2875,1435,,Private-Public-Partnership,,,,,yes,0.05,no,,,,Abdinur siciid ismacil,907794818,,,,,,,,,,,,,,,,,,,,,,
2022-03-27T11:10:01.636+03:00,2022-03-28T19:07:59.650+03:00,2022-03-27,borehole,2022-03-27,"Puntland Ministry of Energy, Minerals and Water",,"Khadra 
Mohamed 
Barre",nugaal,Garowe,Garowe,,NUWACO Water Company,,2011-03-27,Huruuse BH,8.3993911 48.467542 453.65008544921875 4.288,8.3993911,48.467542,453.6500854,4.288,no,,,5,urban,FALSE,TRUE,http://classic.ona.io/api/v1/files/25809910?filename=faoso/attachments/553460_Water_Sources_Data_Form_Oct_2020/1648368694508.jpg,yes,,yes,,9100,,,,,120,pvc,8,21,40,24,,0,,,,,,,,,,,,,,,,,,,,,Concrete/Masonry tank,777,PVC,4500,2600,0,0,no,,,Submersible Pump,Lowara,22,60,Electricity Grid,,,,,good,,yes,Colorless and odorless ,33.1,7.31,4430,2212,Sampled,Private-Public-Partnership,,,,,yes,0.05,no,,,,Abdinur siciid ismacil,907794818,,,,,,,,,,,,,,,,,"Confirm the capacity, in m3",,,,,
2022-03-27T10:32:28.035+03:00,2022-03-28T19:17:00.611+03:00,2022-03-27,borehole,2022-03-27,"Puntland Ministry of Energy, Minerals and Water",,"Khadra
Mohamed
Barre",nugaal,Garowe,Garowe,1.5,NUWACO Water Company,,2021-03-27,Ligle BH 3,8.3675717 48.4510035 436.0 4.288,8.3675717,48.4510035,436,4.288,no,,,5,urban,FALSE,TRUE,http://classic.ona.io/api/v1/files/25809907?filename=faoso/attachments/553460_Water_Sources_Data_Form_Oct_2020/1648366512091.jpg,yes,,yes,,9100,,,,,160,pvc,8,,21,24,,1.3,,,,,,,,,,,,,,,,,,,,,Concrete/Masonry tank,70,PVC,7000,1300,0,0,no,,,Submersible Pump,Lowara,30,60,Generator,"Parkins, Iveco",270,,,good,,no,,,,,,,Private-Public-Partnership,,,,,yes,0.05,no,,,,Abdinur siciid ismacil,907794818,NUWACO Water Company,,1. Rehabilitation of riser pipes,2022-03-27,,,,,,,,,,,,,,,,Why was water quality not checked?,,
2022-03-27T08:41:29.496+03:00,2022-03-27T19:04:06.532+03:00,2022-03-27,borehole,2022-03-27,"Puntland Ministry of Energy, Minerals and Water",,"Khadra
Mohamed
Barre",nugaal,Garowe,Garowe,,NUWACO Water Company,,2015-03-27,Washington BH,8.4175032 48.5061087 435.6999816894531 4.938,8.4175032,48.5061087,435.6999817,4.938,no,,,10,urban,FALSE,TRUE,http://classic.ona.io/api/v1/files/25774230?filename=faoso/attachments/553460_Water_Sources_Data_Form_Oct_2020/1648359789930.jpg,yes,,yes,,9100,,,,,100,pvc,8,12,12,24,,3,,,,,,,,,,,,,,,,,,,,,,,PVC,5000,1300,0,0,no,,,Submersible Pump,Lowara,30,72,Generator,Parkins,110,,,good,,yes,Colorless and odorless ,28.8,7.61,3840,1923,,Private-Public-Partnership,,,,,yes,0.05,no,,,,Abdinur siciid ismacil,907794818,,,,,,,,,,,,,,,,,,,,,,
2022-03-27T11:38:54.805+03:00,2022-03-28T19:25:44.721+03:00,2022-03-27,borehole,2022-03-27,"Puntland Ministry of Energy, Minerals and Water",,"Khadra 
Mohamed
Barre",nugaal,Garowe,Garowe,,NUWACO Water Company,,2015-03-27,Duurey BH,8.413593 48.4582248 449.3497314453125 3.752,8.413593,48.4582248,449.3497314,3.752,no,,,2,urban,FALSE,TRUE,http://classic.ona.io/api/v1/files/25809913?filename=faoso/attachments/553460_Water_Sources_Data_Form_Oct_2020/1648370457196.jpg,yes,,yes,,2100,,,,,300,pvc,8,,12,24,,2,,,,,,,,,,,,,,,,,,,,,,,PVC,7000,300,0,0,yes,5,8,Submersible Pump,Lowara,15,210,Hybrid - Solar/Generator,Parkins,65,YL265p_39b,27.8,good,,yes,Colorless and odorless,35.8,7.61,3850,1923,,Private-Public-Partnership,,,,,yes,0.05,no,,,,Abdinur siciid ismacil,907794818,World Vision,,1. Installation of solar power,2018-03-27,1. Construction of new elevated tank,,,,,,,,,,,,,,,,,
2022-03-27T08:56:56.204+03:00,2022-03-27T19:06:23.908+03:00,2022-03-27,borehole,2022-03-27,"Puntland Ministry of Energy, Minerals and Water",,"Khadra
Mohamed 
Barre",nugaal,Garowe,Garowe,,NUWACO Water Company,,2015-03-27,Khayrseexay BH,8.4295834 48.5124291 418.0306396484375 3.216,8.4295834,48.5124291,418.0306396,3.216,no,,,10,urban,FALSE,TRUE,http://classic.ona.io/api/v1/files/25774231?filename=faoso/attachments/553460_Water_Sources_Data_Form_Oct_2020/1648360811557.jpg,yes,,yes,,9100,,,,,300,pvc,8,,8,10,,4,,,,,,,,,,,,,,,,,,,,,,,PVC,3000,1300,0,0,no,,,Submersible Pump,Lowara,15,150,Solar,,,YL265P-26l,28.62,good,,yes,Colorless and odorless ,29.2,7.51,3820,1905,,Private-Public-Partnership,,,,,yes,0.05,no,,,,Abdinur siciid ismacil,907794818,NUWACO Water Company,,1. Installation of solar power.,2019-03-27,,,,,,,,,,,,,,,,,,
2022-03-27T11:22:15.030+03:00,2022-03-28T19:10:11.607+03:00,2022-03-27,borehole,2022-03-27,"Puntland Ministry of Energy, Minerals and Water",,"Khadra
Mohamed
Barre",nugaal,Garowe,Garowe,,NUWACO Water Company,,2013-03-27,Taakulo BH,8.3952759 48.4655597 452.156494140625 4.931,8.3952759,48.4655597,452.1564941,4.931,no,,,10,urban,FALSE,TRUE,http://classic.ona.io/api/v1/files/25809912?filename=faoso/attachments/553460_Water_Sources_Data_Form_Oct_2020/1648369455025.jpg,yes,,yes,,9100,,,,,90,pvc,8,40,17,8,,1.3,,,,,,,,,,,,,,,,,,,,,Concrete/Masonry tank,777,PVC,2500,1500,0,0,no,,,Submersible Pump,Lowara,11,78,Generator,Parkins,60,,,good,,yes,Colorless and odorless ,34.8,7.32,3315,1652,,Private-Public-Partnership,,,,,yes,0.05,no,,,,Abdinur siciid ismacil,907794818,,,,,,,,,,,,,,,,,"Confirm the capacity, in m3",,,,,
2022-03-27T09:37:24.878+03:00,2022-03-27T19:11:33.345+03:00,2022-03-27,borehole,2022-03-27,"Puntland Ministry of Energy, Minerals and Water",,"Khadra
Mohamed 
Barre",nugaal,Garowe,Garowe,1.5,United Nations Children's Fund,,2019-03-27,Jilab BH 2,8.3808506 48.5211993 453.0577392578125 4.288,8.3808506,48.5211993,453.0577393,4.288,no,,,2,urban,FALSE,TRUE,http://classic.ona.io/api/v1/files/25774234?filename=faoso/attachments/553460_Water_Sources_Data_Form_Oct_2020/1648363166375.jpg,yes,,yes,,2100,,,,,360,pvc,8,50,9.6,8,270,5,,,,,,,,,,,,,,,,,,,,,Concrete/Masonry tank,50,PVC,1300,105,10,0,no,,,Submersible Pump,Lowara,15,300,Solar,,,SZYL-P325-36,23.4,good,,yes,Colorless and odorless ,31.5,,10550,5025,,Private-Public-Partnership,,,,,yes,0.05,no,,,,Abfinur siciid ismacil,907794818,NUWACO Water Company,,1. Installation of solar power.,2019-03-27,,,,,,,,,,,,,,,,not realistic 10550,,
2022-03-27T09:23:09.020+03:00,2022-03-27T19:09:12.103+03:00,2022-03-27,borehole,2022-03-27,"Puntland Ministry of Energy, Minerals and Water",,"Khadra
Mohamed
Barre",nugaal,Garowe,Garowe,,NUWACO Water Company,,2017-03-27,Jillab BH 1,8.3921872 48.5132857 446.36639404296875 4.824,8.3921872,48.5132857,446.366394,4.824,no,,,10,urban,FALSE,TRUE,http://classic.ona.io/api/v1/files/25774232?filename=faoso/attachments/553460_Water_Sources_Data_Form_Oct_2020/1648362307648.jpg,yes,,yes,,2100,,,,,350,pvc,8,120,8,8,,5,,,,,,,,,,,,,,,,,,,,,Concrete/Masonry tank,50,PVC,2000,105,11,,no,,,Submersible Pump,Lowara,15,216,Solar,,,RP300M-72,27,good,,yes,Colorless and odorless ,30.3,7.28,5730,2860,,Private-Public-Partnership,,,,,yes,0.05,no,,,,Abdinur siciid ismacil,907794818,NUWACO Water Company,,1. Installation of solar power,2017-03-27,,,,,,,,,,,,,,,,,,
2022-03-27T11:49:28.699+03:00,2022-04-25T09:08:13.001+03:00,2022-03-27,borehole,2022-03-27,"Puntland Ministry of Energy, Minerals and Water",,"Khadra
Mohamed
Barre",nugaal,Garowe,Garowe,,not_specified,PWDA,2020-03-27,Madaxtooyo BH 2,8.4128335 48.4650113 435.06634521484375 4.645,8.4128335,48.4650113,435.0663452,4.645,no,,,1,urban,FALSE,TRUE,http://classic.ona.io/api/v1/files/26314779?filename=faoso/attachments/553460_Water_Sources_Data_Form_Oct_2020/1648371124804.jpg,yes,,yes,,120,,,,,240,pvc,8,,18,10,,2,,,,,,,,,,,,,,,,,,,,,Concrete/Masonry tank,20,PVC,700,5,0,0,no,,,Submersible Pump,,15,220,Hybrid - Solar/Generator,Parkins,45,,,good,,no,,,,,,,Utility/Local Authority,,,,,no,,no,,,,,,,,,,1. Fancing of borehole ,,,,,,,,,,,,,,,Why was water quality not checked?,,
2022-03-27T12:02:37.272+03:00,2022-03-28T19:25:12.586+03:00,2022-03-27,borehole,2022-03-27,"Puntland Ministry of Energy, Minerals and Water",,"Khadra
Mohamed
Barre",nugaal,Garowe,Garowe,,NUWACO Water Company,,2015-03-27,Agoonta BH,8.4038832 48.4710416 436.6226806640625 4.288,8.4038832,48.4710416,436.6226807,4.288,no,,,1,urban,FALSE,TRUE,http://classic.ona.io/api/v1/files/25809949?filename=faoso/attachments/553460_Water_Sources_Data_Form_Oct_2020/1648371899084.jpg,yes,,yes,,150,,,,,300,pvc,8,80,12,8,,2,,,,,,,,,,,,,,,,,,,,,Concrete/Masonry tank,34,PVC,400,5,5,0,no,,,Submersible Pump,Lowara,15,210,Hybrid - Solar/Generator,Parkins,65,PN60-255-STD,26.7,good,,yes,Colorless and odorless ,35.8,7.61,4270,2125,,Private-Public-Partnership,,,,,no,,no,,,,Abdinur siciid ismacil,90794818,,,,,,,,,,,,,,,,,,,,,,
2022-03-23T18:02:14.925+03:00,2022-04-08T16:58:14.309+03:00,2022-03-23,borehole,2022-03-28,"Puntland Ministry of Energy, Minerals and Water",,Eng Yusuf Salad,bari,Iskushuban,Kobdhexaad,0.3,"Puntland Ministry of Energy, Minerals and Water",,2007-03-30,Kobdhexaad borehole,10.6578856 49.4993533 466.90000000000003 4.0,10.6578856,49.4993533,466.9,4,no,,,1,rural,TRUE,FALSE,http://classic.ona.io/api/v1/files/26041257?filename=faoso/attachments/553460_Water_Sources_Data_Form_Oct_2020/1648048063116.jpg,yes,,yes,,,1300,,4000,,360,pvc,8,220,20,4,,,,,,,,,,,,,,,,,,,,,,,Concrete/Masonry tank,40,Galvanised Steel,360,,1,3,yes,4,9,Submersible Pump,Lowara,,312,Generator,Perkins,60,,,fair,"Human being can not use water ftom kobdhrxaad borehole because the water is over salt.
The distribution pipes are rusted.",no,,33.8,7.7,2920,1460,,Communal,yes,2007-07-13,5,2,yes,0.03,yes,0.2,,0.2,Cabdi cali maax,907763321,Islamic Development Bank,,"1: Construction of elevated water tank
2: Construction of animal troughs.",2017-08-18,"1: Construction of another elevated water tank 
2: Installation of solar power system.
3: Rehabilitation of animal water troughs.
4: Replacement of main raising pipes and submersible pump.
5: Fuel in order to access borehole function",,,,,,,,,,,,,,,,,
2022-03-28T08:23:07.809+03:00,2022-03-28T19:36:22.904+03:00,2022-03-28,dugwell,2022-03-28,"Puntland Ministry of Energy, Minerals and Water",,"Khadra
Mohamed
Barre",nugaal,Garowe,Caano-yaskax,0,Somalia European Committee for Agricultural Training,,2007-03-28,Caano yaskax dugwell,8.837375 48.7501967 451.6175537109375 4.466,8.837375,48.7501967,451.6175537,4.466,no,,,1,urban rural,TRUE,TRUE,http://classic.ona.io/api/v1/files/25809951?filename=faoso/attachments/553460_Water_Sources_Data_Form_Oct_2020/1648445221289.jpg,yes,,yes,,1750,250,500,2000,0,,,,,,,,,9,2,yes,2,8,,4,,,,,,,,,,,,,,Concrete/Masonry tank,30,PVC,700,1,4,2,no,,,Submersible Pump,Sara,4,8,Solar,,,,2,good,,yes,Colorless and odorless,30.5,7.8,3150,1570,,Communal,yes,2019-03-28,7,0,yes,0.05,yes,0.1,0.2,0.1,Ahmed Ibrahim gambool,906259633,Norwegian Refugee Council,,1. Installation of solar power,2019-03-28,"1. Extra depth of dugwell
2. Rehabilitation of pipelines 
3. Extension pipelines 
4. Construction of koisks.",,,,,,,,,,,,,,,,,
2022-03-28T07:25:51.464+03:00,2022-03-28T19:28:39.769+03:00,2022-03-28,borehole,2022-03-28,"Puntland Ministry of Energy, Minerals and Water",,"Khadra
Mohamed 
Barre",nugaal,Garowe,Xamur,0.5,United Nations Children's Fund,,2018-03-28,Xamur BH,8.7266831 48.7464455 346.349365234375 4.824,8.7266831,48.7464455,346.3493652,4.824,no,,,1,urban rural,TRUE,TRUE,http://classic.ona.io/api/v1/files/25809950?filename=faoso/attachments/553460_Water_Sources_Data_Form_Oct_2020/1648441715023.jpg,yes,,no,"Before 5 month, problem of pump and cables",700,1200,,2700,,306,pvc,8,,6,,,,,,,,,,,,,,,,,,,,,,,,Concrete/Masonry tank,80,PVC,700,,3,2,no,,,Submersible Pump,Lowara,7.5,246,Hybrid - Solar/Generator,Parkins,30,GPS-300-380,12.92,good,,no,,,,,,,Communal,yes,2018-03-28,4,0,yes,0.05,yes,0.1,,0.1,Mohamed abdukaadir,907615535,Norwegian Refugee Council,,"1. Construction of new elevated tank 
2. Installation of solar power 
4. Extension of pipelines",2021-02-28,"1. Emergency 
2. Observation of borehole problem",Please elaborate,,,,,,,,,,,,,,Why was water quality not checked?,,
2022-03-28T13:29:41.785+03:00,2022-04-17T09:57:18.818+03:00,2022-03-28,borehole,2022-03-28,"Puntland Ministry of Energy, Minerals and Water",,"Khadra
Mohamed
Barre",nugaal,Garowe,Salaama 2,,Community,,2017-03-28,Salaama 2,8.5915196 49.0676655 466.729736328125 3.216,8.5915196,49.0676655,466.7297363,3.216,no,,,2,rural,TRUE,FALSE,http://classic.ona.io/api/v1/files/26188672?filename=faoso/attachments/553460_Water_Sources_Data_Form_Oct_2020/1648463697478.jpg,yes,,yes,,150,1500,,3000,0,76,pvc,8,,16,12,,1.3,,,,,,,,,,,,,,,,,,,,,Concrete/Masonry tank,32,PVC,,2,2,2,yes,0,,Submersible Pump,7.5,7.5,45,Solar,,,,10.8,good,,yes,Colorless and odorless ,,,,,,Private/Individual,,,,,no,,no,,,,Abdisalaam ahmed siciid,907744055,Community,,1. Solar installation ,2020-04-17,"1. Replacement of generator.
2. Replacement of pump.
",,,,,,,,,,,,,,,Why was water quality not checked?,,
2022-03-28T10:07:09.887+03:00,2022-03-30T05:50:14.398+03:00,2022-03-28,borehole,2022-03-28,"Puntland Ministry of Energy, Minerals and Water",,"Khadra
Mohamed
Barre",nugaal,Garowe,Cuun,1.5,KAALO Relief and Development,,2019-03-28,Cuun BH,8.8277843 48.8852797 468.1842041015625 4.288,8.8277843,48.8852797,468.1842041,4.288,no,,,1,urban,FALSE,TRUE,http://classic.ona.io/api/v1/files/25834816?filename=faoso/attachments/553460_Water_Sources_Data_Form_Oct_2020/1648451378957.jpg,yes,,no,"From 1 a month, problem borehole with pump and riser pipes",250,,,,,110,pvc,8,11,60,8,,1,,,,,,,,,,,,,,,,,,,,,Concrete/Masonry tank,25,Galvanised Steel,500,,,,no,,,Submersible Pump,Lowara,7.5,90,Solar,,,YL320P-35b,12.16,good,,no,,,,,,,Communal,yes,2018-03-28,5,2,no,,no,,,,Abdullahi mohamed deeq,907532496,KAALO Relief and Development,,1. Installation of solar power,2019-03-28,1. Rehabilitation of pump and riser pipes,,,,,,,,,,,,,,,Why was water quality not checked?,,
2022-03-21T19:46:48.638+03:00,2022-04-07T10:46:17.846+03:00,2022-03-21,spring,2022-03-28,"Puntland Ministry of Energy, Minerals and Water",,Team bari and sanag,bari,Iskushuban,Ufayn sare,4,Community_,,2012-06-22,Ufayn sare spring,10.7955108 49.6675304 691.7 4.82,10.7955108,49.6675304,691.7,4.82,no,,,1,rural urban,TRUE,TRUE,http://classic.ona.io/api/v1/files/26014030?filename=faoso/attachments/553460_Water_Sources_Data_Form_Oct_2020/1648034138148.jpg,yes,,yes,,4800,500,,1000,4,,,,,,,,,,,,,,,,,,,,,,no,25,,,,,,Concrete/Masonry tank,60,Galvanised Steel,3000,,,1,yes,4,6,Submersible Pump,Lowara,,,,,,,,,,no,,31.1,8,750,375,,Communal,yes,2012-06-20,2,1,no,,no,,,,Siciid jaamac jibriil,907774668,Community_e,,Extention of distribution pipe lines,2019-08-21,"1: extention of distribution pipe line to the village, now water does not reach to village.
2: Construction water kiosks in the village.
3: Construction of columns which holds the distribution pipe line when they crosses to the rivers, now pipes become disconnected floods occurs.
4: pipe lines as safety.
5: Construction of elevated water tank.",,,,,,,,,,,,,,,,,
2022-03-28T10:49:35.404+03:00,2022-03-30T06:15:52.807+03:00,2022-03-28,dugwell,2022-03-28,"Puntland Ministry of Energy, Minerals and Water",,"Khadra
Mohamed 
Barre",nugaal,Garowe,Cuun,0,Community,,2000-03-28,Cuun dug well,8.8180342 48.8915942 468.1842041015625 3.216,8.8180342,48.8915942,468.1842041,3.216,no,,,1,urban,FALSE,TRUE,http://classic.ona.io/api/v1/files/25834828?filename=faoso/attachments/553460_Water_Sources_Data_Form_Oct_2020/1648453877514.jpg,yes,,yes,,1162,,,,,,,,,,,,,9,3,yes,6,8,,2,,,,,,,,,,,,,,Concrete/Masonry tank,25,PVC,600,0,2,0,yes,2,8,Submersible Pump,Lowara,4,8,Solar,,,,5,fair,Some rehabilitation needed,yes,Colorless and odorless ,32.8,7.8,2920,1460,,Communal,no,,,,no,,no,,,,Mohamed mohamud,906882181,,,,,"1. Rehabilitation of pipelines 
2. Construction of koisks 
3.  Extension of pipelines.",,,,,,,,,,,,,,,,,
2022-03-28T11:25:44.505+03:00,2022-04-15T19:04:36.024+03:00,2022-03-28,dugwell,2022-03-28,"Puntland Ministry of Energy, Minerals and Water",,"Khdra 
Mohamed
Barre",nugaal,Garowe,Cuun,,,,,Cuun dugwell 2,8.8162779 48.8932247 464.5811767578125 4.402,8.8162779,48.8932247,464.5811768,4.402,no,,,2,urban,FALSE,TRUE,http://classic.ona.io/api/v1/files/26172899?filename=faoso/attachments/553460_Water_Sources_Data_Form_Oct_2020/1648456057626.jpg,yes,,no,"A months , for power problems",750,,,,,,,,,,,,,9,,yes,7,,,,,,,,,,,,,,,,,,,,,,3,,no,,,No Pump,,,,,,,,,poor,This dugwell and its water supply needs full  rehabilitation ,no,,,,,,,Communal,yes,2007-04-15,3,2,no,,no,,,,,,,,,,"1. Rehabilitation of pipes
2. Rehabilitation of koisks 
3. Replacement of pump.
4. ",,,,,,,,,,,,,,,Why was water quality not checked?,,
2022-03-29T17:26:44.765+03:00,2022-03-30T06:20:11.705+03:00,2022-03-29,dugwell,2022-03-29,"Puntland Ministry of Energy, Minerals and Water",,"Khadra
Mohamed
Barre",nugaal,Garowe,Rabaable,0,Community,,1981-03-29,Rabaable dug well,8.2807114 48.2980123 558.938720703125 4.716,8.2807114,48.2980123,558.9387207,4.716,no,,,1,urban,FALSE,TRUE,http://classic.ona.io/api/v1/files/25834830?filename=faoso/attachments/553460_Water_Sources_Data_Form_Oct_2020/1648564270467.jpg,yes,,yes,,1050,,,,,,,,,,,,,30,8,yes,8,8,,2,,,,,,,,,,,,,,Concrete/Masonry tank,4,PVC,500,1,3,0,no,,,Submersible Pump,Lowara,4,28,Solar,,,SZYL-M220-36C,1.5,fair,,yes,Colorless and odorless ,31.2,7.8,2470,1231,,Communal,yes,2017-03-29,2,5,yes,0.05,no,,,,Maimun Suleiman ali,907368321,ISRC - Islamic Relief Committee,,1. Construction of steel tank,2020-03-29,"1. Rehabilitation of pipelines 
2. Extension pipelines 
3. Construction of new koisks. 
4. Construction of caretaker room.",,,,,,,,,,,,,,,,,
2022-03-29T18:00:33.938+03:00,2022-04-19T20:27:45.986+03:00,2022-03-29,dam,2022-03-29,"Puntland Ministry of Energy, Minerals and Water",,"Khadra
M9hamed 
Barre",nugaal,Garowe,Rabaable,2,World Bank,,2021-03-29,Rabaable dam,8.2945877 48.3185965 521.5144653320312 4.288,8.2945877,48.3185965,521.5144653,4.288,no,,,1,rural,TRUE,FALSE,http://classic.ona.io/api/v1/files/26221217?filename=faoso/attachments/553460_Water_Sources_Data_Form_Oct_2020/1648566252480.jpg,yes,,yes,,500,1500,500,2500,20,,,,,,,,,,,,,,,,4,9,80,,,,,,,,,,,Concrete/Masonry tank,50,PVC,150,,1,2,no,,,Submersible Pump,,4,5,Solar,,,,,good,,yes,Colorless and odorless,30.5,7.9,4690,3142.3,,Communal,yes,2021-12-19,3,2,no,,no,,,,Nacima,,World Bank,,"1. Construction of ground water tank 
2. Construction of animal troughts 
3. Installation of solar power ",2021-12-19,,,,,,,,,,,,,,,"Please confirm the acreage, in Ha",,,
2022-03-30T15:50:52.953+03:00,2022-04-10T18:24:46.669+03:00,2022-03-30,borehole,2022-03-30,"Puntland Ministry of Energy, Minerals and Water",,"Khadra
Mohamed 
Barre",sool,Laas Caanood,Buuro- wadal,0.4,International Committee of The Red Cross,,2011-03-30,Buuro wadal BH,8.5016634 48.2641088 474.647216796875 4.288,8.5016634,48.2641088,474.6472168,4.288,no,,,1,urban rural,TRUE,TRUE,http://classic.ona.io/api/v1/files/26071869?filename=faoso/attachments/553460_Water_Sources_Data_Form_Oct_2020/1648644871755.jpg,yes,,yes,,2000,800,,1200,0,84,pvc,8,,6.6,12,,4,,,,,,,,,,,,,,,,,,,,,Concrete/Masonry tank,20,Galvanised Steel,1200,0,4,2,yes,6,8,Submersible Pump,Lowara,7.5,75,Hybrid - Solar/Generator,Parkins,30,BYD400MIK-36,8,good,,yes,Colorless and odorless ,33.5,7.43,3050,1526,,Communal,yes,2011-03-30,3,2,yes,0.1,yes,0.1,0.1,0.1,Mohamed yasin,907636007,KAALO Relief and Development,,1. Installation of solar power,2021-12-30,"1. Rehabilitation of solar.
2. Rehabilitation of riser pipes and pipelines.",,,,,,,,,,,,,,,,,
2022-03-30T17:50:02.220+03:00,2022-04-10T18:28:58.912+03:00,2022-03-30,dugwell,2022-03-30,"Puntland Ministry of Energy, Minerals and Water",,"Khadra
Mohamed 
Barre",sool,Laas Caanood,Boocame,0,Community,,2003-03-30,Boocame dug well,8.3969708 47.9404117 487.6627197265625 3.216,8.3969708,47.9404117,487.6627197,3.216,no,,,1,urban rural,TRUE,TRUE,http://classic.ona.io/api/v1/files/26071880?filename=faoso/attachments/553460_Water_Sources_Data_Form_Oct_2020/1648652084648.jpg,yes,,yes,,10000,750,170,1700,0,,,,,,,,,9,,yes,9,15,,2,,,,,,,,,,,,,,Concrete/Masonry tank,20,PVC,2500,300,0,3,yes,15,8,Submersible Pump,Lowara,4,8,Hybrid - Solar/Generator,Parkins,13,,15,poor,Needs full rehabilitation ,yes,Colorless and odorless ,30.5,7.32,3110,2083,,Utility/Local Authority,,,,,yes,0.1,yes,0.1,0.1,0.05,Mohamed aadam,907633569,not_specified,,1. Installation of solar power,2018-03-30,"1. Construction of koisks.
2. Construction of new elevated tank.",,,,,,,,,,,,,,,,,
2022-03-30T16:26:37.759+03:00,2022-04-10T18:21:55.292+03:00,2022-03-30,borehole,2022-03-30,"Puntland Ministry of Energy, Minerals and Water",,"Khadra 
Moahmed
Barre",sool,Laas Caanood,Hadhwanaag,0.9,United Nations Children's Fund,,2018-03-30,HadhwanaagBH,8.5322608 48.1698912 492.39404296875 4.938,8.5322608,48.1698912,492.394043,4.938,no,,,1,urban rural,TRUE,TRUE,http://classic.ona.io/api/v1/files/26071875?filename=faoso/attachments/553460_Water_Sources_Data_Form_Oct_2020/1648646888217.jpg,yes,,yes,,1750,800,,5000,2,80,pvc,8,24,28.5,14,4.5,0.2,,,,,,,,,,,,,,,,,,,,,Concrete/Masonry tank,25,PVC,900,0,4,2,yes,15,8,Submersible Pump,Lowara,11,65,Hybrid - Solar/Generator,Parkins,20,BYD400-MIK-36,8,good,,yes,Colorless and odorless ,33.8,7.38,2670,1330,Sampled,Communal,yes,2018-03-30,7,,no,,no,,,,Sicid Abdulle,907257415,KAALO Relief and Development,,2. Installation of solar power,2021-12-30,"1. Rehabilitation of koisks 
2. Operator supporting 
3. Fencing borehole area",,,,,,,,,,,,,,,,,
2022-03-30T16:57:09.999+03:00,2022-04-12T18:56:08.951+03:00,2022-03-30,borehole,2022-03-30,"Puntland Ministry of Energy, Minerals and Water",,Khadra,sool,Laas Caanood,Faleryaalle,2,,,2022-02-12,Faleeryaare BH,8.5449126 48.0735031 487.6627197265625 4.824,8.5449126,48.0735031,487.6627197,4.824,no,,,,urban,FALSE,TRUE,http://classic.ona.io/api/v1/files/26122504?filename=faoso/attachments/553460_Water_Sources_Data_Form_Oct_2020/1648648788210.jpg,no,,no,"This borehole is new, and infrastructure currently constructing",,,,,,120,pvc,8,,,,,,,,,,,,,,,,,,,,,,,,,,,,,,,,,,,,,,,,,,,,,,,no,,,,,,,,,,,,,,,,,,,,not_specified,PWDA,1. Construction of new elevated tank ,2022-03-12,"1. Extension of pipelines 
2. Construction of koisks ",,,,,,,,,,,,,,,Why was water quality not checked?,,
2022-03-31T12:42:29.691+03:00,2022-04-11T19:12:02.897+03:00,2022-03-31,borehole,2022-03-31,"Puntland Ministry of Energy, Minerals and Water",,"Khadra
Mohamed
Barre",sool,Laas Caanood,Saaxdheer,0.5,Norwegian Peoples Aid,,2014-03-31,Seexdheer BH,8.0068294 47.1040015 608.481201171875 4.645,8.0068294,47.1040015,608.4812012,4.645,no,,,1,urban rural,TRUE,TRUE,http://classic.ona.io/api/v1/files/26100967?filename=faoso/attachments/553460_Water_Sources_Data_Form_Oct_2020/1648719967242.jpg,yes,,yes,,17500,5000,300,15000,0,370,pvc,8,,12,12,,2,,,,,,,,,,,,,,,,,,,,,Concrete/Masonry tank,76,PVC,1200,25,5,5,yes,40,8,Submersible Pump,Lowara,15,330,Hybrid - Solar/Generator,Parkins,45,BR-M300W,21,good,,yes,Colorless and odorless ,31.6,7.76,1912,1281,,Communal,yes,2018-03-31,3,0,yes,0.05,yes,0.1,0.1,0.1,Muse cawil,634904747,CARE Somalia,,"1. Construction of new elevated tank 
2. Rehabilitation of pump and riser pipes 
3. Construction of 2 koisks 
4. Installation of new generator",2021-12-30,1. Extra generator.,,,,,,,,,,,,,,,,,
2022-03-31T18:14:09.852+03:00,2022-04-04T18:36:15.993+03:00,2022-03-31,borehole,2022-03-31,"Puntland Ministry of Energy, Minerals and Water",,"Khadra
Mohamed",togdheer,Buuhoodle,Dandan,0,ADESO,,,Dardan BH ,8.2514136 46.5295534 653.00341796875 4.556,8.2514136,46.5295534,653.003418,4.556,no,,,1,urban rural,TRUE,TRUE,http://classic.ona.io/api/v1/files/25959387?filename=faoso/attachments/553460_Water_Sources_Data_Form_Oct_2020/1648739744149.jpg,yes,,yes,,4200,1500,500,5000,0,370,pvc,8,,12,12,,3,,,,,,,,,,,,,,,,,,,,,Concrete/Masonry tank,96,PVC,3000,30,4,5,yes,15,8,Submersible Pump,Lowara,15,280,Hybrid - Solar/Generator,Parkins,45,SZYL-M330-36,23.1,good,,yes,Colorless and odorless ,31.5,7.4,3550,2130,,Communal,yes,2018-03-31,3,2,yes,0.05,yes,0.1,0.1,0.1,Mohamed yusuf,634977888,CARE Somalia,,"1. Installation of submersible pump 15 kW and cables 
2. Installation of riser pipes 
3. Construction of elevated water tank 
4. Rehabilitation of shoat troughts and water koisk.
5. Rehabilitation of pipelines system.
6. Supply and installation of solar inverter.",2021-03-31,,,,,,,,,,,,,,,,,,
2022-03-31T07:59:53.756+03:00,2022-04-10T18:32:52.822+03:00,2022-03-31,borehole,2022-03-31,"Puntland Ministry of Energy, Minerals and Water",,"Khadra
Mohamed 
Barre",sool,Laas Caanood,Karin korfood,700,ISRC - Islamic Relief Committee,,2012-03-31,Karinkarfood BH,8.1271024 47.7510983 698.107666015625 4.824,8.1271024,47.7510983,698.107666,4.824,no,,,1,urban rural,TRUE,TRUE,http://classic.ona.io/api/v1/files/26071884?filename=faoso/attachments/553460_Water_Sources_Data_Form_Oct_2020/1648702992359.jpg,yes,,yes,,6300,1200,500,13000,0,290,pvc,8,,4,12,,8,,,,,,,,,,,,,,,,,,,,,Concrete/Masonry tank,50,Galvanised Steel,1000,15,2,3,yes,30,8,Submersible Pump,Lowara,7.5,260,Hybrid - Solar/Generator,Parkins,60,300w,18,fair,,yes,Colorless and odorless ,27.8,7.5,4850,2423,,Communal,yes,2014-03-31,6,3,yes,0.1,yes,0.1,,,Mohamed aadam cilmi,907227326,,,,,"Drilling new borehole during to trucking much.

1. Rehabilitation of solar panels 
2. Rehabilitation of animal troughts 
3. Trucking point.
4. Construction of new elevated tank.
5. Rehabilitation of generator and caretaker rooms
7. Pipelines rehabilitation.
7. Fancing of borehole",," the sources is 700 Km, away how is this possible?",,,,,,,,,,,,,,,
2022-03-31T09:39:58.049+03:00,2022-04-10T18:36:01.313+03:00,2022-03-31,borehole,2022-03-31,"Puntland Ministry of Energy, Minerals and Water",,"Khadra
M9hames
Barre",sool,Laas Caanood,Qoriley,1,not_specified,Turkey,2020-03-31,Qoriley BH,8.0165704 47.5668874 698.107666015625 4.288,8.0165704,47.5668874,698.107666,4.288,no,,,1,urban rural,TRUE,TRUE,http://classic.ona.io/api/v1/files/26071885?filename=faoso/attachments/553460_Water_Sources_Data_Form_Oct_2020/1648709014251.jpg,yes,,yes,,5600,5000,300,8000,0,460,pvc,8,,33,15,,1,,,,,,,,,,,,,,,,,,,,,Concrete/Masonry tank,20,Galvanised Steel,40,0,1,3,yes,5,18,Submersible Pump,,15,469,Hybrid - Solar/Generator,Parkins,60,,,good,,yes,Colorless and odorless ,31.8,7.9,2520,1688,,Communal,yes,2020-03-31,6,1,no,,no,,,,Muse xirse gaas,634498555,,,,,"1. Rehabilitation of pump  and riser pipes.
2. Construction of new koisks.
3. Extension pipelines.
4. Fancing of borehole.
",,,,,,,,,,,"BH dept is 460m, andpump level 469m, please clarify?",,,,,,
2022-03-31T17:22:31.501+03:00,2022-04-05T18:55:44.388+03:00,2022-03-31,borehole,2022-03-31,"Puntland Ministry of Energy, Minerals and Water",,"Khadra
Mohamed
Barre",togdheer,Buuhoodle,Xamar lagu xir,1,United Nations Children's Fund,,2022-03-28,Xamar lagu xir BH,8.1448754 46.5993502 608.94970703125 4.288,8.1448754,46.5993502,608.949707,4.288,no,,,1,,,,http://classic.ona.io/api/v1/files/25981852?filename=faoso/attachments/553460_Water_Sources_Data_Form_Oct_2020/1648736710564.jpg,yes,,no,"It is new borehole,  and water system under construction ",,,,,,360,pvc,8,239,15,,,2,,,,,,,,,,,,,,,,,,,,,,,,,,,,,,,,,,,,,,,,,,no,,,,,,,,,,,,,,,,,,,,,,,,"1. Installation of solar power 
2. Fencing of borehole ",,,,Water Usage type (urban/rural) is not indicated,,,,,,,,,,,Why was water quality not checked?,,
2022-04-01T16:44:43.038+03:00,2022-04-14T19:22:06.924+03:00,2022-04-01,borehole,2022-04-01,"Puntland Ministry of Energy, Minerals and Water",,"Khadra
Mohamed
Barre",togdheer,Buuhoodle,Farjano,1.7,not_specified,Government,2021-04-01,Farjano BH,8.6324827 46.570983 790.4522705078125 4.556,8.6324827,46.570983,790.4522705,4.556,no,,,1,urban rural,TRUE,TRUE,http://classic.ona.io/api/v1/files/26158741?filename=faoso/attachments/553460_Water_Sources_Data_Form_Oct_2020/1648820889388.jpg,yes,,yes,,1750,1400,,2150,0,480,pvc,8,,50,12,,0.2,,,,,,,,,,,,,,,,,,,,,Concrete/Masonry tank,50,PVC,,,0,2,yes,15,8,Submersible Pump,Lowara,15,350,Hybrid - Solar/Generator,Linz,50,DS572415M,23,good,Shortage of water supply ,yes,Colorless and odorless ,32.5,7.41,4140,2773,,Communal,yes,2021-04-01,5,0,yes,0.5,yes,0.1,0.1,0.1,Abdiweli aadam M9hamed,634494126,,,,,"1. Emergency for water supply 
 Construction of koisks 
2. Fancing 
3. Extension of pipelines",,,,,,,,,,,,,,,,,
2022-04-01T11:25:42.841+03:00,2022-04-08T09:47:51.494+03:00,2022-04-01,borehole,2022-04-01,"Puntland Ministry of Energy, Minerals and Water",,"Khadra
Mohamed 
Barre",togdheer,Buuhoodle,Buuhoodle,,,,2015-04-08,Qurax BH,8.2553215 46.3195529 646.6000366210938 4.288,8.2553215,46.3195529,646.6000366,4.288,no,,,2,urban rural,TRUE,TRUE,http://classic.ona.io/api/v1/files/26064431?filename=faoso/attachments/553460_Water_Sources_Data_Form_Oct_2020/1648802066998.jpg,yes,,yes,,1800,1500,450,2500,0,370,pvc,8,,14,12,,2,,,,,,,,,,,,,,,,,,,,,Concrete/Masonry tank,50,PVC,800,,4,2,yes,12,5,Submersible Pump,Lowara ,18.5,350,Hybrid - Solar/Generator,Parkins ,60,,,fair,,no,,,,,,,Private/Individual,,,,,yes,0.1,yes,0.1,0.1,0.1,,,,,,,"1. Rehabilitation of pipelines 
2. Rehabilitation koisks ",,,,,,,,,,,,,,,Why was water quality not checked?,,
2022-04-01T15:26:34.051+03:00,2022-04-06T20:32:44.124+03:00,2022-04-01,borehole,2022-04-01,"Puntland Ministry of Energy, Minerals and Water",,"Khadra
Mohamed 
Barre",togdheer,Buuhoodle,Ceegaag,,,,,Ceegaag BH,8.6169871 46.4945975 811.8255615234375 4.556,8.6169871,46.4945975,811.8255615,4.556,no,,,1,urban rural,TRUE,TRUE,http://classic.ona.io/api/v1/files/26005919?filename=faoso/attachments/553460_Water_Sources_Data_Form_Oct_2020/1648816177336.jpg,yes,,yes,,4500,1200,350,2400,0,380,pvc,8,,13,12,,2,,,,,,,,,,,,,,,,,,,,,Concrete/Masonry tank,92,PVC,500,5,3,2,yes,12,8,Submersible Pump,Lowara,15,340,Hybrid - Solar/Generator,Parkins,60,SZYL-M330-36,18,fair,,yes,Colorless and odorless ,31.8,7.4,4760,3189,Sampled,Communal,yes,,5,2,yes,0.1,yes,0.1,0.1,0.1,,,,,,,"1. Rehabilitation of koisks 
2. Construction of koisks",,,,,,,,,,,,,,,,,
2022-04-01T13:35:16.916+03:00,2022-04-04T18:47:18.157+03:00,2022-04-01,borehole,2022-04-01,"Puntland Ministry of Energy, Minerals and Water",,"Khadra
Mohamed 
Barre",togdheer,Buuhoodle,Shangalli,,United Nations Children's Fund,,2021-09-01,Shangalli BH,8.2825544 46.3119603 656.295654296875 3.43,8.2825544,46.3119603,656.2956543,3.43,no,,,1,urban rural,TRUE,TRUE,http://classic.ona.io/api/v1/files/25960273?filename=faoso/attachments/553460_Water_Sources_Data_Form_Oct_2020/1648809457773.jpg,yes,,yes,,750,800,150,1200,0,398,pvc,8,239,18,12,,2,,,,,,,,,,,,,,,,,,,,,Concrete/Masonry tank,50,PVC,50,0,2,2,yes,10,8,Submersible Pump,Lowara,15,350,Hybrid - Solar/Generator,Ceolmo,30,DS572400M,28,good,,yes,Colorless and odorless ,33,7.6,3830,2298,Sampled,Communal,yes,2021-11-01,4,0,yes,0.1,yes,0.05,0.05,0.1,Ahmed abdirazaaq Suleiman,634492181,United Nations Children's Fund,,1. Installation of solar power,2021-12-01,,,,,,,,,,,,,,,,,,
2022-04-01T09:53:07.534+03:00,2022-04-04T18:31:55.558+03:00,2022-04-01,borehole,2022-04-01,"Puntland Ministry of Energy, Minerals and Water",,"Khadra
Mohamed
Barre",togdheer,Buuhoodle,Buuhoodle,0,Community,,2012-04-01,Farah Bulley BH 2,8.2213759 46.3526494 631.072509765625 4.999,8.2213759,46.3526494,631.0725098,4.999,no,,,2,urban rural,TRUE,TRUE,http://classic.ona.io/api/v1/files/25959957?filename=faoso/attachments/553460_Water_Sources_Data_Form_Oct_2020/1648798634087.jpg,yes,,yes,,2100,2000,250,5200,0,374,pvc,8,,8,20,,4,,,,,,,,,,,,,,,,,,,,,Concrete/Masonry tank,92,PVC,4500,220,8,3,yes,12,8,Submersible Pump,Lowara,18.5,330,Hybrid - Solar/Generator,Parkins,65,SZYL-M330-36,23.1,fair,,yes,Colorless and odorless,32.6,8.15,3980,2388,,Communal,yes,2012-04-01,3,2,yes,0.1,yes,0.2,0,0.1,Abdixakim xaji ahmed,63449188,not_specified,PWDA,1. Rehabilitation of pump ,2022-01-01,"1. Installation of submersible pump 22 kW and cables
2. Rehabilitation of riser pipes 
3. Extension pipelines 
4. Extension and installation extra solar power.
5. Construction of generator room 
6. Fancing",,,,,,,,,,,,,,,,,
2022-04-01T17:30:02.222+03:00,2022-04-05T19:16:45.018+03:00,2022-04-01,borehole,2022-04-01,"Puntland Ministry of Energy, Minerals and Water",,Khadra,sool,Laas Caanood,YEyle,,British Protectorate,,1954-04-05,Eyle shalow well,8.6968279 46.6145572 764.420166015625 4.288,8.6968279,46.6145572,764.420166,4.288,no,,,1,urban rural,TRUE,TRUE,http://classic.ona.io/api/v1/files/25982385?filename=faoso/attachments/553460_Water_Sources_Data_Form_Oct_2020/1648823584233.jpg,yes,,yes,,3500,1200,400,1800,0,15,other,20,4,6,12,,2,,,,,,,,,,,,,,,,,,,,,Concrete/Masonry tank,20,PVC,1500,80,6,2,yes,10,8,No Pump,,,,,,,,,fair,,yes,"This dug well is open well, easily contaminated, colorness and has some smell, needed water quality testing",29.7,7.6,2540,1524,,Communal,yes,,4,2,no,,no,,,,Sead xirse aadan,634909852,,,,,"1. Water quality testing 
2. Full rehabilitation",,,,,,,,,,,,,,,,,
2022-04-01T14:57:12.491+03:00,2022-04-05T19:27:48.148+03:00,2022-04-01,borehole,2022-04-01,"Puntland Ministry of Energy, Minerals and Water",,Khadra,togdheer,Buuhoodle,Horufadhi,,International Committee of The Red Cross,,2019-04-01,Horufadhi BH,8.5796919 46.4102163 803.75537109375 4.402,8.5796919,46.4102163,803.7553711,4.402,no,,,1,urban rural,TRUE,TRUE,http://classic.ona.io/api/v1/files/25982533?filename=faoso/attachments/553460_Water_Sources_Data_Form_Oct_2020/1648814352499.jpg,yes,,abandoned,Needed deeply observation about the borehole problem ,,,,,,,pvc,8,,16,,,,,,,,,,,,,,,,,,,,,,,,Concrete/Masonry tank,60,PVC,1200,,4,4,no,,,,,,,,,,,,,,no,,,,,,,,,,,,no,,no,,,,,,,,,,"1. Drilling new borehole 
2. Deeply observation of borehole problem 
3. Pipelines rehabilitation ",,,,,,,,,,,,,,,Why was water quality not checked?,,
2022-04-01T08:25:55.357+03:00,2022-04-05T18:48:06.870+03:00,2022-04-01,borehole,2022-04-01,"Puntland Ministry of Energy, Minerals and Water",,"Khadra
Mohamrd
Barre
",togdheer,Buuhoodle,Xadhadhan,1.4,ISRC - Islamic Relief Committee,,2016-04-01,Xadhadhan BH,8.3000813 46.156516 660.45849609375 4.759,8.3000813,46.156516,660.4584961,4.759,no,,,1,urban rural,TRUE,TRUE,http://classic.ona.io/api/v1/files/25981857?filename=faoso/attachments/553460_Water_Sources_Data_Form_Oct_2020/1648790926470.jpg,yes,,no,"Year and half, problem of pump and cables",21000,,,,,373,pvc,8,,12,,,2,,,,,,,,,,,,,,,,,,,,,Concrete/Masonry tank,60,PVC,2000,30,4,4,no,,,Submersible Pump,Lowara,15,340,Hybrid - Solar/Generator,Parkins,60,SZYL-M330-36,23.1,fair,,no,,,,,,,Communal,yes,2016-04-01,3,2,yes,,,,,,Abdikarim Suleiman,63419723,CARE Somalia,,1. Rehabilitation of pump and cables,2019-04-01,"1. Emergency.
2. Installation of cables and pump. 
3. Rehabilitation of solar",,,,,,,,,,,,,,,Why was water quality not checked?,,
2022-04-01T10:10:27.918+03:00,2022-04-04T18:28:16.998+03:00,2022-04-01,borehole,2022-04-01,"Puntland Ministry of Energy, Minerals and Water",,"Khadra
Mohamed
Barre",togdheer,Buuhoodle,Buuhoodle,2,United Nations Children's Fund,,2006-04-01,Farah Bulley BH 1,8.2199418 46.3559417 630.0941162109375 4.716,8.2199418,46.3559417,630.0941162,4.716,no,,,2,urban rural,TRUE,TRUE,http://classic.ona.io/api/v1/files/25960207?filename=faoso/attachments/553460_Water_Sources_Data_Form_Oct_2020/1648800034756.jpg,yes,,no,"7 was not functioning, collapsed casing",,,,,0,370,gi,8,,,,,,,,,,,,,,,,,,,,,,,,,,Concrete/Masonry tank,92,PVC,500,,,,no,,,,,,,,,,,,,,no,,,,,,,Communal,yes,2004-04-01,3,2,no,,no,,,,Abdixakiim xaji,634491880,,,,,"1. Drilling new borehole.
2. Construction of elevated water tank.",,,,,,,,,,,,,,,Why was water quality not checked?,,
2022-04-03T12:43:56.288+03:00,2022-04-12T18:43:46.636+03:00,2022-04-03,borehole,2022-04-03,"Puntland Ministry of Energy, Minerals and Water",,"Khadra 
Mohamed
Barre",sool,Taleex,Sarmaanyo,1.5,,,2015-04-03,Sarmaanyo BH manji dheere,9.4810392 48.0022787 889.37548828125 4.824,9.4810392,48.0022787,889.3754883,4.824,no,,,2,urban rural,TRUE,TRUE,http://classic.ona.io/api/v1/files/26122523?filename=faoso/attachments/553460_Water_Sources_Data_Form_Oct_2020/1648979344273.jpg,yes,,yes,,5950,1350,,2800,0,300,pvc,8,,13,20,,3,,,,,,,,,,,,,,,,,,,,,Concrete/Masonry tank,24,PVC,70,,1,2,yes,20,8,Submersible Pump,Lowara,15,284,Generator,Parkins,50,,,good,,yes,Colorless and odorless ,34.8,7.4,4560,3055,,Communal,yes,2017-04-03,5,2,no,,yes,0.2,0.1,0.2,Abdicaziz mohamed,90763267,not_specified,PWDA,1. Riser pipes and pump and cables,2020-04-03,"1. Installation of solar power 
2. Animal troughts 
3. Construction of new elevated tank 
4. Construction Koisks 
5. Fancing of borehole",,,,,,,,,,,,,,,,,
2022-04-03T16:46:18.632+03:00,2022-04-17T09:27:02.505+03:00,2022-04-03,borehole,2022-04-03,"Puntland Ministry of Energy, Minerals and Water",,"Khadra
Mohamed 
Barre",sool,Taleex,Qalwo,2,United Nations Children's Fund,,2020-04-03,Qalwo BH,8.9263499 48.2875784 513.3340454101562 4.759,8.9263499,48.2875784,513.3340454,4.759,no,,,1,urban rural,TRUE,TRUE,http://classic.ona.io/api/v1/files/26188586?filename=faoso/attachments/553460_Water_Sources_Data_Form_Oct_2020/1648993681239.jpg,yes,,yes,,2450,1200,,2300,0,200,pvc,8,23,7.4,12,,6,,,,,,,,,,,,,,,,,,,,,Concrete/Masonry tank,40,PVC,2000,,3,3,yes,20,8,Submersible Pump,Lowara ,11,180,Generator,Parkins ,45,,,good,,no,,,,,,,Communal,yes,2020-08-17,4,0,yes,0.1,yes,0.1,0.1,0.1,Cismaan farah guuleed,907632455,,,,,"1. Extension pipelines 
2. Construction of new kiosks 
3. Water supply ",,,,,,,,,,,,,,,Why was water quality not checked?,,
2022-04-03T09:18:36.323+03:00,2022-04-11T19:22:56.739+03:00,2022-04-03,dugwell,2022-04-03,"Puntland Ministry of Energy, Minerals and Water",,"Khadra
Mohamed 
Barre",sool,Laas Caanood,Dhaban,1,Community,,1995-04-03,Dhaban dug well,9.3667833 47.5143175 681.59423828125 4.288,9.3667833,47.5143175,681.5942383,4.288,no,,,1,urban rural,TRUE,TRUE,http://classic.ona.io/api/v1/files/26100970?filename=faoso/attachments/553460_Water_Sources_Data_Form_Oct_2020/1648966855035.jpg,yes,,yes,,2800,450,,1050,0,,,,,,,,,10,,yes,5,10,,2,,,,,,,,,,,,,,Concrete/Masonry tank,16,PVC,450,,8,2,yes,10,6,Submersible Pump,,1.2,8,Hybrid - Solar/Generator,Parkins,20,GPS-300-380,15.7,good,,yes,Colornes and turbidity more than 5,30.3,7.6,9970,6679.9,,Communal,yes,2016-04-03,5,2,yes,0.05,yes,0.1,0.1,0.1,Abdi yusuf cise,63495182,USA International Development,,"1. Rehabilitation of shallow well
2. Installation of solar power",2021-04-03,1. Replacement of pump,,,,,,,,,,,,,,,,,
2022-04-03T15:47:31.082+03:00,2022-04-12T18:50:52.706+03:00,2022-04-03,dugwell,2022-04-03,"Puntland Ministry of Energy, Minerals and Water",,"Khadra
Mohamed
Barre",sool,Taleex,Carooley,0,Community,,2006-04-03,Carooley Dug well,8.85608 48.1468823 577.3338623046875 4.824,8.85608,48.1468823,577.3338623,4.824,no,,,1,rural urban,TRUE,TRUE,http://classic.ona.io/api/v1/files/26122594?filename=faoso/attachments/553460_Water_Sources_Data_Form_Oct_2020/1648990195219.jpg,yes,,yes,,3150,1220,120,2000,0,,,,,,,,,7,3,yes,4,15,,3,,,,,,,,,,,,,,Concrete/Masonry tank,20,PVC,2800,50,6,6,yes,10,8,Submersible Pump,Lowara,1.5,6,Hybrid - Solar/Generator,Parkins,30,,,fair,Needed full rehabilitation,yes,Colorless and odorless ,34.5,7.1,6080,4073,,Communal,yes,1977-04-03,4,2,no,,yes,0.1,0.1,0.1,Ismail abdi Ali shire,90761226,,,,,"1. Rehabilitation pipelines 
2. Rehabilitation of elevated water tank",,,,,,,,,,,,,,,,,
2022-04-03T10:40:22.217+03:00,2022-04-11T19:26:50.907+03:00,2022-04-03,borehole,2022-04-03,"Puntland Ministry of Energy, Minerals and Water",,Khadra,sool,Laas Caanood,Kulaal,1,United Nations Children's Fund,,2020-04-03,Kulaal BH,9.7485285 47.6493258 899.094482421875 4.824,9.7485285,47.6493258,899.0944824,4.824,no,,,1,rural urban,TRUE,TRUE,http://classic.ona.io/api/v1/files/26100971?filename=faoso/attachments/553460_Water_Sources_Data_Form_Oct_2020/1648971727724.jpg,yes,,yes,,3640,2500,250,5200,0,265,pvc,8,,12,15,,2,,,,,,,,,,,,,,,,,,,,,Concrete/Masonry tank,69,PVC,2500,,5,4,yes,10,8,Submersible Pump,Lowara,11,246,Hybrid - Solar/Generator,Lesory somer,30,DS572350M,16.8,good,,yes,Colorless and odorless ,32.8,7.57,3755,2515.8,,Communal,yes,2020-04-03,3,2,yes,0.05,yes,0.1,0.05,0.1,Abdulahi Yusuf,634991891,KAALO Relief and Development,,"1. Solar installation 
2. Riser pipes and pump replacement 
3. Rehabilitation of animal troughts 
4. Construction of elevated water tank",2020-04-03,"1. Construction of new elevated tank 
2. Rehabilitation of generator",,,,,,,,,,,,,,,,,
2022-04-03T11:50:23.321+03:00,2022-04-11T19:31:16.813+03:00,2022-04-03,borehole,2022-04-03,"Puntland Ministry of Energy, Minerals and Water",,"Khadra
Mohamed
Barre",sool,Xudun,Awr-boogays,0,,,2014-04-11,Awr-boogays BH,9.5707478 47.7542299 816.248291015625 4.931,9.5707478,47.7542299,816.248291,4.931,no,,,1,urban rural,TRUE,TRUE,http://classic.ona.io/api/v1/files/26100972?filename=faoso/attachments/553460_Water_Sources_Data_Form_Oct_2020/1648975977805.jpg,yes,,yes,,4200,1200,220,3500,0,170,pvc,8,,10,15,,2,,,,,,,,,,,,,,,,,,,,,Concrete/Masonry tank,20,PVC,500,0,2,3,yes,50,8,Submersible Pump,Grandfoss,11,157,Hybrid - Solar/Generator,Parkins,30,CS3W-41OP,26.2,good,,yes,Colorless and odorless ,33.5,7.28,4810,3222,,Communal,yes,2020-04-03,3,2,no,,yes,0.1,0.05,0.1,Ali abdi timaweyne,90777852,Norwegian Refugee Council,,1. Installation of solar power,2021-04-03,"1. Installation of generator 
2. Extension pipelines",,,,,,,,,,,,,,,,,
2022-04-03T16:22:03.520+03:00,2022-04-08T14:25:54.064+03:00,2022-04-03,borehole,2022-04-03,"Puntland Ministry of Energy, Minerals and Water",,Eng Yusuf Salad,sanaag,Laasqoray,Laasqoray,1,Somaliland Ministry of Water Resources Development,,2018-04-03,Laasqoray borehole,11.1799066 48.2423582 -3.0 4.54,11.1799066,48.2423582,-3,4.54,no,,,3,rural,TRUE,FALSE,http://classic.ona.io/api/v1/files/26037820?filename=faoso/attachments/553460_Water_Sources_Data_Form_Oct_2020/1648992444122.jpg,yes,,yes,,600,300,,1200,0.5,22,pvc,8,21,5,8,,,,,,,,,,,,,,,,,,,,,,,Concrete/Masonry tank,,Galvanised Steel,50,,1,2,yes,3,6,Submersible Pump,Lowara,,,Solar,,,,,poor,"Distribution pipes are rusted.
",no,,34.6,8.1,2810,1400,,Communal,no,,,,yes,0.03,yes,0.1,,0.1,Yusuf Maxamuud Kulan,907746463,Community_e,,Construction of animal water troughs ,2020-09-09,"1: Pipes
2: Tools such as pipe accessories.
3: Construction of new borehole that has a less salinity",,,,,,,,,,,,,,,,,
2022-04-03T11:35:02.882+03:00,2022-04-08T13:39:14.259+03:00,2022-04-03,borehole,2022-04-03,"Puntland Ministry of Energy, Minerals and Water",,Eng Yusuf Salad,bari,Bossaso,Qaw,4,Red Crescent Society for United Arab Emirates,,2014-01-03,Qaw Borehole 2,11.2090933 48.9855167 0.8000000000000043 5.0,11.2090933,48.9855167,0.8,5,no,,,2,urban,FALSE,TRUE,http://classic.ona.io/api/v1/files/26037281?filename=faoso/attachments/553460_Water_Sources_Data_Form_Oct_2020/1648976040808.jpg,yes,,no,"27/02/2022
Due to the increased fuel prices",420,,,,,68,pvc,8,,,4,,,,,,,,,,,,,,,,,,,,,,,Concrete/Masonry tank,,Stainless Steel,4000,80,,,no,,,Submersible Pump,Lowara,,60,Generator,Perkins,30,,,poor,Distribution pipes are rusted.,no,,34,7.8,1580,790,,Communal,yes,2013-01-03,4,3,yes,0.2,,,,,Saciid Maxamed Jamac,907527635,CARE Somalia,,"1.Rehabilitation of the Generator rooms 
2.Generator,  cable, submersible 
3.GI Pipes 
4.Access Road construction 
5.Construction of elevated tank,",2021-03-01,"1: Solar
2: Rehabilitation of water supply pipes 
3: Replacement of main raising pipes and submersible pump
4: Caretaker room",,,,,,,,,,,,,,,,,
2022-04-03T08:12:20.249+03:00,2022-04-11T19:21:49.802+03:00,2022-04-03,dugwell,2022-04-03,"Puntland Ministry of Energy, Minerals and Water",,"Khadra 
Mohamed 
Barre",sool,Laas Caanood,Xudun,0,Community,,2007-04-03,Xudun dug well,9.1538636 47.4780043 598.542236328125 4.645,9.1538636,47.4780043,598.5422363,4.645,no,,,2,urban,FALSE,TRUE,http://classic.ona.io/api/v1/files/26100969?filename=faoso/attachments/553460_Water_Sources_Data_Form_Oct_2020/1648962826058.jpg,yes,,yes,,4500,,,,,,,,,,,,,10,,yes,5,12,,3,,,,,,,,,,,,,,Concrete/Masonry tank,86,PVC,1500,50,10,0,yes,20,6,Submersible Pump,Grandfoss,1.2,3,Hybrid - Solar/Generator,,5,,8,fair,,yes,Colorless and odorless ,29.5,7.5,4500,3015,,Communal,yes,1989-04-03,4,3,yes,0,no,,,,Hasan cawil,63490295,Danish Refugee Council (Regional Office),,1. Construction of elevated water tank,2022-04-03,"1. Rehabilitation of generator 
2. Extension pipelines 
3. Rehabilitation of dug well.",,,,,,,,,,,,,,,,,
2022-04-03T14:22:05.933+03:00,2022-04-12T18:47:28.136+03:00,2022-04-03,borehole,2022-04-03,"Puntland Ministry of Energy, Minerals and Water",,Khadra,sool,Taleex,God aale,1,Norwegian Peoples Aid,,2015-04-03,God aaale BH,9.0939522 47.9156799 669.662353515625 4.824,9.0939522,47.9156799,669.6623535,4.824,no,,,1,urban rural,TRUE,TRUE,http://classic.ona.io/api/v1/files/26122575?filename=faoso/attachments/553460_Water_Sources_Data_Form_Oct_2020/1648985056523.jpg,yes,,yes,,3500,850,,1150,0,150,pvc,8,,13.3,20,,2,,,,,,,,,,,,,,,,,,,,,Concrete/Masonry tank,20,PVC,2000,100,4,4,yes,2,8,Submersible Pump,Lowara,15,133,Hybrid - Solar/Generator,Parkins,30,DS72350M,24.5,good,,yes,Colorless and odorless ,36.1,7.51,3110,2083,,Communal,no,,,,no,,no,,,,Andinasir jama abdu,90763349,Norwegian Refugee Council,,1. Installation of solar power,2018-04-03,"1. Extension of pipelines 
2. Rehabilitation of animal troughts 
3. Rehabilitation riser and pump/cables.",,,,,,,,,,,,,,,,,
2022-04-03T20:38:38.392+03:00,2022-04-19T20:56:26.220+03:00,2022-04-03,borehole,2022-04-03,Somalia Water and Land Information Management,,"Khadra
Mohamed 
Barre",sool,Taleex,Kacaya,0.2,Community,,2018-03-03,Kacaya BH,8.9132843 48.6157183 491.60992431640625 3.216,8.9132843,48.6157183,491.6099243,3.216,no,,,1,rural urban,TRUE,TRUE,http://classic.ona.io/api/v1/files/26221520?filename=faoso/attachments/553460_Water_Sources_Data_Form_Oct_2020/1649008059230.jpg,yes,,yes,,1000,400,0,600,0,150,pvc,8,125,24,12,0,0,,,,,,,,,,,,,,,,,,,,,Concrete/Masonry tank,60,Galvanised Steel,300,100,0,3,yes,3,20,Submersible Pump,,12,130,Generator,Perkins,60,,,poor,They need water supply distribution,yes,Colorless and odorless ,30,7.7,4000,2680,,Communal,yes,2018-06-03,4,2,no,,no,,,,Cabdi shire ciise,907217085,ISRC - Islamic Relief Committee,,"Construction  of water tank
Construction of motor keeping and wash man
Extended pipelines",2018-06-03,"Rehabilitation of raising pipes
Rehabilitation of pipelines 
Construction  of new kiosks 
Rehabilitation  of animal troughts",,,,,,,,,,,,,,,,,
2022-04-03T17:38:06.058+03:00,2022-04-08T14:34:52.021+03:00,2022-04-03,dugwell,2022-04-03,"Puntland Ministry of Energy, Minerals and Water",,Eng Yusuf Salad,sanaag,Laasqoray,Laasqoray,200,Somaliland Ministry of Water Resources Development,,2016-01-01,Laasqoray Duggwell,11.1629139 48.1990925 -18.599999999999998 4.833,11.1629139,48.1990925,-18.6,4.833,no,,,3,urban,FALSE,TRUE,http://classic.ona.io/api/v1/files/26037948?filename=faoso/attachments/553460_Water_Sources_Data_Form_Oct_2020/1649047406282.jpg,yes,,yes,,2000,,,,,,,,,,,,,4,2.5,yes,5,12,,,,,,,,,,,,,,,,Concrete/Masonry tank,32,PVC,3000,,4,,no,,,Submersible Pump,Grundfose,,4,Solar,,,,15,fair,300 m of GI pipes are rusting condition,no,,35,8,2230,1117,,Communal,yes,2000-01-01,3,2,no,,no,,,,Saciid Maxamed Ibraahim,907656834,Community_e,,"1: Replacement Submersible pump and raising pipes
2: Replacement of rusted distrubution pipes.
",2019-01-01,"1: Construction of another water tank for larger capacity in order to supply water system for the increasing town houses 
2: Rehabilitation of the current water tank
3: Generator 
4: Fuel",,"the sources is 200 Km away, how is this possible?",,,,,,,,,,,,,,,
2022-04-03T07:35:03.964+03:00,2022-04-12T18:59:55.400+03:00,2022-04-03,dugwell,2022-04-03,"Puntland Ministry of Energy, Minerals and Water",,"Khadra
Mohamed
Barre",sool,Laas Caanood,Duudshabeel,0,Community,,1992-04-03,Duudshabeel dug well,8.9388005 47.4434569 521.7464599609375 4.824,8.9388005,47.4434569,521.74646,4.824,no,,,1,rural,TRUE,FALSE,http://classic.ona.io/api/v1/files/26122514?filename=faoso/attachments/553460_Water_Sources_Data_Form_Oct_2020/1648960661634.jpg,yes,,yes,,500,,,850,0,,,,,,,,,10,,yes,3,7,,2,,,,,,,,,,,,,,Concrete/Masonry tank,25,PVC,120,,1,2,yes,3,6,No Pump,,,,,,,,,fair,Poor of water supply ,yes,Colorness and this source needs full water quality testing,28.2,7.8,2500,1675,,Communal,no,,,,no,,no,,,,Mohamed farah ,,not_specified,,"1. Construction of ground water tank
2. Construction of koisks",2018-04-03,1. Rehabilitation of dug well,,,,,,,,,,,,,,,,,
2022-04-04T11:42:16.767+03:00,2022-04-08T16:16:37.421+03:00,2022-04-04,borehole,2022-04-04,"Puntland Ministry of Energy, Minerals and Water",,Eng Yusuf Salad,sanaag,Laasqoray,Ceelaayo,5,Red Crescent Society for United Arab Emirates,,2013-05-01,Ceelaayo borehole,11.2238021 48.9195977 -10.299999999999997 2.933,11.2238021,48.9195977,-10.3,2.933,no,,,1,rural urban,TRUE,TRUE,http://classic.ona.io/api/v1/files/26040371?filename=faoso/attachments/553460_Water_Sources_Data_Form_Oct_2020/1649064675444.jpg,yes,,yes,,1500,600,,2000,1,40,gi,10,20,10,4,,2,,,,,,,,,,,,,,,,,,,,,Concrete/Masonry tank,40,Galvanised Steel,5200,,4,2,no,,,Submersible Pump,Lowara,,33,Hybrid - Solar/Generator,Perkins,40,,13.5,poor,Pipelines is in a bad condition,no,,35.3,8.4,2360,1488,,Communal,yes,2020-01-01,4,2,no,,no,,,,Cawil Maxamed Ismacil,907343232,CARE Somalia,,"Construction of kiosks 
Rehabilitation of water tank 
Submersible pump and a Generator",2020-05-01,"1.Replacement of supply system into a PVC
2.Another elevated water tank, because the current water tank can't supply fully 
3.wire Fencing of the solar system and the Generator room.
4. Five kiosks.
5.Rehabilitation of the Solar panels
6. Another water tank for the Agricultural use, 
N.B
because the care taker of the borehole and the fuel of the Generator, gets an income from the Agriculture keeps running the system.",,,,,,,,,,,,,,,,,
2022-04-03T15:54:07.711+03:00,2022-04-08T14:11:07.529+03:00,2022-04-03,dugwell,2022-04-04,"Puntland Ministry of Energy, Minerals and Water",,Eng Yusuf Salad,sanaag,Laasqoray,Laasqoray,5,Former Somali Government,,1985-01-01,Laas macaan dugwell,11.1870208 48.2353037 -0.29999999999999716 4.86,11.1870208,48.2353037,-0.3,4.86,no,,,2,urban,FALSE,TRUE,http://classic.ona.io/api/v1/files/26037595?filename=faoso/attachments/553460_Water_Sources_Data_Form_Oct_2020/1648990971531.jpg,yes,,yes,,600,,,,,,,,,,,,,6,4,yes,3,12,,,,,,,,,,,,,,,,Concrete/Masonry tank,6,PVC,,3,4,,yes,2,5,Submersible Pump,Lowara,,,Solar,,,,,fair,"Yield is very low.
No good solar power system.",no,,34.5,7.9,905,450,,Communal,no,,,,no,,no,,,,Yusuf maxamuud kulan,7746463,Community_e,,Replacement of rusted distribution pipe lines.,2021-12-13,"1: Replacement of main raising pipes and submersible pump
2: Replacement of of rusted distribution pipe lines.
3: Construction of new borehole due to the demand of water",,,,,,,,,,,,,,,,,
2022-04-04T09:27:35.562+03:00,2022-04-08T13:59:58.991+03:00,2022-04-04,dugwell,2022-04-04,"Puntland Ministry of Energy, Minerals and Water",,Yusuf salad,sanaag,Laasqoray,Durduri,0.5,not_specified,Lasqoray concern,2005-08-05,Durduri dugwell,11.2962838 48.5848273 -10.400000000000002 4.8,11.2962838,48.5848273,-10.4,4.8,no,,,1,rural urban,TRUE,TRUE,http://classic.ona.io/api/v1/files/26037480?filename=faoso/attachments/553460_Water_Sources_Data_Form_Oct_2020/1649054265504.jpg,yes,,yes,,1200,500,100,3000,,,,,,,,,,6,3,yes,6,15,,,,,,,,,,,,,,,,Concrete/Masonry tank,50,Galvanised Steel,420,,2,1,yes,2,9,Submersible Pump,Grunfos,,5,Solar,,,,,fair,"The yield of dugwell is low
There is no good storage water.",no,,34.4,7.9,2230,1117,,Communal,no,,,,no,,no,,,,Cumar adan salax,6233177,"Puntland Ministry of Energy, Minerals and Water",,Installation of solar power system,2021-01-04,"1: Construction of new elevated water tank
2: Generator.
3: Replacement of main raising pipes and submersible pump.
4: Construction of caretaker room.",,,,,,,,,,,,,,,,,
2022-04-05T10:24:01.563+03:00,2022-04-21T16:59:10.179+03:00,2022-04-05,borehole,2022-04-05,"Puntland Ministry of Energy, Minerals and Water",,Eng mohamed muse abdi,bari,Bossaso,Girible,4,Gumco company,,2010-11-05,Girible borehole,11.2394151 49.2154859 43.89999999999999 4.76,11.2394151,49.2154859,43.9,4.76,no,,,14,urban,FALSE,TRUE,http://classic.ona.io/api/v1/files/26254371?filename=faoso/attachments/553460_Water_Sources_Data_Form_Oct_2020/1649143655055.jpg,yes,,yes,,,,,,,78,pvc,8,40,15,21,,,,,,,,,,,,,,,,,,,,,,,Steel tank,,PVC,,,,,,,,Submersible Pump,,,77,Generator,Eveco,120,,,,,no,,32.2,7.3,2370,1200,,Private-Public-Partnership,,,,,yes,0.026,,,,,Gumco water company,7727121,Gumco company,,Replacement of main raising pipes and submersible pump.,2021-08-26,"1: Solar with battery.
2: Pump and pipes.
3: electric cable.
4: Construction of another borehole due to water demand.",,,,,,,,,,,,,,,,,
2022-04-05T10:30:03.946+03:00,2022-04-20T11:20:14.461+03:00,2022-04-05,borehole,2022-04-05,"Puntland Ministry of Energy, Minerals and Water",,Eng mohamed muse abdi,bari,Bossaso,Girible,4,Gumco company,,2010-07-10,Koobi borehole,11.2388532 49.2137221 43.89999999999999 3.3,11.2388532,49.2137221,43.9,3.3,no,,,14,urban,FALSE,TRUE,http://classic.ona.io/api/v1/files/26229789?filename=faoso/attachments/553460_Water_Sources_Data_Form_Oct_2020/1649143908851.jpg,yes,,yes,,,,,,,82,pvc,8,50,14,21,,,,,,,,,,,,,,,,,,,,,,,Steel tank,,PVC,,,,,,,,Submersible Pump,Lowara,,81,Generator,Eveco,120,,,,,no,,32.2,7.3,2370,1200,,Private-Public-Partnership,,,,,yes,0.026,no,,,,Gumco water company,7727121,Gumco company,,Replacement of main raising pipes and submersible pump,2021-06-11,"1: Replacement of main raising pipes
2: Submersible pump
3: Solar power system
4: pipes",,,,,,,,,,,,,,,,,
2022-04-05T10:32:55.073+03:00,2022-04-20T11:07:18.314+03:00,2022-04-05,borehole,2022-04-05,"Puntland Ministry of Energy, Minerals and Water",,Eng mohamed muse abdi,bari,Bossaso,Girible,4,Gumco company,,2019-08-07,Shanle borehole,11.2393676 49.2127934 43.8 3.9,11.2393676,49.2127934,43.8,3.9,no,,,14,urban,FALSE,TRUE,http://classic.ona.io/api/v1/files/26229582?filename=faoso/attachments/553460_Water_Sources_Data_Form_Oct_2020/1649144077893.jpg,yes,,yes,,,,,,,77,pvc,8,50,13,21,,,,,,,,,,,,,,,,,,,,,,,Steel tank,,PVC,,,,,,,,Submersible Pump,Lowara,,76,Generator,Eveco,120,,,,,no,,32.2,7.3,2370,1200,,Private-Public-Partnership,,,,,yes,0.026,,,,,Gumco water company,7727121,Gumco company,,Replacement of main raising pipes and submersible pump,2022-03-11,"1: Solar power system.
2: Pipes and submersible pump",,,,,,,,,,,,,,,,,
2022-04-05T09:36:50.257+03:00,2022-04-20T10:51:24.993+03:00,2022-04-05,borehole,2022-04-05,"Puntland Ministry of Energy, Minerals and Water",,Eng mohamed muse abdi,bari,Bossaso,Aaran,3,Gumco company,,2008-06-08,Aaran borehole 1,11.2417607 49.2070245 49.89999999999999 4.92,11.2417607,49.2070245,49.9,4.92,no,,,14,urban,FALSE,TRUE,http://classic.ona.io/api/v1/files/26229217?filename=faoso/attachments/553460_Water_Sources_Data_Form_Oct_2020/1649142426173.jpg,yes,,yes,,,,,,,50,pvc,8,40,13,21,,,,,,,,,,,,,,,,,,,,,,,Concrete/Masonry tank,,PVC,,,,,,,,Submersible Pump,Lowara,,49,Generator,Perkins,80,,,good,,no,,32.2,7.3,2370,1200,,Private-Public-Partnership,,,,,yes,0.026,,,,,Gumco water company,7727121,Gumco company,,Replacement of main raising pipes and submersible pump,2022-01-14,"Installation of solar power system.
Pipe line.",,,,,,,,,,,,,,,,,
2022-04-05T10:18:13.779+03:00,2022-04-20T10:49:43.682+03:00,2022-04-05,borehole,2022-04-05,"Puntland Ministry of Energy, Minerals and Water",,Eng mohamed muse abdi,bari,Bossaso,Girible,4,Gumco company,,2010-08-04,Mire borehole,11.2399293 49.2148956 44.89999999999999 5.0,11.2399293,49.2148956,44.9,5,no,,,14,urban,FALSE,TRUE,http://classic.ona.io/api/v1/files/26229192?filename=faoso/attachments/553460_Water_Sources_Data_Form_Oct_2020/1649143329252.jpg,yes,,yes,,,,,,,76,pvc,8,50,11,21,,,,,,,,,,,,,,,,,,,,,,,Steel tank,,PVC,,,,,,,,Submersible Pump,Lowara,,75,Generator,Eveco,120,,,,,no,,32.2,7.3,2370,1200,,Private-Public-Partnership,,,,,yes,0.026,,,,,Gumco water company,7727121,Gumco company,,Replacement of main raising pipes and submersible pump.,2021-10-15,"1: Installation of solar power system.
2: Pipes and submersible pump
3: Construction of toilet",,,,,,,,,,,,,,,,,
2022-04-05T10:41:33.713+03:00,2022-04-21T16:48:19.536+03:00,2022-04-05,borehole,2022-04-05,"Puntland Ministry of Energy, Minerals and Water",,Eng mohamed muse abdi,bari,Bossaso,Raf iyo raaxo,1,Gumco company,,2018-09-05,Waadikhayr borehole,11.2567572 49.1954006 19.5 3.0,11.2567572,49.1954006,19.5,3,no,,,14,urban,FALSE,TRUE,http://classic.ona.io/api/v1/files/26254242?filename=faoso/attachments/553460_Water_Sources_Data_Form_Oct_2020/1649145033511.jpg,yes,,yes,,,,,,,79,pvc,8,50,13,20,,,,,,,,,,,,,,,,,,,,,,,Steel tank,,PVC,,,,,,,,Submersible Pump,Lowara,,78,Generator,Perkins,65,,,,,no,,32.2,7.3,2370,1200,,Private-Public-Partnership,,,,,yes,0.026,,,,,Gumco water company,7727121,Gumco company,,Replacement of main raising pipes and submersible pump.,2021-07-05,"1: Solar power system and solar power storage ( battery)
2: Generator 
3: pipe line and submersible pump",,,,,,,,,,,,,,,,,
2022-04-05T09:47:46.492+03:00,2022-04-20T10:56:19.401+03:00,2022-04-05,borehole,2022-04-05,"Puntland Ministry of Energy, Minerals and Water",,Eng mohamed muse abdi,bari,Bossaso,Aaran,3,Gumco company,,2008-12-06,Aaran borehole 2,11.2415982 49.2066493 41.39999999999999 4.25,11.2415982,49.2066493,41.4,4.25,no,,,14,urban,FALSE,TRUE,http://classic.ona.io/api/v1/files/26229296?filename=faoso/attachments/553460_Water_Sources_Data_Form_Oct_2020/1649144354544.jpg,yes,,yes,,,,,,,70,pvc,8,50,10,20,,,,,,,,,,,,,,,,,,,,,,,Steel tank,,PVC,,,,,,,,Submersible Pump,Lowara,,69,Generator,Perkins,80,,,fair,Yield is low,no,,32.2,7.3,2370,1200,,Private-Public-Partnership,,,,,yes,0.026,,,,,Gumco water company,7727121,Gumco company,,Replacement of main raising pipes and submersible pump,2021-11-05,"Installation of solar power system.
Distribution pipes",,,,,,,,,,,,,,,,,
2022-04-05T10:10:08.246+03:00,2022-04-20T11:23:15.088+03:00,2022-04-05,borehole,2022-04-05,"Puntland Ministry of Energy, Minerals and Water",,Eng mohamed muse abdi,bari,Bossaso,Aaran,3,,,,Saynab borehole,11.2430876 49.2090253 56.599999999999994 4.925,11.2430876,49.2090253,56.6,4.925,no,,,14,urban,FALSE,TRUE,http://classic.ona.io/api/v1/files/26229825?filename=faoso/attachments/553460_Water_Sources_Data_Form_Oct_2020/1649142746586.jpg,yes,,yes,,,,,,,77,pvc,8,50,10,20,,,,,,,,,,,,,,,,,,,,,,,Steel tank,,PVC,,,,,,,,Submersible Pump,Lowara,,76,Generator,Perkins,80,,,,,no,,32.2,7.3,2370,1200,,Private-Public-Partnership,,,,,yes,0.026,,,,,Gumco water company,7727121,Gumco company,,Replacement of main raising pipes and submersible pump,2021-10-05,"Solar power system.
Distribution pipes.
Pump.",,,,,,,,,,,,,,,,,
2022-04-05T08:51:28.589+03:00,2022-04-20T10:45:59.618+03:00,2022-04-05,dugwell,2022-04-05,"Puntland Ministry of Energy, Minerals and Water",,Yusuf salad,bari,Bossaso,Madaxtooyo,5,Gumco company,,2017-08-06,Madaxtooyo borehole 1,11.2804433 49.2052 -2.3000000000000043 4.8,11.2804433,49.2052,-2.3,4.8,no,,,14,urban,FALSE,TRUE,http://classic.ona.io/api/v1/files/26229152?filename=faoso/attachments/553460_Water_Sources_Data_Form_Oct_2020/1649145864981.jpg,yes,,yes,,,,,,,,,,,,,,,21,19,yes,38,21,,,,,,,,,,,,,,,,Concrete/Masonry tank,,PVC,,,,,,,,Submersible Pump,Lowara,,21,Generator,Perkins,165,,,good,,no,,32.2,7.3,2370,1200,,Private-Public-Partnership,,,,,yes,0.026,,,,,Gumco water company,7727121,Gumco company,,Replacement of main raising pipes and submersible pump,2022-02-05,"Pipes and submersible pump
 installation of solar power system
Construction of water tank",,,,,,,,,,,,,,,,,
2022-04-05T09:16:22.201+03:00,2022-04-20T11:25:43.149+03:00,2022-04-05,dugwell,2022-04-05,"Puntland Ministry of Energy, Minerals and Water",,Eng Mohamed Muse Abdi,bari,Bossaso,Madaxtooyo,5,Gumco company,,2019-09-12,Madaxtooyo dugwell 2,11.2800083 49.2059333 -1.5 2.9,11.2800083,49.2059333,-1.5,2.9,no,,,14,urban,FALSE,TRUE,http://classic.ona.io/api/v1/files/26229875?filename=faoso/attachments/553460_Water_Sources_Data_Form_Oct_2020/1649146048430.jpg,yes,,yes,,,,,,,,,,,,,,,27,23,yes,38,21,,,,,,,,,,,,,,,,Concrete/Masonry tank,,PVC,,,,,,,,Submersible Pump,Lowara,,26,Generator,Perkins,165,,,good,,no,,32.2,7.3,2370,1200,,Private-Public-Partnership,,,,,yes,0.026,yes,,,,Gumco water company,7727121,Gumco company,,Replacement of main rasing pipes and submersible pump,2022-01-05,"1: Extention of pipe line
2: Construction of storage water tank
3: Solar power system",,,,,,,,,,,,,,,,,
2022-04-05T09:29:09.197+03:00,2022-04-20T12:06:42.197+03:00,2022-04-05,dugwell,2022-04-05,"Puntland Ministry of Energy, Minerals and Water",,Eng mohamed muse abdi,bari,Bossaso,Madaxtooyo,5,Gumco company,,2020-01-05,Madaxtooyo dugwell 3,11.2798887 49.2059442 -1.5 3.86,11.2798887,49.2059442,-1.5,3.86,no,,,14,urban,FALSE,TRUE,http://classic.ona.io/api/v1/files/26230457?filename=faoso/attachments/553460_Water_Sources_Data_Form_Oct_2020/1649146168248.jpg,yes,,yes,,,,,,,,,,,,,,,28,24,yes,38,21,,,,,,,,,,,,,,,,Concrete/Masonry tank,,PVC,,,,,,,,Submersible Pump,Lowara,,27,Generator,Perkins,165,,,good,,no,,32.2,7.3,2370,1200,,Private-Public-Partnership,,,,,yes,0.026,,,,,Gumco water company,7727121,Gumco company,,Replacement of main raising pipes,2022-01-06,"1: Solar
2: Construction of storage water tank",,,,,,,,,,,,,,,,,
2022-04-06T10:52:03.170+03:00,2022-04-23T10:45:01.306+03:00,2022-04-06,borehole,2022-04-06,"Puntland Ministry of Energy, Minerals and Water",,Eng mohamed muse abdi,bari,Bossaso,Baalade,3,not_specified,Italian agency,1998-08-25,Hiirad borehole,11.264912 49.175253 -3.94512939453125 4.89,11.264912,49.175253,-3.945129395,4.89,no,,,14,urban,FALSE,TRUE,http://classic.ona.io/api/v1/files/26278984?filename=faoso/attachments/553460_Water_Sources_Data_Form_Oct_2020/1649232675652.jpg,yes,,yes,,,,,,,28,pvc,10,17,20,18,,,,,,,,,,,,,,,,,,,,,,,Steel tank,,PVC,,,,,,,,Submersible Pump,Luwara,,27,Generator,Perkins,45,,,good,"These borehole supplies water to a shared water tank.
Thus the HH connected to this water source is not available",no,,32.2,7.3,2370,1200,,Private-Public-Partnership,,,,,yes,0.026,,,,,Gumco water company,907727121,Gumco company,,Replacement of main raising pipes and submersible pump.,2022-01-07,"1.Solar with storage battery
2.pipes 
3.submersible pump",,,,,,,,,,,,,,,,,
2022-04-06T10:47:46.493+03:00,2022-04-20T12:23:19.445+03:00,2022-04-06,borehole,2022-04-06,"Puntland Ministry of Energy, Minerals and Water",,Yusuf salad,bari,Bossaso,Baalade,4,not_specified,Italian agency,1998-12-10,Jaamac nuur borehole,11.2677898 49.1657594 -15.813446044921875 4.424,11.2677898,49.1657594,-15.81344604,4.424,no,,,14,urban,FALSE,TRUE,http://classic.ona.io/api/v1/files/26230730?filename=faoso/attachments/553460_Water_Sources_Data_Form_Oct_2020/1649231450945.jpg,yes,,yes,,,,,,,26,pvc,8,18,16,16,,,,,,,,,,,,,,,,,,,,,,,Steel tank,,PVC,,,,,,,,Submersible Pump,Lowara,,25,Generator,Perkins,65,,,,,no,,32.2,7.3,2370,1200,,Private-Public-Partnership,,,,,yes,0.026,,,,,Gumco water company,7727121,Gumco company,,Replacement of main raising pipes and submersible pump,2022-02-02,"Solar.
Pipes and submersible pump.",,,,,,,,,,,,,,,,,
2022-04-03T10:54:13.948+03:00,2022-04-08T13:32:50.901+03:00,2022-04-03,borehole,2022-04-07,"Puntland Ministry of Energy, Minerals and Water",,Eng Yusuf Salad,bari,Bossaso,Qaw,5,not_specified,Kuwait charity,2013-01-01,Qaw borehole 1,11.2097018 48.9873742 0.8000000000000043 4.95,11.2097018,48.9873742,0.8,4.95,no,,,1,urban,FALSE,TRUE,http://classic.ona.io/api/v1/files/26037212?filename=faoso/attachments/553460_Water_Sources_Data_Form_Oct_2020/1648973315526.jpg,yes,,yes,,420,,,,,36,pvc,8,20,,8,,,,,,,,,,,,,,,,,,,,,,,Concrete/Masonry tank,,Galvanised Steel,4000,80,,,no,,,Submersible Pump,,,33,Hybrid - Solar/Generator,Perkins,30,,,poor,Distribution pipes are rusted,no,,33,7.8,1580,790,,Communal,yes,2013-01-06,4,3,yes,0.2,no,,,,Saciid Maxamed Jamac,907527635,KAALO Relief and Development,,Solar,2021-12-08,"1: Pipelines Rehabilitation 
2: Caretaker room
3: Water tank Rehabilitation 
4: Toilets",,,,,,,,,,,,,,,,,
2022-04-09T11:06:46.051+03:00,2022-04-20T14:27:12.415+03:00,2022-04-09,spring,2022-04-09,"Puntland Ministry of Energy, Minerals and Water",,Eng mohamed muse abdi,bari,Bossaso,Laag,0.33,not_specified,Italiano agency,2000-06-12,Laag spring,11.0384527 49.1842985 201.7 4.94,11.0384527,49.1842985,201.7,4.94,no,,,3,rural urban,TRUE,TRUE,http://classic.ona.io/api/v1/files/26233018?filename=faoso/attachments/553460_Water_Sources_Data_Form_Oct_2020/1649492168551.jpg,yes,,yes,,1800,200,,2000,5,,,,,,,,,,,,,,,,,,,,,,yes,12,,,,,,Concrete/Masonry tank,12,Galvanised Steel,,20,7,,yes,4,10,Submersible Pump,Lowara,,2,Hybrid - Solar/Generator,Perkins,9,,1.5,fair,"No animal troughs.
Water kiosks are not enough to the village.",no,,32.1,7.4,948,474,,Communal,yes,2020-06-09,4,3,yes,0.006,yes,0.1,,0.1,Samatar siciid cali,7732799,CARE Somalia,,"Installation of solar power system.
Construction of elevated water tank.",2020-09-10,"1: Increasing of solar panels.
2: Replacement of rusted iron distribution pipes
3: Extra pipes as a safety.",,,,,,,,,,,,,,,,,
2022-04-09T14:50:17.981+03:00,2022-04-21T14:11:10.315+03:00,2022-04-09,borehole,2022-04-09,"Puntland Ministry of Energy, Minerals and Water",,Mohamed Muse Cabdi,sanaag,Laasqoray,Cawsane,8,Islamic Relief Somalia,,2017-01-01,Cawsane borehole,10.6342557 48.7897314 772.0 4.9,10.6342557,48.7897314,772,4.9,no,,,1,rural urban,TRUE,TRUE,http://classic.ona.io/api/v1/files/26251647?filename=faoso/attachments/553460_Water_Sources_Data_Form_Oct_2020/1649506478192.jpg,yes,,yes,,3000,2000,,7000,,205,pvc,8,145,10,17,,,,,,,,,,,,,,,,,,,,,,,Concrete/Masonry tank,50,Stainless Steel,8000,7,3,3,yes,12,9,Submersible Pump,Luwara,,153,Hybrid - Solar/Generator,Perkins,40,BR-M250W,17,fair,,no,,32.1,7.6,2150,1077,,Communal,yes,2018-01-01,3,2,no,,yes,0.1,,0.1,Axmed Ciise warsame,907714697,Norwegian Refugee Council,,Replacement of main raising pipes and the cable,2022-02-01,"1: Pipelines are leaking.
2: Generator room's Roof Rehabilitation. 
3: Construction of store room.
4: They need some kind of intervention about the Increased fuel prices.
5: Amergency construction of another borehole due to water demand.
6: Solar power storage( battery)
",,,,,,,,,,,,,,,,,
2022-04-09T12:55:18.870+03:00,2022-04-22T22:21:08.328+03:00,2022-04-09,dugwell,2022-04-09,"Puntland Ministry of Energy, Minerals and Water",,Eng Yusuf salad,bari,Bossaso,Yalho,1.5,CARE Somalia,,2014-01-01,Yalho dhugwell,10.9206903 49.2572814 371.3 4.78,10.9206903,49.2572814,371.3,4.78,no,,,2,urban,FALSE,TRUE,http://classic.ona.io/api/v1/files/26275211?filename=faoso/attachments/553460_Water_Sources_Data_Form_Oct_2020/1649498574597.jpg,yes,,yes,,1200,,,,,,,,,,,,,7,3,yes,10,1,,,,,,,,,,,,,,,,Concrete/Masonry tank,12,Stainless Steel,1500,,2,,no,,,Submersible Pump,,,7,Generator,Iveco,30,,,poor,"Pipelines are rusted 
Water tank needs roof top",no,,32.1,7.5,1137,566,,Communal,yes,2006-01-01,4,3,yes,0.1,,,,,Sahal Muse Caraale,907646688,CARE Somalia,,Carried out a Rehabilitation of water tank,2017-01-01,"Generator 
Pipelines 
Solar with battery 
Kiosks 
Filters",,,,,,,,,,,,,,,,,
2022-04-09T16:19:06.159+03:00,2022-04-25T08:52:54.338+03:00,2022-04-09,dugwell,2022-04-09,"Puntland Ministry of Energy, Minerals and Water",,Eng Yusuf Salad ,sanaag,Laasqoray,Midigale,0.5,ADESO,,2003-01-01,Midigale dugwell 1,10.6839932 48.6763163 809.0 4.983,10.6839932,48.6763163,809,4.983,no,,,3,urban,FALSE,TRUE,http://classic.ona.io/api/v1/files/26304774?filename=faoso/attachments/553460_Water_Sources_Data_Form_Oct_2020/1649510752385.jpg,yes,,yes,,900,,,,,,,,,,,,,12,5,yes,3.5,2,7,24,,,,,,,,,,,,,,Concrete/Masonry tank,25,PVC,1500,60,1,,no,,,Submersible Pump,Luwara ,,12,Solar,,,,3,poor,"1:Submersible pump is not functioning properly.
2:And the well needs to be expanded deeply. ",no,,32.1,7.5,1987,995,,Communal,,,,,yes,0.01,no,,,,Maxamuud Maxamed Maxamuud ,907665339,not_specified,CARE-Somaliland ,"Elevated water tank 
Solar
Submersible pump ",2017-01-01,"1:Immediate change of the submersible pump 
2:PVC pipes 
3:Digging the well deeply 
4:Generator if possible or solar power storage of battery.
",,,,,,,,,,,,,,,,,
2022-04-09T13:46:56.200+03:00,2022-04-25T11:47:58.299+03:00,2022-04-09,borehole,2022-04-09,"Puntland Ministry of Energy, Minerals and Water",,Eng Yusuf Salad,bari,Bossaso,Jiingada,0.8,not_specified,Aquatera,1987-01-01,Jiingada borehole,10.7199 49.144387 563.7 4.925,10.7199,49.144387,563.7,4.925,no,,,1,rural urban,TRUE,TRUE,http://classic.ona.io/api/v1/files/26307267?filename=faoso/attachments/553460_Water_Sources_Data_Form_Oct_2020/1649502603922.jpg,yes,,yes,,400,680,,1030,2,100,gi,8,36,12,16,,,,,,,,,,,,,,,,,,,,,,,Concrete/Masonry tank,40,Galvanised Steel,700,11,4,2,yes,5,8,Submersible Pump,,,98,Hybrid - Solar/Generator,Perkins,35,,22.6,poor,Settlement water supply system has stopped functioning due to rusting and luck of Rehabilitation.,no,,,,,,,Communal,,,,,no,,no,,,,Cabdulahi cabdinuur axmed,907515578,,,,,,,,,,,,,,,,,,,,Why was water quality not checked?,,
2022-04-09T16:31:20.203+03:00,2022-04-21T15:05:42.744+03:00,2022-04-09,dugwell,2022-04-09,"Puntland Ministry of Energy, Minerals and Water",,Eng mohamed muse abdi,sanaag,Laasqoray,Midigale,5,Community_,,2010-09-08,Midigale dug well2,10.6892739 48.6736626 799.4 5.0,10.6892739,48.6736626,799.4,5,no,,,2,rural urban,TRUE,TRUE,http://classic.ona.io/api/v1/files/26252408?filename=faoso/attachments/553460_Water_Sources_Data_Form_Oct_2020/1649513565774.jpg,yes,,yes,,2520,500,,3000,1,,,,,,,,,10,7,yes,,11,,,,,,,,,,,,,,,,Concrete/Masonry tank,28,Galvanised Steel,700,,4,2,no,,,Submersible Pump,,,,Hybrid - Solar/Generator,,,,,poor,"Yield is low.
Distributions pipes are rusted.
No sufficient water kiosks in the village.
Distribution pipe lines are disconnected due to the floods.",no,,32.1,7.5,1987,995,,Communal,yes,2000-05-11,7,3,no,,no,,,,Cabdisalan xirsi jamac,7761041,"Puntland Ministry of Energy, Minerals and Water",,"Placement of distribution pipe lines.
Construction of elevated water tank.",2017-05-12,"1: Construction of generator room
2: Digging the deep of the well in order to increase the yield of well.
3: Generator 
4: Placement of distribution pipe lines.
5: Rehabilitation of animal water troughs.
5: Rehabilitation of water kiosks.
6: Amergency construction of borehole ",,,,,,,,,,,,,,,,,
2022-04-10T09:04:15.578+03:00,2022-04-22T14:11:38.756+03:00,2022-04-10,borehole,2022-04-10,"Puntland Ministry of Energy, Minerals and Water",,Mohamed Muse Abdi,sanaag,Laasqoray,Xubeera,3,Somaliland Ministry of Water Resources Development,,2014-07-26,Xubeera borehole 1,10.6745068 48.4880989 912.0 4.95,10.6745068,48.4880989,912,4.95,no,,,2,rural urban,TRUE,TRUE,http://classic.ona.io/api/v1/files/26267450?filename=faoso/attachments/553460_Water_Sources_Data_Form_Oct_2020/1649571007617.jpg,yes,,yes,,6000,3000,,5000,0.25,380,pvc,8,265,16,16,,,,,,,,,,,,,,,,,,,,,,,Concrete/Masonry tank,25,PVC,,,1,3,yes,5,8,Submersible Pump,,,265,Hybrid - Solar/Generator,Perkins,50,,,,,no,,32.4,7.3,2430,1234,,Communal,yes,2015-06-24,6,5,yes,0.02,yes,0.1,,0.2,Axmed salad muse,7314707,ACTED,,"Replacement of main raising pipes and submersible pump
Solar",2018-11-27,"1: Construction of animal water troughs.
2: Construction of elevated water tank.
3: Rehabilitation of storage water tank.
4: Amergency replacement of main raising pipes and submersible pump.
5: Amergency construction of another borehole due water demand.
6: Caretaker room, generator, toilet, and solar power storage( battery)
",,,,,,,,,,,,,,,,,
2022-04-10T09:29:58.352+03:00,2022-04-22T22:15:28.576+03:00,2022-04-10,borehole,2022-04-10,"Puntland Ministry of Energy, Minerals and Water",,Eng Mohamed Muse Abdi,sanaag,Laasqoray,Xubeera,3,Kuwait Government,,2014-08-25,Xubeera borehole 2,10.669785 48.4850717 901.3 4.4,10.669785,48.4850717,901.3,4.4,no,,,2,urban rural,TRUE,TRUE,http://classic.ona.io/api/v1/files/26275070?filename=faoso/attachments/553460_Water_Sources_Data_Form_Oct_2020/1649572513197.jpg,yes,,no,"1/14/2022
The reason is generator has stopped functioning.
",3600,300,100,1500,,370,gi,8,130,12,10,,0.3,,,,,,,,,,,,,,,,,,,,,Concrete/Masonry tank,25,Galvanised Steel,,,1,4,yes,2,8,,,,,,,,,,,,no,,,,,,,Communal,yes,2015-12-30,6,2,yes,0.02,yes,0.1,,0.2,Axmed Salad muse,7314707,ADESO,,"Replacement of main raising and submersible pump.
Construction of 1 water kiosks.
Construction of toilet.
",2017-06-26,"1: Amergency replacement of main raising pipes and submersible pump
2: Solar with battery.
3: Construction of top roof of storage water tank.
4: fuel
",,,,,,,,,,,,,,,Why was water quality not checked?,,
2022-04-10T10:06:36.380+03:00,2022-04-23T10:13:56.651+03:00,2022-04-10,borehole,2022-04-10,"Puntland Ministry of Energy, Minerals and Water",,Eng mohamed muse abdi,sanaag,Laasqoray,Baran,,not_specified,SRCS,2014-08-26,Qorof borehole,10.7053494 48.4147012 977.6 4.5,10.7053494,48.4147012,977.6,4.5,no,,,2,rural urban,TRUE,TRUE,http://classic.ona.io/api/v1/files/26278712?filename=faoso/attachments/553460_Water_Sources_Data_Form_Oct_2020/1649574735265.jpg,yes,,no,"17/ 9/ 2021
The reason is pump has stopped the functioning.",9000,600,,1500,,352,pvc,8,,20,18,,,,,,,,,,,,,,,,,,,,,,,Concrete/Masonry tank,48,Galvanised Steel,,,1,2,yes,20,9,Submersible Pump,,,300,Hybrid - Solar/Generator,,,,,,,no,,,,,,,Communal,no,,,,yes,0.026,yes,0.2,,0.15,Axmed xasan jirde,7215805,,,"Solar.
Replacement of submersible pump.",2020-06-26,"1: Amergency replacement of main raising pipes and submersible pump.
2: Amergency construction of another boreholes due to lack of water in baran district 
3: Replacement of electric cable
4: Construction of caretaker room.
5: Solar power storage ( battery)",,,,,,,,,,,,,,,Why was water quality not checked?,,
2022-04-10T13:12:40.926+03:00,2022-04-22T16:09:39.168+03:00,2022-04-10,borehole,2022-04-10,"Puntland Ministry of Energy, Minerals and Water",,Eng mohamed muse cabdi,sanaag,Laasqoray,Hadaaftimo,4,Danish Refugee Council (Puntland),,2018-08-24,Hadaaftimo Borehole 2,10.7383828 48.1134322 1291.6 5.0,10.7383828,48.1134322,1291.6,5,no,,,2,rural urban,TRUE,TRUE,http://classic.ona.io/api/v1/files/26269269?filename=faoso/attachments/553460_Water_Sources_Data_Form_Oct_2020/1649586356988.jpg,yes,,yes,,18000,,,500,1,400,pvc,8,276,17,20,,,,,,,,,,,,,,,,,,,,,,,Concrete/Masonry tank,98,PVC,,1,5,,yes,25,9,Submersible Pump,Lowara,,233,Hybrid - Solar/Generator,Perkins,45,JCNS-M36V370,22.2,good,"But the village has no water supply system.
The water kiosks are  not sufficient to the village.",no,,32.5,7.2,1361,671,,Communal,yes,2015-09-20,3,2,yes,0.1,,,,,Cabdiraxman cali cumar,7729025,Norwegian Refugee Council,,Replacement of main raising pipes and submersible pump.,2020-08-26,"1: amergency replacement of main raising pipes and submersible pump.
2: Replacement of electric cable.
3: pipes and pipe fitting equipments.
4: Construction of elevated water tank.
5: Rehabilitation of elevated water tank in order to stop water leaking.
6: Generator 
7: Replacement of solar position due crossing river.
8: Construction of caretaker room.
9: Solar power storage ( battery)",,,,,,,,,,,,,,,,,
2022-04-10T12:55:56.493+03:00,2022-04-22T16:16:25.742+03:00,2022-04-10,borehole,2022-04-10,"Puntland Ministry of Energy, Minerals and Water",,Eng mohamed muse abdi,sanaag,Laasqoray,Hadaftimo,4,not_specified,Al manhal charitable organization,2009-07-17,Hadaaftimo borehole 1,10.7433336 48.110193 1285.7 4.96,10.7433336,48.110193,1285.7,4.96,no,,,2,rural urban,TRUE,TRUE,http://classic.ona.io/api/v1/files/26269408?filename=faoso/attachments/553460_Water_Sources_Data_Form_Oct_2020/1649585096211.jpg,yes,,yes,,12000,1000,500,6000,1,357,pvc,8,220,12,16,,0.5,,,,,,,,,,,,,,,,,,,,,Concrete/Masonry tank,62,Galvanised Steel,150,,2,3,yes,6,8,Submersible Pump,Lowara,,315,Hybrid - Solar/Generator,Perkins,60,GPS-300-360,25.92,fair,"The borehole needs amergency replacement of pump and main raising pipes.
The storage water tanks are old and makes water leaking.",no,,32.1,7.4,1419,707,,Communal,yes,2018-09-22,3,2,yes,0.05,no,,,,"Maxamed cabdi maxamed 7792014
Cabdiraxmaan cali cumar",7729025,Norwegian Refugee Council,,"1: Solar power system.
2: Rehabilitation of elevated water tank.
3: Construction of animal water troughs.
4: Replacement of main raising pipes and submersible pump.",2020-04-16,"1: Amergrncy construction of another borehole due to water demand
2: Amergency replacement of main raising pipes and submersible pump.
3: Replacement of electric cable.
4: Replacement of solar inverter.
5: Assessment of borehole yield in order to get problem related borehole yield reduction.
6: Construction of elevated water tank.
7: Generator and solar power storage ( battery)",,,,,,,,,,,,,,,,,
2022-04-10T10:49:26.819+03:00,2022-04-21T13:56:46.688+03:00,2022-04-10,spring,2022-04-10,"Puntland Ministry of Energy, Minerals and Water",,Eng Mohamed Muse Abdi,sanaag,Laasqoray,Baran,0.7,not_specified,Natural well,,Baran well,10.7085372 48.3352056 1026.3 4.82,10.7085372,48.3352056,1026.3,4.82,no,,,2,rural urban,TRUE,TRUE,http://classic.ona.io/api/v1/files/26251420?filename=faoso/attachments/553460_Water_Sources_Data_Form_Oct_2020/1649577693446.jpg,yes,,yes,,24000,2000,,4000,,,,,,,,,,,,,,,,,,,,,,,no,,,,,,,,,,,,,,yes,20,9,,,,,,,,,,fair,"No water kiosks.
No distribution pipe lines.
No storage tank.
During the drought seasons the water of the well become very low and has no water trucking.",no,,32.2,7.5,2000,1004,,,,,,,no,,no,,,,,,Community_e,,Cleaning.,2021-08-22,"1: Animal water troughs.
2: Amergency construction of another boreholes, now the community uses water trucking from another city which far from baran to 50KM",,,,,,,,,,,,,,,,,
2022-04-11T13:46:22.437+03:00,2022-04-21T17:24:43.735+03:00,2022-04-11,borehole,2022-04-11,"Puntland Ministry of Energy, Minerals and Water",,Eng mohamed muse abdi,sanaag,Ceel Afweyn,Fiqifuliye,3,United Nations Children's Fund,,2017-03-13,Fiqifuliye borehole,10.0390542 47.7785754 1058.5 5.0,10.0390542,47.7785754,1058.5,5,no,,,1,urban rural,TRUE,TRUE,http://classic.ona.io/api/v1/files/26254961?filename=faoso/attachments/553460_Water_Sources_Data_Form_Oct_2020/1649674247654.jpg,yes,,yes,,9000,1400,20,2300,,208,pvc,8,115,12,17,,,,,,,,,,,,,,,,,,,,,,,Concrete/Masonry tank,57,Galvanised Steel,,,3,2,yes,12,8,Submersible Pump,,,202,Hybrid - Solar/Generator,Perkins,45,JAP72S01-325/SC,26,fair,The community depend on this water source is too much.,no,,32.1,7.1,2740,1360,,Communal,yes,2017-11-21,3,0,yes,0.01,yes,0.1,0.5,0.1,Cabdarashiid xirsi xasan,7778806,CARE Somalia,,Replacement of main raising pipes.,2021-12-17,"1: pump 17
1: Construction of another water kiosks
3: Extension of pipe line in to the village.
4: Construction of another animal water troughs.
5: Construction of another elevated water tank",,,,,,,,,,,,,,,,,
2022-04-11T08:40:10.762+03:00,2022-04-21T01:15:41.860+03:00,2022-04-11,borehole,2022-04-11,"Puntland Ministry of Energy, Minerals and Water",,Eng Mohamed Muse Abdi,sanaag,Ceerigaabo,Ceel buh,0.5,Kuwait Government,,2012-06-11,Biyacase borehole,10.221375 48.3119259 1068.5 4.85,10.221375,48.3119259,1068.5,4.85,no,,,5,rural urban,TRUE,TRUE,http://classic.ona.io/api/v1/files/26242750?filename=faoso/attachments/553460_Water_Sources_Data_Form_Oct_2020/1649655954436.jpg,yes,,yes,,6000,1200,50,4000,,270,gi,8,225,4,20,,,,,,,,,,,,,,,,,,,,,,,Concrete/Masonry tank,30,Galvanised Steel,,,2,3,yes,4,8,Submersible Pump,,,253,Hybrid - Solar/Generator,Perkins,30,,,fair,The area is over population and there is a high water demand,no,,32.8,7.1,2000,1000,,Communal,yes,2017-06-13,5,2,yes,0.1,yes,0.2,0.1,0.1,Ibraahim maxamud xasan,7779915,Community_e,,Replacement of submersible pump.,2018-04-13,"1: Amergency replacement of main raising pipes and submersible 
2: Replacement of rusted distrubution pipe lines.
3: Construction of caretaker room.
4: Generator
5: Construction of another borehole due to water demand on the environment ",,,,,,,,,,,,,,,,,
2022-04-11T09:44:22.086+03:00,2022-04-21T14:42:59.325+03:00,2022-04-11,borehole,2022-04-11,"Puntland Ministry of Energy, Minerals and Water",,Eng  mohamed muse abdi,sanaag,Ceerigaabo,Ceelbuh,4,Community_,,2021-07-23,Qablan borehole,10.2417282 48.3252435 1079.0 4.96,10.2417282,48.3252435,1079,4.96,no,,,5,urban rural,TRUE,TRUE,http://classic.ona.io/api/v1/files/26252127?filename=faoso/attachments/553460_Water_Sources_Data_Form_Oct_2020/1649659626064.jpg,yes,,yes,,4800,600,,7000,,285,pvc,8,240,14,17,,,,,,,,,,,,,,,,,,,,,,,Concrete/Masonry tank,16,Galvanised Steel,,,,2,yes,15,10,Submersible Pump,Lowara,,264,Generator,Perkins,45,,,fair,"No sufficient water storage.
No water kiosks.",no,,32.6,7.3,2230,1118,,Communal,yes,2021-08-19,3,2,yes,0.3,yes,0.2,,0.1,Mukhatar cumar axmed,7100001,United Nations Children's Fund,,"Construction of elevated water tank
Construction of two rooms.
Construction of 1  water kiosks",2022-04-11,"1: Solar power system with battery.
2: Pump and pipe lines 
3: Generator.
4: Fencing.
5: Construction of another elevated water tank due capacity of borehole.
6: Construction of animal water troughs.",,,,,,,,,,,,,,,,,
2022-04-11T09:54:37.975+03:00,2022-04-22T13:41:12.728+03:00,2022-04-11,borehole,2022-04-11,"Puntland Ministry of Energy, Minerals and Water",,Eng Mohamed Muse Abdi,sanaag,Ceerigaabo,Ceelbuh,3,not_specified,Horn relief,1996-08-17,Ceelbuh borehole 2,10.2362327 48.3108071 1086.5 4.6,10.2362327,48.3108071,1086.5,4.6,no,,,5,urban rural,TRUE,TRUE,http://classic.ona.io/api/v1/files/26267161?filename=faoso/attachments/553460_Water_Sources_Data_Form_Oct_2020/1649660571714.jpg,yes,,yes,,900,800,,2000,,252,gi,8,226,12,17,,,,,,,,,,,,,,,,,,,,,,,Concrete/Masonry tank,47,Galvanised Steel,,,1,4,yes,5,9,Submersible Pump,,,241,Hybrid - Solar/Generator,Perkins,50,GPS-300-360,17.28,,,no,,32.6,7.3,2230,1118,,Communal,yes,2006-09-25,3,2,yes,0.05,yes,0.15,,0.1,Cabdirisaq xaaji yusuf,7789464,ACTED,,"Borehole equipment and installation work.
Construction of elevated water tank.
Construction of generator house.
Construction of two animal water troughs.
Solar.
Construction of water kiosks.
Rehabilitation of two animal water troughs. ",2020-09-26,"1: Amergency replacement of main  raising pipes and submersible pump
2: Replacement of electric cable.
3: Replacement of rusted distribution pipes.
4: Generator 
5: Solar power storage ( battery)",,,,,,,,,,,,,,,,,
2022-04-11T12:05:04.435+03:00,2022-04-21T12:28:35.489+03:00,2022-04-11,borehole,2022-04-11,"Puntland Ministry of Energy, Minerals and Water",,Eng mohamed muse abdi,sanaag,Ceerigaabo,Degmo khayr,6,United Nations Children's Fund,,2019-03-23,Dawoco borehole,10.2171625 48.0314842 1092.8000000000002 5.0,10.2171625,48.0314842,1092.8,5,no,,,1,rural urban,TRUE,TRUE,http://classic.ona.io/api/v1/files/26250162?filename=faoso/attachments/553460_Water_Sources_Data_Form_Oct_2020/1649668237521.jpg,yes,,yes,,4200,150,,6000,,330,pvc,8,310,14,11,,,,,,,,,,,,,,,,,,,,,,,Concrete/Masonry tank,50,Galvanised Steel,5652,1,3,2,yes,3,9,Submersible Pump,,,252,Hybrid - Solar/Generator,Perkins,45,,,,,no,,32.5,7.3,3570,1785,,Communal,yes,2021-02-16,5,2,yes,0.03,yes,0.15,,0.1,Maxamuud cali jaamac,6424668,International Rescue Committee,,Solar,2021-02-12,"1: Amergency replacement of main raising pipes and submersible pump.
2: Replacement of distribution pipe lines
3: Construction of another animal water troughs.
4: Construction of generator room.
5: Construction of another borehole due to water demand.
6:  Solar power storage( battery)",,,,,,,,,,,,,,,,,
2022-04-11T09:09:39.828+03:00,2022-04-21T01:27:00.101+03:00,2022-04-11,borehole,2022-04-11,"Puntland Ministry of Energy, Minerals and Water",,Eng Mohamed Muse Abdi,sanaag,Ceerigaabo,Ceelbuh,0.5,Former Somali Government,,1980-05-11,Ceelbuh borehole A1,10.2248119 48.3117092 1082.4 4.466,10.2248119,48.3117092,1082.4,4.466,no,,,5,urban rural,TRUE,TRUE,http://classic.ona.io/api/v1/files/26242804?filename=faoso/attachments/553460_Water_Sources_Data_Form_Oct_2020/1649657600866.jpg,yes,,no,"20/ 12/ 2021
The problem is pump and main raising pipes.",6000,400,,3000,,194,gi,6,80,5,15,,,,,,,,,,,,,,,,,,,,,,,Concrete/Masonry tank,18,PVC,,,2,2,yes,8,8,Submersible Pump,Grundfos,,192,Generator,Perkins,30,,,poor,The borehole is not functioning.,no,,,,,,,Communal,yes,2015-08-26,3,2,yes,0.15,yes,0.1,,0.1,Cabdulahi dhaaye jibril,7645369,Danish Refugee Council (Puntland),,"1: Supplied pump, pipes, and generator 
2: Construction of two water kiosks.
3: Construction of generator room.",2010-11-22,"1: Amergency replacement of main raising pipes and submersible pump
2: Generator 
3: solar
4: Electric cable",,,,,,,,,,,,,,,Why was water quality not checked?,,
2022-04-11T09:31:19.295+03:00,2022-04-21T12:51:20.574+03:00,2022-04-11,borehole,2022-04-11,"Puntland Ministry of Energy, Minerals and Water",,Eng Mohamed Muse Abdi,sanaag,Ceerigaabo,Ceelbuh,0.5,Kuwait Government,,2009-09-12,Ceelbuh borehole A2,10.2248391 48.3119779 1068.8 4.86,10.2248391,48.3119779,1068.8,4.86,no,,,5,rural urban,TRUE,TRUE,http://classic.ona.io/api/v1/files/26250253?filename=faoso/attachments/553460_Water_Sources_Data_Form_Oct_2020/1649658856675.jpg,yes,,yes,,21000,200,,900,,240,pvc,8,80,7,18,,,,,,,,,,,,,,,,,,,,,,,Concrete/Masonry tank,30,Galvanised Steel,,,,3,yes,7,8,Submersible Pump,Grundfos,,204,Hybrid - Solar/Generator,Perkins,60,JCNS-M36V370W,17.76,fair,"No water supply in the city.
No water kiosks.
The water demand is very high.",no,,32.1,6.9,2910,1456,,Communal,yes,2015-12-26,3,2,yes,0.05,yes,0.1,,0.1,Cabdulahi dhaaye jibril,7645369,CARE Somalia,,"1: Construction of elevated water tank.
2: Construction of 1 water kiosks.
3: Replacement of main raising pipes and submersible pump.
4: Generator",2021-09-22,"1: Amergency replacement of main raising pipes and submersible pump.
2: Construction of another 2 animal water troughs.
3: Generator.
4: Solar power storage ( battery)",,,,,,,,,,,,,,,,,
2022-04-11T16:46:49.729+03:00,2022-04-21T14:55:29.349+03:00,2022-04-11,dugwell,2022-04-11,"Puntland Ministry of Energy, Minerals and Water",,Yusuf salad,sanaag,Ceerigaabo,Sibbaayo,1.5,Community_,,2012-01-01,Sibbaayo dugwell,9.9687132 48.1417079 968.3000000000001 5.0,9.9687132,48.1417079,968.3,5,no,,,1,rural urban,TRUE,TRUE,http://classic.ona.io/api/v1/files/26252315?filename=faoso/attachments/553460_Water_Sources_Data_Form_Oct_2020/1649685197385.jpg,yes,,no,"15/9/2021
Due to 
1: effect of drought 
2: pump and main raising pipes are not functioning.",1200,700,,3000,,,,,,,,,,10,9,yes,,,,,,,,,,,,,,,,,,Concrete/Masonry tank,,Galvanised Steel,,,,4,,,,,,,,,,,,,fair,"No distribution pipes.
Dug well is not functioning.",no,,,,,,,Communal,yes,2013-09-24,3,4,,,,,,,,,"Puntland Ministry of Energy, Minerals and Water",,"Construction of elevated water tank.
",,"1: Amergency construction of borehole.
2: Amergency water trucking.
3: Construction of water kiosks.",,,,,,,,,,,,,,,Why was water quality not checked?,,
2022-04-11T12:52:46.431+03:00,2022-04-22T22:23:45.549+03:00,2022-04-11,dugwell,2022-04-11,"Puntland Ministry of Energy, Minerals and Water",,Eng mohamed muse abdi,sanaag,Ceerigaabo,Shinbiraale,0.5,Community_,,2007-08-24,Shinbiraale dug well,10.1413467 47.9111032 1072.3 4.7,10.1413467,47.9111032,1072.3,4.7,no,,,1,urban rural,TRUE,TRUE,http://classic.ona.io/api/v1/files/26275285?filename=faoso/attachments/553460_Water_Sources_Data_Form_Oct_2020/1649670912288.jpg,yes,,no,"20/2/2022
The reason is
Due to drought effects the dug well become yield less",6000,200,,1500,,,,,,,,,,10,9,no,,,,,,,,,,,,,,,,,,,,,,,,,no,,,,,,,,,,,,fair,"No sufficient yield.
No distribution pipe lines.
No main raising pipes and submersible pump.
Now the community uses water trucking from another  villages which is far from shinbiraale to 50km.",no,,,,,,,Communal,yes,2010-06-19,3,4,,,,,,,,,Community_e,,Digged the deep of the well.,2016-08-26,"1: Amergency construction of new borehole due to water demand of shinbiraale community, now the community uses water trucking from another villages which is far from shinbiraale to 50km.
2: Construction of elevated water tank.
3: Construction of water kiosks in the village
4: Construction of animal water troughs.
5: distrubution pipe line.
6: Construction of generator room and caretaker room
7: Generator and solar with battery",,,,,,,,,,,,,,,Why was water quality not checked?,,
2022-04-12T16:11:27.443+03:00,2022-04-22T18:02:21.446+03:00,2022-04-12,borehole,2022-04-12,"Puntland Ministry of Energy, Minerals and Water",,Eng mohamed muse abdi,sanaag,Ceerigaabo,Mindhicir,3,not_specified,SHF,2019-01-01,Mindhicir Borehole,10.1218743 48.4115493 1057.5 4.66,10.1218743,48.4115493,1057.5,4.66,no,,,1,rural urban,TRUE,TRUE,http://classic.ona.io/api/v1/files/26271290?filename=faoso/attachments/553460_Water_Sources_Data_Form_Oct_2020/1649769428907.jpg,yes,,no,"28 March 2022
Submersible pump has stopped functioning",3600,2000,,4000,,352,pvc,8,160,5,24,,,,,,,,,,,,,,,,,,,,,,,Concrete/Masonry tank,20,Galvanised Steel,1400,,2,3,no,,,Submersible Pump,,,300,Generator,Perkins,45,,,poor,"Submersible pump need replacement 
Elevated water tank can't supply the settlement 
The solar is not functioning and needs a repair.",no,,,,,,,Communal,no,,,,yes,0.05,yes,0.2,0.1,0.15,Saalah Ibraahim Sacid,907742366,Somaliland Ministry of Water Resources Development,,Replacement of submersible pump,2021-07-01,"1.Argent Replacement of submersible pump
2.Solar-power system improvement
3.Another elevated water tank that provides the settlement, more troughs& Kiosks.
4.construction of a care taker room and a storage room
6.development of small farm that provides for the caretaker in order to benefit it from.

N.B
At this hard time people can't afford to buy the water so  both the animals and the people drink for free.",,,,,,,,,,,,,,,Why was water quality not checked?,,
2022-04-12T11:19:48.548+03:00,2022-04-21T17:31:41.016+03:00,2022-04-12,borehole,2022-04-12,"Puntland Ministry of Energy, Minerals and Water",,Eng mohamed muse abdi,sanaag,Ceerigaabo,Xingalool,0.9,Islamic Relief Somalia,,2003-06-09,Xingalool borehole 2,9.755695 48.3143046 885.3000000000001 4.3,9.755695,48.3143046,885.3,4.3,no,,,3,rural urban,TRUE,TRUE,http://classic.ona.io/api/v1/files/26255027?filename=faoso/attachments/553460_Water_Sources_Data_Form_Oct_2020/1649751863011.jpg,yes,,yes,,3000,500,,3000,,120,pvc,8,66,3,17,,0.5,,,,,,,,,,,,,,,,,,,,,Concrete/Masonry tank,24,Galvanised Steel,,,,3,yes,10,8,,,,,,,,,,fair,"The yield is low 
Distribution pipes are rusted.",no,,32.2,7.1,3720,1873,,Communal,yes,2004-08-16,3,2,yes,0.025,yes,0.1,,0.1,Cabdirishiid daahir cali,7735246,CARE Somalia,,"Generator 
Construction of generator room",2020-06-13,"1: Amergency replacement of main raising pipes and submersible pump.
2: Generator 
3: Rehabilitation of animal water troughs
4: Construction of another elevated water tank.
5: Fencing
6: training borehole workers
7: Construction of another borehole due to water demand
8: Solar power storage ( battery)",,,,,,,,,,,,,,,,,
2022-04-12T11:54:58.850+03:00,2022-04-22T17:56:30.469+03:00,2022-04-12,borehole,2022-04-12,"Puntland Ministry of Energy, Minerals and Water",,Eng mohamed muse abdi,sanaag,Ceerigaabo,Xingalool,0.5,Former Somali Government,,1986-10-16,Xingalool borehole 1,9.753105 48.3131151 879.6 4.96,9.753105,48.3131151,879.6,4.96,no,,,3,rural urban,TRUE,TRUE,http://classic.ona.io/api/v1/files/26271185?filename=faoso/attachments/553460_Water_Sources_Data_Form_Oct_2020/1649753871560.jpg,yes,,no,"20/ feb/2021
The reason is pump has burned.",6000,500,,1500,,120,gi,8,65,12,20,,,,,,,,,,,,,,,,,,,,,,,Concrete/Masonry tank,24,,,,,2,yes,6,8,,,,,,,,,,,,no,,,,,,,Communal,yes,2019-08-26,1,4,yes,0.015,yes,0.1,,0.1,Cali maxamed adan,7675848,CARE Somalia,,"Amergency replacement of main raising pipes and submersible pump.
Construction of storage room.
Construction of elevated water tank.
",2019-10-26,"1: Amergency replacement of main raising pipes and submersible pump.
2: Construction of another animal water troughs which is located out of city.
3: Construction of caretaker room.
4: Generator.",,,,,,,,,,,,,,,Why was water quality not checked?,,
2022-04-12T13:40:55.848+03:00,2022-04-21T01:23:47.997+03:00,2022-04-12,borehole,2022-04-12,"Puntland Ministry of Energy, Minerals and Water",,Eng mohamed muse abdi,sanaag,Ceerigaabo,Beraagaha qol,0.5,Former Somali Government,,1986-09-30,Baragahaqol borehole,9.5593133 48.4902861 894.5 4.78,9.5593133,48.4902861,894.5,4.78,no,,,1,rural urban,TRUE,TRUE,http://classic.ona.io/api/v1/files/26242795?filename=faoso/attachments/553460_Water_Sources_Data_Form_Oct_2020/1649760513191.jpg,yes,,yes,,9000,1000,,4000,,150,gi,8,50,22,20,,,,,,,,,,,,,,,,,,,,,,,Concrete/Masonry tank,16,Galvanised Steel,,1,2,5,yes,20,10,Submersible Pump,Grundfos,,90,Generator,"Perkins 40KVA
Perkins",50,,,good,The village has no water supply system and water kiosks.,no,,32.7,7.2,3710,1858,,Communal,no,,,,yes,0.01,yes,0.1,,0.1,"Maxamed muse cali 7775614
Siciid ciise maxamed",7526720,World Vision,,"Extension of distribution pipe line in to the school
Construction of one water kiosks.",2021-09-22,"1: Solar power system.
2: Construction of another elevated water tank.
3: Construction of generator room
4: Amergency replacement of main raising pipes and submersible pump.
5: Construction of new borehole ",,,,,,,,,,,,,,,,,
2022-04-12T10:39:27.785+03:00,2022-04-22T13:48:35.829+03:00,2022-04-12,borehole,2022-04-12,"Puntland Ministry of Energy, Minerals and Water",,Eng Mohamed Muse Abdi,sanaag,Ceerigaabo,Xingalool,0.8,Kuwait Government,,2014-08-05,Xingalool borehole3,9.762195 48.31026 1007.0 4.9,9.762195,48.31026,1007,4.9,no,,,3,rural,TRUE,FALSE,http://classic.ona.io/api/v1/files/26267265?filename=faoso/attachments/553460_Water_Sources_Data_Form_Oct_2020/1649749593132.jpg,yes,,yes,,2820,600,,2800,,130,pvc,8,70,18,21,,,,,,,,,,,,,,,,,,,,,,,Concrete/Masonry tank,70,Galvanised Steel,,,1,4,yes,18,8,Submersible Pump,,,82,Hybrid - Solar/Generator,Iveco,30,JCNS-M36V370,19.9,good,,no,,32.1,6.9,4120,2060,,Communal,yes,2015-04-12,3,2,yes,0.025,yes,0.07,,0.1,Maxamed iman warsame,7725008,Norwegian Refugee Council,,"1: Solar
2: Construction of 2 toilet and one kiosks",2020-04-12,"1: Amergency replacement of main raising pipes and submersible pump
2: Replacement of rusted distribution pipes.
3: water purification.
4: Generator 
5: water supply for the village 
6: Fencing 
7: Construction of caretaker room
8: training of borehole workers in order to enhance work performance.
9: Solar power storage ( battery)",,,,,,,,,,,,,,,,,
2022-04-12T08:47:48.046+03:00,2022-04-21T17:47:24.560+03:00,2022-04-12,dugwell,2022-04-12,"Puntland Ministry of Energy, Minerals and Water",,Eng Yusuf Salad,sanaag,Ceerigaabo,Gurmale,0.4,Community_,,2017-01-01,Gurmale dugwells,10.0529722 48.1033727 1007.0 4.966,10.0529722,48.1033727,1007,4.966,no,,,2,rural,TRUE,FALSE,http://classic.ona.io/api/v1/files/26255232?filename=faoso/attachments/553460_Water_Sources_Data_Form_Oct_2020/1649743964448.jpg,yes,,yes,,800,600,,1200,,,,,,,,,,10,5,no,0.25,16,1,8,,,,,,,,,,,,,,,,,,,,1,no,,,No Pump,,,,,,,,,fair,"Yield is low.
No distribution pipes.
No main raising pipes and submersible pump.",yes,Mud water,32.1,7.1,6370,3220,,Communal,,,,,no,,no,,,,Sugule Axmed Shire,907773902,ACTED,,"Construction of head of two dugwell and
One Trough.",2019-12-01,"1: Amergency construction of new borehole 
2: Animal water troughs.
3: Elevated water tank.
4: Generator and solar with battery.
5: Distribution pipe lines.
6: Digging deep of dug well in order to get more yield
7: Amergency water trucking.
",,,,,,,,,,,,,,,,,
2022-04-13T15:14:27.353+03:00,2022-04-25T10:57:39.773+03:00,2022-04-13,borehole,2022-04-13,"Puntland Ministry of Energy, Minerals and Water",,Eng Yusuf Salad,sanaag,Laasqoray,Dhahar,0.5,Community_,,2018-01-01,Ilmo Xuseen jiilaal ,9.749202 48.8316414 923.5 4.4,9.749202,48.8316414,923.5,4.4,no,,,,rural urban,TRUE,TRUE,http://classic.ona.io/api/v1/files/26306484?filename=faoso/attachments/553460_Water_Sources_Data_Form_Oct_2020/1649852737418.jpg,yes,,yes,,500,600,,2000,,370,pvc,8,,12,24,,,,,,,,,,,,,,,,,,,,,,,Concrete/Masonry tank,45,,150,0,1,2,yes,9,8,Submersible Pump,Luwara ,,294,Hybrid - Solar/Generator,Perkins ,65,JCNS-M36V370W,23.3,poor,"The solar system are weak and Generator is tired,
The main raising pipes are rusted 
The current water tank is not enough ",no,,32,7.2,3160,1608,,Private/Individual,,,,,yes,0.1,yes,0.2,,0.2,Yasiin Maxames Shire,907451854,ACTED,,"Solar
Main raising pipes and submersible pump 
",2020-01-01,"Rehabilitation of the solar system 
A new troughs 
A new Generator 
Immediate Replacement of main raising pipes because it's been 2years since installation. ",,,,,,,,,,,,,,,,,
2022-04-13T13:58:04.220+03:00,2022-04-25T16:47:38.700+03:00,2022-04-13,borehole,2022-04-13,"Puntland Ministry of Energy, Minerals and Water",,Eng Yusuf Salad,sanaag,Laasqoray,Dhahar,0.8,Community_,,2012-01-01,Qaawane Borehole,9.7419147 48.8105915 890.2 4.966,9.7419147,48.8105915,890.2,4.966,no,,,1,rural urban,TRUE,TRUE,http://classic.ona.io/api/v1/files/26312223?filename=faoso/attachments/553460_Water_Sources_Data_Form_Oct_2020/1649847875761.jpg,yes,,no,"Since March 2022
Submersible pump stopped working
And the main raising pipes are rusted and leaking.",120,5000,,15000,,220,gi,8,,12,13,,,,,,,,,,,,,,,,,,,,,,,Concrete/Masonry tank,12,Galvanised Steel,190,,1,3,no,,,Submersible Pump,Luwara,,180,Hybrid - Solar/Generator,Iveco ,30,JCNS-M36V350W,21,poor,"1:Submersible pump has stopped working.
2:Pipes and the pipelines are leaking and also the water tank is leaking ",no,,,,,,,Communal,,,,,no,,yes,0.2,,0.2,Maxamuud Cali Shire,907713856,not_specified,"1:Psawen
2:NRC","PSAWEN - provided the replacement of submersible pump only.

NRC- provided the solar system only.",2019-01-01,"1:Immediate change of the submersible pump and the main raising pipes in order the borehole to function.

2: Pipeline and the water tank Rehabilitation.
3: kiosks 
4: battery storage if it's possible.
5: another Larger capacity water tank.
6: secondary Generator if it's possible.

",,,,,,,,,,,,,,,Why was water quality not checked?,,
2022-04-13T13:35:57.895+03:00,2022-04-25T12:22:55.510+03:00,2022-04-13,borehole,2022-04-13,"Puntland Ministry of Energy, Minerals and Water",,Eng Yusuf Salad,sanaag,Laasqoray,Dhahar,0.2,United Nations Children's Fund,,2005-01-01,Dhahar public borehole ,9.7471447 48.8243602 892.4 4.633,9.7471447,48.8243602,892.4,4.633,no,,,2,rural urban,TRUE,TRUE,http://classic.ona.io/api/v1/files/26307623?filename=faoso/attachments/553460_Water_Sources_Data_Form_Oct_2020/1649846497048.jpg,yes,,yes,,5000,10000,,30000,,220,pvc,8,,12,24,,,,,,,,,,,,,,,,,,,,,,,Concrete/Masonry tank,60,Galvanised Steel,100,,1,4,yes,40,8,Submersible Pump,Grundfos ,,190,Hybrid - Solar/Generator,Perkins ,60,JCNS-M36V300W,22.5,poor,Main raising pipes are rusted and the submersible pump is weakly pumping ,no,,32.6,6.6,2500,1250,,Communal,,,,,yes,0.025,yes,0.2,,0.15,Jaamac Warsame Aadan,907726042,United Nations Children's Fund,,"Provided Solar system 
Changed the main raising pipes ",2019-01-01,"1:Larger capacity of water storage 
2:22KW inverter 
3: Replacement of main raising pipes 
4: and submersible pump 
5: Pipeline Rehabilitation.",,,,,,,,,,,,,,,,,
2022-04-13T13:51:06.476+03:00,2022-04-25T12:35:14.281+03:00,2022-04-13,borehole,2022-04-13,"Puntland Ministry of Energy, Minerals and Water",,Eng Yusuf Salad,sanaag,Laasqoray,Dhahar,0.2,Community_,,2020-01-01,Warsame Aadan borehole ,9.7466125 48.8233403 897.7 4.84,9.7466125,48.8233403,897.7,4.84,no,,,2,rural urban,TRUE,TRUE,http://classic.ona.io/api/v1/files/26307705?filename=faoso/attachments/553460_Water_Sources_Data_Form_Oct_2020/1649847283464.jpg,yes,,yes,,1500,2000,,5000,,260,pvc,8,,12,24,,,,,,,,,,,,,,,,,,,,,,,Concrete/Masonry tank,50,Galvanised Steel,50,,1,2,yes,18,8,Submersible Pump,Grundfos ,,240,Generator,Perkins ,60,,,poor,"Since the establishment of the borehole it's not rehabilitated,
Main raising pipes are rusted 
Pipelines are leaking ",no,,32,7,2450,1250,,Communal,,,,,yes,0.025,yes,0.2,,0.15,Jamac Warsame aadan ,907726042,,,,,"1:Solar power system 
2:Larger capacity of water tank .
3:Battery storage in order to be free from increasing fuel prices.
4: immediate replacement of main raising pipes and the submersible pump.
5: Generator ",,,,,,,,,,,,,,,,,
2022-04-11T15:03:14.073+03:00,2022-04-21T14:27:03.401+03:00,2022-04-11,borehole,2022-04-13,"Puntland Ministry of Energy, Minerals and Water",,Eng mohamed muse abdi,sanaag,Ceel Afweyn,Damale xagare,2,Islamic Development Bank,,2016-10-13,Damala xagare borehole,9.7991033 47.9515643 952.9 4.86,9.7991033,47.9515643,952.9,4.86,no,,,1,rural urban,TRUE,TRUE,http://classic.ona.io/api/v1/files/26251840?filename=faoso/attachments/553460_Water_Sources_Data_Form_Oct_2020/1649678925678.jpg,yes,,yes,,12000,3000,100,6000,,306,pvc,8,90,15,19,,,,,,,,,,,,,,,,,,,,,,,Concrete/Masonry tank,50,Galvanised Steel,,,,3,yes,20,9,Submersible Pump,Lowara,,180,Hybrid - Solar/Generator,Perkins,50,SZYL-M330-36,23.1,fair,"No water kiosks in the village.
The water demand is very high.
The distribution pipe lines are rusted.",no,,32.3,7.3,2750,1382,,Communal,yes,2019-04-11,3,3,no,,yes,0.1,,0.1,Cabdulahi xaji xasan,7742384,"Puntland Ministry of Energy, Minerals and Water",,Replacement of main raising pipes,2021-05-11,"1: Amergency replacement of main raising pipes and submersible pump 
2: Construction of elevated water tank.
3: Construction of extra animal water troughs.
4: Construction of water kiosks in the village 
5: Construction of generator room and toilet
6: Solar power storage (battery).
7: Extension of distribution pipes in to the village.",,,,,,,,,,,,,,,,,
2022-04-13T10:00:54.552+03:00,2022-04-22T22:52:22.371+03:00,2022-04-13,borehole,2022-04-13,"Puntland Ministry of Energy, Minerals and Water",,Eng mohamed muse abdi,sanaag,Ceerigaabo,Buraan,0.5,not_specified,Kanoko,1988-01-01,Buraan borehole 1,10.2111741 48.7745235 942.3000000000001 4.74,10.2111741,48.7745235,942.3,4.74,no,,,5,rural urban,TRUE,TRUE,http://classic.ona.io/api/v1/files/26275478?filename=faoso/attachments/553460_Water_Sources_Data_Form_Oct_2020/1649833589514.jpg,yes,,yes,,4500,300,,500,,36,pvc,8,7,4,8,,1,,,,,,,,,,,,,,,,,,,,,,,Galvanised Steel,,300,1,4,yes,8,8,Submersible Pump,,,34,Hybrid - Solar/Generator,Perkins,33,DS60250W,9,fair,"Buraan borehole1 and 2  are connected same water storage tanks, same solar and generator, same animal troughs, same distribution pipes 
Both boreholes works same hours which is equal 8+8 = 16 hours.",no,,31.9,7.4,1581,775,,Communal,yes,1989-05-25,4,2,yes,0.03,yes,0.1,,,Barkhad saciid mohamed,907719000,ACTED,,"Construction of 1 room
Generator 
Rehabilitation of 3 solar panels.
Construction of storage water tank.
Replacement of main raising pipes and submersible pump.",2020-08-26,"1: Amergency replacement of main raising pipes and submersible pump
2: Generator.
3: Replacement of rusted distribution pipes
4: Construction of 1 elevated water tank.
5: Solar power storage (battery).",,,,,,,,,,,,,,,,,
2022-04-13T10:33:15.295+03:00,2022-04-21T17:07:15.985+03:00,2022-04-13,dugwell,2022-04-13,"Puntland Ministry of Energy, Minerals and Water",,Eng Mohamed Muse  Abdi,sanaag,Ceerigaabo,Buraan,1,Community_,,2000-05-14,Xabeeb dugwell,10.2141718 48.7727489 941.6 4.38,10.2141718,48.7727489,941.6,4.38,no,,,5,urban rural,TRUE,TRUE,http://classic.ona.io/api/v1/files/26254493?filename=faoso/attachments/553460_Water_Sources_Data_Form_Oct_2020/1649835539601.jpg,yes,,yes,,1800,200,,700,,,,,,,,,,9,5,no,9,,,,,,,,,,,,,,,,,,,,,,,,yes,13,9,,,,,,,,,,fair,"No main raising pipes and submersible pump.
No distribution pipe lines.",no,,31.9,7.4,1581,775,,Private/Individual,,,,,yes,0.45,,,,,Xabeeb xaaji yuusuf,7781170,not_specified,Owner of the dugwell,"1: Generator 
2: Digged the deep of well",2021-03-31,"1: Digging  the deep of the well 
2: Installation of submersible pump and main raising pipes.
3: Construction of elevated water tank 
4: Distribution pipe lines.
5: Generator and solar
6: Construction of caretaker room.",,,,,,,,,,,,,,,,,
2022-04-13T14:24:01.383+03:00,2022-04-24T12:17:21.507+03:00,2022-04-13,borehole,2022-04-13,"Puntland Ministry of Energy, Minerals and Water",,Eng Yusuf Salad,sanaag,Laasqoray,Dhahar,0.2,Community_,,2018-01-01,Ayaan 1,9.7479917 48.8251207 895.2 3.9,9.7479917,48.8251207,895.2,3.9,no,,,2,rural urban,TRUE,TRUE,http://classic.ona.io/api/v1/files/26291665?filename=faoso/attachments/553460_Water_Sources_Data_Form_Oct_2020/1649849220377.jpg,yes,,yes,,1500,2000,,5000,,268,pvc,8,78,12,24,,,,,,,,,,,,,,,,,,,,,,,Concrete/Masonry tank,24,Galvanised Steel,300,,1,2,yes,12,8,Submersible Pump,Luwara,,174,Generator,Perkins,45,,,poor,"The Generator is old and malfunctioning. 
The main raising pipes are rusted and old.",no,,32,7.1,3220,1630,,Private/Individual,,,,,no,,no,,,,Maxamed Cabdiraxman xasan ,907383931,,,,,"1.solar 
2. A new generator 
3. Replacement of main raising pipes 
4. Larger capacity of a water tank ",,,,,,,,,,,,,,,,,
2022-04-13T14:27:55.645+03:00,2022-04-24T12:36:47.235+03:00,2022-04-13,borehole,2022-04-13,"Puntland Ministry of Energy, Minerals and Water",,Eng Yusuf Salad,sanaag,Laasqoray,Dhahar,0.2,Community_,,2019-01-01,Ayaan2,9.7479088 48.8256519 894.8000000000001 4.5,9.7479088,48.8256519,894.8,4.5,no,,,2,rural urban,TRUE,TRUE,http://classic.ona.io/api/v1/files/26291868?filename=faoso/attachments/553460_Water_Sources_Data_Form_Oct_2020/1649849441670.jpg,yes,,yes,,1500,2000,,5000,,317,pvc,8,53,14,12,,,,,,,,,,,,,,,,,,,,,,,Concrete/Masonry tank,24,Galvanised Steel,300,,,,yes,12,8,Submersible Pump,Luwara ,,196,Solar,,,JCNS-M36V360,19.4,poor,"The water tank isn't sufficient 
",no,,32,7.1,3220,1630,,Private/Individual,,,,,no,,no,,,,Maxamex Cabdiraxman xasan,907383931,not_specified,"Care - Somaliland 
IRC - Puntland ","Main raising Gi pipes and submersible  pump, by Care-Somaliland.

Solar power system and the installation by   IRC Puntland.
",2020-01-01,"1. Elevated water tank with large storage capacity 
2. Generator ",,,,,,,,,,,,,,,,,
2022-04-13T10:07:44.976+03:00,2022-04-23T10:04:54.937+03:00,2022-04-13,borehole,2022-04-13,"Puntland Ministry of Energy, Minerals and Water",,Eng mohamed muse abdi,sanaag,Laasqoray,Buraan,0.4,not_specified,Al manhal charity,2010-05-26,Buraan borehole 2,10.2110303 48.7746238 942.8000000000001 2.8,10.2110303,48.7746238,942.8,2.8,no,,,5,rural urban,TRUE,TRUE,http://classic.ona.io/api/v1/files/26278646?filename=faoso/attachments/553460_Water_Sources_Data_Form_Oct_2020/1649833866669.jpg,yes,,yes,,4500,,,,,60,pvc,8,9,4,8,,1,,,,,,,,,,,,,,,,,,,,,,,Galvanised Steel,,300,,,,,,,,,,,,,,,fair,"Buraan borehole 1 and 2 are connected same distribution pipes lines, same generator and solar, same elevated water tank.
Yield is very low.",no,,31.9,7.4,1581,775,,Communal,,,,,,,,,,,Barkhad siciid maxamed ,7719000,,,"Buraan borehole 1, and 2 are connected same distribution pipes, solar, generator, storage water tanks hence this borehole  and borehole 1 are same intervention",,,,,,,,,,,,,,,,,,,
2022-04-13T09:32:17.760+03:00,2022-04-21T17:12:53.518+03:00,2022-04-13,spring,2022-04-13,"Puntland Ministry of Energy, Minerals and Water",,Eng mohamed muse abdi,sanaag,Ceerigaabo,Buraan,0.2,not_specified,Natutal spring.,,buraan spring,10.2156437 48.7741451 915.1 5.0,10.2156437,48.7741451,915.1,5,no,,,5,urban rural,TRUE,TRUE,http://classic.ona.io/api/v1/files/26254532?filename=faoso/attachments/553460_Water_Sources_Data_Form_Oct_2020/1649831732666.jpg,yes,,yes,,6000,1000,,,,,,,,,,,,,,,,,,,,,,,,,no,,,,,,,,,,,,1,,yes,3,8,,,,,,,,,,fair,"No water kiosks 
No distribution pipes",no,,32.4,7.2,1786,905,,,,,,,no,,no,,,,,,Community_e,,Cleaning of the spring site,2016-04-17,"1: Rehabilitation of animal water troughs.
",,,,,,,,,,,,,,,,,
2022-04-13T09:49:48.363+03:00,2022-04-21T14:37:22.233+03:00,2022-04-13,spring,2022-04-14,"Puntland Ministry of Energy, Minerals and Water",,Eng mohamed muse abdi,sanaag,Laasqoray,Buraan,1,not_specified,Natural spring,,Kalgaal spring,10.2151925 48.7747194 917.4000000000001 4.76,10.2151925,48.7747194,917.4,4.76,no,,,5,rural,TRUE,FALSE,http://classic.ona.io/api/v1/files/26251963?filename=faoso/attachments/553460_Water_Sources_Data_Form_Oct_2020/1649832696141.jpg,yes,,yes,,600,,,8000,,,,,,,,,,,,,,,,,,,,,,,no,,,,,,,,,,,,,,yes,8,9,,,,,,,,,,fair,"No distribution pipes.
Storage water tank.
",no,,32.4,8.2,1786,905,,Communal,yes,2000-07-25,,,no,,no,,,,,,Community_e,,Cleaning.,,Construction of animal water troughs.,,,,,,,,,,,,,,,,,
2022-04-13T07:54:17.945+03:00,2022-04-20T15:10:55.931+03:00,2022-04-13,borehole,2022-04-16,"Puntland Ministry of Energy, Minerals and Water",,Eng Mohamed Muse Abdi,sanaag,Ceerigaabo,Habarshiro,1.5,Kuwait Government,,2013-09-21,Habarshiro borehole,10.2496609 48.5115592 1089.7 4.88,10.2496609,48.5115592,1089.7,4.88,no,,,1,rural urban,TRUE,TRUE,http://classic.ona.io/api/v1/files/26233650?filename=faoso/attachments/553460_Water_Sources_Data_Form_Oct_2020/1649826241073.jpg,yes,,yes,,6000,1000,,4000,,160,pvc,8,115,12,16,,,,,,,,,,,,,,,,,,,,,,,Concrete/Masonry tank,31,PVC,,1,3,3,yes,15,10,Submersible Pump,Grunfos,,148,Hybrid - Solar/Generator,Perkins,45,,,,,no,,32.1,7.4,2590,1300,,Communal,no,,,,yes,0.03,yes,0.15,,0.1,"Xasan maxamed xirsi 7024152
Bile bare cali",7682282,CARE Somalia,,"1: Extension of pipe line to the village.
2: Construction of 1 animal troughs",2019-09-22,"1: Amergrncy replacement of main raising pipes and submersible pump.
2: Replacement of some broken distributions pipe lines
3: Construction of another animal water troughs.
4: Fencing
5: solar power storage.
6: Generator.
7: Construction of caretaker room.
8: Construction of another borehole due to water demand.",,,,,,,,,,,,,,,,,
2022-04-16T17:04:29.669+03:00,2022-04-25T16:08:16.011+03:00,2022-04-16,borehole,2022-04-18,"Puntland Ministry of Energy, Minerals and Water",,Team Bari and Sanaag,sanaag,Laasqoray,Af-Urur,4.5,Kuwait Government,,2014-01-01,Af-Urur borehole,,,,,,yes,10.838313,48.936999,1,rural urban,TRUE,TRUE,http://classic.ona.io/api/v1/files/26311639?filename=faoso/attachments/553460_Water_Sources_Data_Form_Oct_2020/1650891503373.jpg,yes,,yes,,1200,50,,2000,10,383,pvc,8,310,12,24,,,,,,,,,,,,,,,,,,,,,,,Concrete/Masonry tank,20,Galvanised Steel,300,,1,2,yes,10,8,Submersible Pump,Grundfos,,336,Hybrid - Solar/Generator,Perkins,40,JCNS-M36V390W,28,poor,"1:The pipes are rusted and leaking .
2:The water tank capacity and the current demand are not compatible.
3:Animal troughs are completely broken",no,,32.8,7.9,593,295,,Communal,,,,,yes,0.025,yes,0.1,,0.15,Maxamuud Jamac Cabdi,907711844,"Puntland Ministry of Energy, Minerals and Water",,"Solar system.

Submersible pump and main raising pipe replacement.",2021-01-01,"Storage room

Caretaker room.

Establishment of Town water supply system.

Higher capacity water tank storage because of the higher water deman.

Another tank for Agricultural use only.

Battery Storage for solar power system in order to be free of ever increasing price of the fuel.",,,why GPS coordinates are not captured?,,,,,,,,,,,,,,
2022-04-13T11:57:34.114+03:00,2022-04-20T15:02:01.229+03:00,2022-04-13,borehole,2022-04-19,"Puntland Ministry of Energy, Minerals and Water",,Eng mohamed muse abdi,sanaag,Ceerigaabo,Balibusle,5,,,,Balibusle borehole,10.0501626 48.586565 1023.1999999999999 5.0,10.0501626,48.586565,1023.2,5,no,,,1,urban rural,TRUE,TRUE,http://classic.ona.io/api/v1/files/26233562?filename=faoso/attachments/553460_Water_Sources_Data_Form_Oct_2020/1649840517694.jpg,yes,,yes,,10800,1500,,6000,,350,pvc,8,300,8,12,,,,,,,,,,,,,,,,,,,,,,,Concrete/Masonry tank,16,Galvanised Steel,,,,2,yes,7,9,Submersible Pump,,,,Generator,LTG185G1,30,,,fair,"The village has no water supply system.
No water kiosks in the village",no,,32.1,7.1,3930,1977,,Communal,no,,,,yes,0.04,yes,0.1,,,Xasan muse farax,7428828,Gumco company,,Replacement of distribution pipe line,2021-02-13,"1: Amergrncy replacement of main raising pipes and submersible pump
2: Generator 
3: Solar
4: Construction of another elevated water tank.
5: Construction of 2 animal water troughs.
6: Replacement of rusted distribution pipes.
7: Construction of caretaker room.
8: Construction of another borehole due to water demand",,,,,,,,,,,,,,,,,
2022-04-03T17:24:37.596+03:00,2022-04-19T20:19:16.444+03:00,2022-04-03,borehole,2022-04-19,"Puntland Ministry of Energy, Minerals and Water",,"Khadra
Mohamed
Barre",sool,Taleex,Xerta-Taleex,3,ACTED,,2020-04-03,Xerta-Taleex BH,9.1008438 48.4306257 512.4642944335938 4.288,9.1008438,48.4306257,512.4642944,4.288,no,,,1,rural urban,TRUE,TRUE,http://classic.ona.io/api/v1/files/26221023?filename=faoso/attachments/553460_Water_Sources_Data_Form_Oct_2020/1648996405585.jpg,yes,,yes,,750,800,,1050,0,80,pvc,8,,18,12,,0.4,,,,,,,,,,,,,,,,,,,,,Concrete/Masonry tank,20,PVC,2000,10,3,3,no,,,Submersible Pump,Lowara,7.5,65,Hybrid - Solar/Generator,Parkins ,30,JCNS-36V360W,10.8,good,,yes,Colorless and odorless ,35.1,7.4,3360,2251.3,,Utility/Local Authority,,,,,no,,no,,,,Sheekh muuse,,,,,,"1. Extension pipelines 
2. Rehabilitation of riser pipes 
3. Replacement of new generator 
4. Construction of generator room ",,,,,,,,,,,,,,,,,
